scale,unit,var,model,ssp,year,E_annual
corridor,NE_ASIA_LALB,wave,masnum,SSP1-2.6,2026,6.663436731874009
corridor,NE_ASIA_LALB,wave,masnum,SSP1-2.6,2027,6.129908383609855
corridor,NE_ASIA_LALB,wave,masnum,SSP1-2.6,2028,5.796696934608306
corridor,NE_ASIA_LALB,wave,masnum,SSP1-2.6,2029,7.61512990838278
corridor,NE_ASIA_LALB,wave,masnum,SSP1-2.6,2030,6.244926564689385
corridor,NE_ASIA_LALB,wave,masnum,SSP1-2.6,2031,8.391472159586272
corridor,NE_ASIA_LALB,wave,masnum,SSP1-2.6,2032,4.378735246916857
corridor,NE_ASIA_LALB,wave,masnum,SSP1-2.6,2033,3.168484774615219
corridor,NE_ASIA_LALB,wave,masnum,SSP1-2.6,2034,6.525504296421982
corridor,NE_ASIA_LALB,wave,masnum,SSP1-2.6,2035,7.232331850406451
corridor,NE_ASIA_LALB,wave,masnum,SSP1-2.6,2036,10.001970463362394
corridor,NE_ASIA_LALB,wave,masnum,SSP1-2.6,2037,8.417271009810728
corridor,NE_ASIA_LALB,wave,masnum,SSP1-2.6,2038,6.117516809879993
corridor,NE_ASIA_LALB,wave,masnum,SSP1-2.6,2039,7.528856115545528
corridor,NE_ASIA_LALB,wave,masnum,SSP1-2.6,2040,5.999695289169878
corridor,NE_ASIA_LALB,wave,masnum,SSP1-2.6,2041,9.57740670769988
corridor,NE_ASIA_LALB,wave,masnum,SSP1-2.6,2042,7.469681272471595
corridor,NE_ASIA_LALB,wave,masnum,SSP1-2.6,2043,5.883722347491535
corridor,NE_ASIA_LALB,wave,masnum,SSP1-2.6,2044,5.354033355678117
corridor,NE_ASIA_LALB,wave,masnum,SSP1-2.6,2045,4.82507566985532
corridor,NE_ASIA_LALB,wave,masnum,SSP1-2.6,2046,8.265301562149805
corridor,NE_ASIA_LALB,wave,masnum,SSP1-2.6,2047,7.792105958111412
corridor,NE_ASIA_LALB,wave,masnum,SSP1-2.6,2048,7.839254880450858
corridor,NE_ASIA_LALB,wave,masnum,SSP1-2.6,2049,6.24833932597892
corridor,NE_ASIA_LALB,wave,masnum,SSP1-2.6,2050,8.263838950168534
corridor,NE_ASIA_LALB,wave,masnum,SSP1-2.6,2051,5.312897393706046
corridor,NE_ASIA_LALB,wave,masnum,SSP1-2.6,2052,5.217583846262565
corridor,NE_ASIA_LALB,wave,masnum,SSP1-2.6,2053,8.163792227841489
corridor,NE_ASIA_LALB,wave,masnum,SSP1-2.6,2054,6.272086456618553
corridor,NE_ASIA_LALB,wave,masnum,SSP1-2.6,2055,6.188717573688527
corridor,NE_ASIA_LALB,wave,masnum,SSP1-2.6,2056,7.020070286630417
corridor,NE_ASIA_LALB,wave,masnum,SSP1-2.6,2057,7.251325492107078
corridor,NE_ASIA_LALB,wave,masnum,SSP1-2.6,2058,5.239543340036345
corridor,NE_ASIA_LALB,wave,masnum,SSP1-2.6,2059,7.963373758302419
corridor,NE_ASIA_LALB,wave,masnum,SSP1-2.6,2060,7.953094846323072
corridor,NE_ASIA_LALB,wave,masnum,SSP1-2.6,2061,6.066609787311085
corridor,NE_ASIA_LALB,wave,masnum,SSP1-2.6,2062,6.668819956527084
corridor,NE_ASIA_LALB,wave,masnum,SSP1-2.6,2063,7.673614073576596
corridor,NE_ASIA_LALB,wave,masnum,SSP1-2.6,2064,6.001868893086359
corridor,NE_ASIA_LALB,wave,masnum,SSP1-2.6,2065,6.390923680093453
corridor,NE_ASIA_LALB,wave,masnum,SSP1-2.6,2066,7.134458731995784
corridor,NE_ASIA_LALB,wave,masnum,SSP1-2.6,2067,5.562394620837491
corridor,NE_ASIA_LALB,wave,masnum,SSP1-2.6,2068,6.877404676294729
corridor,NE_ASIA_LALB,wave,masnum,SSP1-2.6,2069,8.911126008083933
corridor,NE_ASIA_LALB,wave,masnum,SSP1-2.6,2070,8.733215511811572
corridor,NE_ASIA_LALB,wave,masnum,SSP1-2.6,2071,5.036707497917203
corridor,NE_ASIA_LALB,wave,masnum,SSP1-2.6,2072,6.686168159748914
corridor,NE_ASIA_LALB,wave,masnum,SSP1-2.6,2073,7.634570459299748
corridor,NE_ASIA_LALB,wave,masnum,SSP1-2.6,2074,7.18315152253763
corridor,NE_ASIA_LALB,wave,masnum,SSP1-2.6,2075,7.817600097506485
corridor,NE_ASIA_LALB,wave,masnum,SSP1-2.6,2076,7.820119040363114
corridor,NE_ASIA_LALB,wave,masnum,SSP1-2.6,2077,7.8729558981850225
corridor,NE_ASIA_LALB,wave,masnum,SSP1-2.6,2078,5.878562577446546
corridor,NE_ASIA_LALB,wave,masnum,SSP1-2.6,2079,6.498263148271418
corridor,NE_ASIA_LALB,wave,masnum,SSP1-2.6,2080,6.94387226521943
corridor,NE_ASIA_LALB,wave,masnum,SSP1-2.6,2081,7.129502102503787
corridor,NE_ASIA_LALB,wave,masnum,SSP1-2.6,2082,6.482885408413287
corridor,NE_ASIA_LALB,wave,masnum,SSP1-2.6,2083,5.7202551445338425
corridor,NE_ASIA_LALB,wave,masnum,SSP1-2.6,2084,6.89822658297186
corridor,NE_ASIA_LALB,wave,masnum,SSP1-2.6,2085,7.779389359496866
corridor,NE_ASIA_LALB,wave,masnum,SSP1-2.6,2086,6.127673837527498
corridor,NE_ASIA_LALB,wave,masnum,SSP1-2.6,2087,5.039307696994936
corridor,NE_ASIA_LALB,wave,masnum,SSP1-2.6,2088,7.36603896235706
corridor,NE_ASIA_LALB,wave,masnum,SSP1-2.6,2089,8.193816401567286
corridor,NE_ASIA_LALB,wave,masnum,SSP1-2.6,2090,8.325187397159018
corridor,NE_ASIA_LALB,wave,masnum,SSP1-2.6,2091,8.679627033943618
corridor,NE_ASIA_LALB,wave,masnum,SSP1-2.6,2092,6.676945578645047
corridor,NE_ASIA_LALB,wave,masnum,SSP1-2.6,2093,10.84348020395176
corridor,NE_ASIA_LALB,wave,masnum,SSP1-2.6,2094,6.244337457085845
corridor,NE_ASIA_LALB,wave,masnum,SSP1-2.6,2095,8.831860564323405
corridor,NE_ASIA_LALB,wave,masnum,SSP1-2.6,2096,5.0167794096728935
corridor,NE_ASIA_LALB,wave,masnum,SSP1-2.6,2097,6.904381741726267
corridor,NE_ASIA_LALB,wave,masnum,SSP1-2.6,2098,7.484348020394388
corridor,NE_ASIA_LALB,wave,masnum,SSP1-2.6,2099,5.309200235642344
corridor,NE_ASIA_LALB,wave,masnum,SSP1-2.6,2100,5.7973063562671205
corridor,NE_ASIA_LALB,wave,masnum,SSP2-4.5,2026,5.422776118795861
corridor,NE_ASIA_LALB,wave,masnum,SSP2-4.5,2027,7.597212911612555
corridor,NE_ASIA_LALB,wave,masnum,SSP2-4.5,2028,6.625774473357259
corridor,NE_ASIA_LALB,wave,masnum,SSP2-4.5,2029,7.303857639099608
corridor,NE_ASIA_LALB,wave,masnum,SSP2-4.5,2030,3.782314583459876
corridor,NE_ASIA_LALB,wave,masnum,SSP2-4.5,2031,6.068803705282923
corridor,NE_ASIA_LALB,wave,masnum,SSP2-4.5,2032,8.403701220873664
corridor,NE_ASIA_LALB,wave,masnum,SSP2-4.5,2033,5.709813720112285
corridor,NE_ASIA_LALB,wave,masnum,SSP2-4.5,2034,6.73906595973675
corridor,NE_ASIA_LALB,wave,masnum,SSP2-4.5,2035,5.747252524020599
corridor,NE_ASIA_LALB,wave,masnum,SSP2-4.5,2036,7.196050947649809
corridor,NE_ASIA_LALB,wave,masnum,SSP2-4.5,2037,4.580189733275925
corridor,NE_ASIA_LALB,wave,masnum,SSP2-4.5,2038,4.298433786336278
corridor,NE_ASIA_LALB,wave,masnum,SSP2-4.5,2039,5.923822292643479
corridor,NE_ASIA_LALB,wave,masnum,SSP2-4.5,2040,6.256830601092165
corridor,NE_ASIA_LALB,wave,masnum,SSP2-4.5,2041,6.026164503219132
corridor,NE_ASIA_LALB,wave,masnum,SSP2-4.5,2042,5.941901801855961
corridor,NE_ASIA_LALB,wave,masnum,SSP2-4.5,2043,7.453389400125019
corridor,NE_ASIA_LALB,wave,masnum,SSP2-4.5,2044,8.193247608019043
corridor,NE_ASIA_LALB,wave,masnum,SSP2-4.5,2045,4.8040303085699545
corridor,NE_ASIA_LALB,wave,masnum,SSP2-4.5,2046,4.678164421962918
corridor,NE_ASIA_LALB,wave,masnum,SSP2-4.5,2047,6.182420216547096
corridor,NE_ASIA_LALB,wave,masnum,SSP2-4.5,2048,4.414691124788745
corridor,NE_ASIA_LALB,wave,masnum,SSP2-4.5,2049,5.746318077477044
corridor,NE_ASIA_LALB,wave,masnum,SSP2-4.5,2050,7.457005301967545
corridor,NE_ASIA_LALB,wave,masnum,SSP2-4.5,2051,6.038596705059441
corridor,NE_ASIA_LALB,wave,masnum,SSP2-4.5,2052,5.335791334023366
corridor,NE_ASIA_LALB,wave,masnum,SSP2-4.5,2053,5.774513986226333
corridor,NE_ASIA_LALB,wave,masnum,SSP2-4.5,2054,6.355313141161583
corridor,NE_ASIA_LALB,wave,masnum,SSP2-4.5,2055,6.376419444612885
corridor,NE_ASIA_LALB,wave,masnum,SSP2-4.5,2056,9.254778881507082
corridor,NE_ASIA_LALB,wave,masnum,SSP2-4.5,2057,4.868263351412283
corridor,NE_ASIA_LALB,wave,masnum,SSP2-4.5,2058,7.324699859832165
corridor,NE_ASIA_LALB,wave,masnum,SSP2-4.5,2059,5.959737542404813
corridor,NE_ASIA_LALB,wave,masnum,SSP2-4.5,2060,4.6282527881035405
corridor,NE_ASIA_LALB,wave,masnum,SSP2-4.5,2061,6.7897495276973885
corridor,NE_ASIA_LALB,wave,masnum,SSP2-4.5,2062,7.550551526600392
corridor,NE_ASIA_LALB,wave,masnum,SSP2-4.5,2063,6.174599305258496
corridor,NE_ASIA_LALB,wave,masnum,SSP2-4.5,2064,6.126333109877914
corridor,NE_ASIA_LALB,wave,masnum,SSP2-4.5,2065,4.429195360269234
corridor,NE_ASIA_LALB,wave,masnum,SSP2-4.5,2066,6.293659983341668
corridor,NE_ASIA_LALB,wave,masnum,SSP2-4.5,2067,6.429500071098364
corridor,NE_ASIA_LALB,wave,masnum,SSP2-4.5,2068,6.997399800921343
corridor,NE_ASIA_LALB,wave,masnum,SSP2-4.5,2069,6.097751234078137
corridor,NE_ASIA_LALB,wave,masnum,SSP2-4.5,2070,6.41113616511178
corridor,NE_ASIA_LALB,wave,masnum,SSP2-4.5,2071,6.986470839172757
corridor,NE_ASIA_LALB,wave,masnum,SSP2-4.5,2072,5.906392833200566
corridor,NE_ASIA_LALB,wave,masnum,SSP2-4.5,2073,7.128973937066207
corridor,NE_ASIA_LALB,wave,masnum,SSP2-4.5,2074,8.538302151257383
corridor,NE_ASIA_LALB,wave,masnum,SSP2-4.5,2075,6.381762041155502
corridor,NE_ASIA_LALB,wave,masnum,SSP2-4.5,2076,9.33284579600511
corridor,NE_ASIA_LALB,wave,masnum,SSP2-4.5,2077,5.781969244519559
corridor,NE_ASIA_LALB,wave,masnum,SSP2-4.5,2078,4.939525057386582
corridor,NE_ASIA_LALB,wave,masnum,SSP2-4.5,2079,11.25026916123131
corridor,NE_ASIA_LALB,wave,masnum,SSP2-4.5,2080,6.588132528895987
corridor,NE_ASIA_LALB,wave,masnum,SSP2-4.5,2081,4.263595181505536
corridor,NE_ASIA_LALB,wave,masnum,SSP2-4.5,2082,4.9368436020876905
corridor,NE_ASIA_LALB,wave,masnum,SSP2-4.5,2083,7.248014301094052
corridor,NE_ASIA_LALB,wave,masnum,SSP2-4.5,2084,5.9104353302042245
corridor,NE_ASIA_LALB,wave,masnum,SSP2-4.5,2085,5.841265971925227
corridor,NE_ASIA_LALB,wave,masnum,SSP2-4.5,2086,6.944502000933518
corridor,NE_ASIA_LALB,wave,masnum,SSP2-4.5,2087,5.50285412476826
corridor,NE_ASIA_LALB,wave,masnum,SSP2-4.5,2088,4.858532918925988
corridor,NE_ASIA_LALB,wave,masnum,SSP2-4.5,2089,5.71239360513472
corridor,NE_ASIA_LALB,wave,masnum,SSP2-4.5,2090,6.469782842748128
corridor,NE_ASIA_LALB,wave,masnum,SSP2-4.5,2091,6.937310825359164
corridor,NE_ASIA_LALB,wave,masnum,SSP2-4.5,2092,6.274463201088055
corridor,NE_ASIA_LALB,wave,masnum,SSP2-4.5,2093,4.9111056940291
corridor,NE_ASIA_LALB,wave,masnum,SSP2-4.5,2094,4.00270176935369
corridor,NE_ASIA_LALB,wave,masnum,SSP2-4.5,2095,6.050703882015228
corridor,NE_ASIA_LALB,wave,masnum,SSP2-4.5,2096,5.829321307411923
corridor,NE_ASIA_LALB,wave,masnum,SSP2-4.5,2097,8.659028581874725
corridor,NE_ASIA_LALB,wave,masnum,SSP2-4.5,2098,6.447193613260277
corridor,NE_ASIA_LALB,wave,masnum,SSP2-4.5,2099,6.147987892822271
corridor,NE_ASIA_LALB,wave,masnum,SSP2-4.5,2100,7.785524204195836
corridor,NE_ASIA_LALB,wave,masnum,SSP5-8.5,2026,4.468137404269492
corridor,NE_ASIA_LALB,wave,masnum,SSP5-8.5,2027,4.738090885082851
corridor,NE_ASIA_LALB,wave,masnum,SSP5-8.5,2028,7.154203993742513
corridor,NE_ASIA_LALB,wave,masnum,SSP5-8.5,2029,8.8079306071861
corridor,NE_ASIA_LALB,wave,masnum,SSP5-8.5,2030,4.922501879049423
corridor,NE_ASIA_LALB,wave,masnum,SSP5-8.5,2031,7.127856664024925
corridor,NE_ASIA_LALB,wave,masnum,SSP5-8.5,2032,7.584902594103904
corridor,NE_ASIA_LALB,wave,masnum,SSP5-8.5,2033,7.832795010867056
corridor,NE_ASIA_LALB,wave,masnum,SSP5-8.5,2034,6.287281369979116
corridor,NE_ASIA_LALB,wave,masnum,SSP5-8.5,2035,4.811851219858383
corridor,NE_ASIA_LALB,wave,masnum,SSP5-8.5,2036,6.177362016778654
corridor,NE_ASIA_LALB,wave,masnum,SSP5-8.5,2037,6.084181445141146
corridor,NE_ASIA_LALB,wave,masnum,SSP5-8.5,2038,6.579092774289672
corridor,NE_ASIA_LALB,wave,masnum,SSP5-8.5,2039,5.020517195847141
corridor,NE_ASIA_LALB,wave,masnum,SSP5-8.5,2040,7.885550612467699
corridor,NE_ASIA_LALB,wave,masnum,SSP5-8.5,2041,7.346679667661085
corridor,NE_ASIA_LALB,wave,masnum,SSP5-8.5,2042,5.276921201778825
corridor,NE_ASIA_LALB,wave,masnum,SSP5-8.5,2043,7.182338960325667
corridor,NE_ASIA_LALB,wave,masnum,SSP5-8.5,2044,6.1416295935150185
corridor,NE_ASIA_LALB,wave,masnum,SSP5-8.5,2045,7.407865602209236
corridor,NE_ASIA_LALB,wave,masnum,SSP5-8.5,2046,5.530135901029268
corridor,NE_ASIA_LALB,wave,masnum,SSP5-8.5,2047,6.328620472504248
corridor,NE_ASIA_LALB,wave,masnum,SSP5-8.5,2048,7.578341154243619
corridor,NE_ASIA_LALB,wave,masnum,SSP5-8.5,2049,6.274483515143368
corridor,NE_ASIA_LALB,wave,masnum,SSP5-8.5,2050,5.945741158306551
corridor,NE_ASIA_LALB,wave,masnum,SSP5-8.5,2051,6.705202429560167
corridor,NE_ASIA_LALB,wave,masnum,SSP5-8.5,2052,6.460600889754708
corridor,NE_ASIA_LALB,wave,masnum,SSP5-8.5,2053,4.296768033802062
corridor,NE_ASIA_LALB,wave,masnum,SSP5-8.5,2054,6.650516992706459
corridor,NE_ASIA_LALB,wave,masnum,SSP5-8.5,2055,6.476689621548465
corridor,NE_ASIA_LALB,wave,masnum,SSP5-8.5,2056,5.612407824973438
corridor,NE_ASIA_LALB,wave,masnum,SSP5-8.5,2057,4.753570195217551
corridor,NE_ASIA_LALB,wave,masnum,SSP5-8.5,2058,5.528998313932732
corridor,NE_ASIA_LALB,wave,masnum,SSP5-8.5,2059,4.287545452698184
corridor,NE_ASIA_LALB,wave,masnum,SSP5-8.5,2060,4.512584557254577
corridor,NE_ASIA_LALB,wave,masnum,SSP5-8.5,2061,8.182826497652794
corridor,NE_ASIA_LALB,wave,masnum,SSP5-8.5,2062,5.676539297539209
corridor,NE_ASIA_LALB,wave,masnum,SSP5-8.5,2063,5.115546346516507
corridor,NE_ASIA_LALB,wave,masnum,SSP5-8.5,2064,4.310256566517789
corridor,NE_ASIA_LALB,wave,masnum,SSP5-8.5,2065,5.760456659962303
corridor,NE_ASIA_LALB,wave,masnum,SSP5-8.5,2066,5.928352326974332
corridor,NE_ASIA_LALB,wave,masnum,SSP5-8.5,2067,7.80744306985914
corridor,NE_ASIA_LALB,wave,masnum,SSP5-8.5,2068,5.993966725576749
corridor,NE_ASIA_LALB,wave,masnum,SSP5-8.5,2069,3.9659536433253706
corridor,NE_ASIA_LALB,wave,masnum,SSP5-8.5,2070,6.070144432932441
corridor,NE_ASIA_LALB,wave,masnum,SSP5-8.5,2071,4.099274788225493
corridor,NE_ASIA_LALB,wave,masnum,SSP5-8.5,2072,3.649237207223208
corridor,NE_ASIA_LALB,wave,masnum,SSP5-8.5,2073,4.16685965019147
corridor,NE_ASIA_LALB,wave,masnum,SSP5-8.5,2074,5.236719686350377
corridor,NE_ASIA_LALB,wave,masnum,SSP5-8.5,2075,6.015560566355111
corridor,NE_ASIA_LALB,wave,masnum,SSP5-8.5,2076,5.187153391430955
corridor,NE_ASIA_LALB,wave,masnum,SSP5-8.5,2077,4.258130700631169
corridor,NE_ASIA_LALB,wave,masnum,SSP5-8.5,2078,7.339772888860909
corridor,NE_ASIA_LALB,wave,masnum,SSP5-8.5,2079,5.750705913420783
corridor,NE_ASIA_LALB,wave,masnum,SSP5-8.5,2080,7.353180165355513
corridor,NE_ASIA_LALB,wave,masnum,SSP5-8.5,2081,4.979584374428092
corridor,NE_ASIA_LALB,wave,masnum,SSP5-8.5,2082,5.537591159322483
corridor,NE_ASIA_LALB,wave,masnum,SSP5-8.5,2083,6.403071485159786
corridor,NE_ASIA_LALB,wave,masnum,SSP5-8.5,2084,4.426087309809114
corridor,NE_ASIA_LALB,wave,masnum,SSP5-8.5,2085,6.380096288621326
corridor,NE_ASIA_LALB,wave,masnum,SSP5-8.5,2086,4.735815710889815
corridor,NE_ASIA_LALB,wave,masnum,SSP5-8.5,2087,6.596705060230304
corridor,NE_ASIA_LALB,wave,masnum,SSP5-8.5,2088,4.710646596379452
corridor,NE_ASIA_LALB,wave,masnum,SSP5-8.5,2089,4.542019623376898
corridor,NE_ASIA_LALB,wave,masnum,SSP5-8.5,2090,5.188859772075581
corridor,NE_ASIA_LALB,wave,masnum,SSP5-8.5,2091,5.385418571108617
corridor,NE_ASIA_LALB,wave,masnum,SSP5-8.5,2092,4.85038698275275
corridor,NE_ASIA_LALB,wave,masnum,SSP5-8.5,2093,3.906352205090255
corridor,NE_ASIA_LALB,wave,masnum,SSP5-8.5,2094,4.317854023198169
corridor,NE_ASIA_LALB,wave,masnum,SSP5-8.5,2095,4.237999471834047
corridor,NE_ASIA_LALB,wave,masnum,SSP5-8.5,2096,4.009141324882191
corridor,NE_ASIA_LALB,wave,masnum,SSP5-8.5,2097,5.441972901049513
corridor,NE_ASIA_LALB,wave,masnum,SSP5-8.5,2098,5.920693928128192
corridor,NE_ASIA_LALB,wave,masnum,SSP5-8.5,2099,3.1302334084950023
corridor,NE_ASIA_LALB,wave,masnum,SSP5-8.5,2100,4.277043086110748
corridor,NE_ASIA_LALB,wind,access_cm2,SSP1-2.6,2015,1.3959615658072222
corridor,NE_ASIA_LALB,wind,access_cm2,SSP1-2.6,2016,1.4868872773069752
corridor,NE_ASIA_LALB,wind,access_cm2,SSP1-2.6,2017,1.6382269892536816
corridor,NE_ASIA_LALB,wind,access_cm2,SSP1-2.6,2018,1.5372864484935371
corridor,NE_ASIA_LALB,wind,access_cm2,SSP1-2.6,2019,1.2603043045481583
corridor,NE_ASIA_LALB,wind,access_cm2,SSP1-2.6,2020,1.9205314156862776
corridor,NE_ASIA_LALB,wind,access_cm2,SSP1-2.6,2021,1.8848193064779368
corridor,NE_ASIA_LALB,wind,access_cm2,SSP1-2.6,2022,1.7183456233365848
corridor,NE_ASIA_LALB,wind,access_cm2,SSP1-2.6,2023,1.301196497856708
corridor,NE_ASIA_LALB,wind,access_cm2,SSP1-2.6,2024,1.3065594084545618
corridor,NE_ASIA_LALB,wind,access_cm2,SSP1-2.6,2025,1.727202551445152
corridor,NE_ASIA_LALB,wind,access_cm2,SSP1-2.6,2026,1.7291730148087725
corridor,NE_ASIA_LALB,wind,access_cm2,SSP1-2.6,2027,1.2637576939483093
corridor,NE_ASIA_LALB,wind,access_cm2,SSP1-2.6,2028,1.4028074024416064
corridor,NE_ASIA_LALB,wind,access_cm2,SSP1-2.6,2029,2.3142381213559373
corridor,NE_ASIA_LALB,wind,access_cm2,SSP1-2.6,2030,1.661385012289807
corridor,NE_ASIA_LALB,wind,access_cm2,SSP1-2.6,2031,1.2645296280495175
corridor,NE_ASIA_LALB,wind,access_cm2,SSP1-2.6,2032,1.3908017957623553
corridor,NE_ASIA_LALB,wind,access_cm2,SSP1-2.6,2033,1.185995490279594
corridor,NE_ASIA_LALB,wind,access_cm2,SSP1-2.6,2034,1.410831454283061
corridor,NE_ASIA_LALB,wind,access_cm2,SSP1-2.6,2035,1.591707802628452
corridor,NE_ASIA_LALB,wind,access_cm2,SSP1-2.6,2036,2.005444166818797
corridor,NE_ASIA_LALB,wind,access_cm2,SSP1-2.6,2037,1.8024864403678804
corridor,NE_ASIA_LALB,wind,access_cm2,SSP1-2.6,2038,0.834481077457385
corridor,NE_ASIA_LALB,wind,access_cm2,SSP1-2.6,2039,1.5406585816724856
corridor,NE_ASIA_LALB,wind,access_cm2,SSP1-2.6,2040,1.7694964145690308
corridor,NE_ASIA_LALB,wind,access_cm2,SSP1-2.6,2041,1.9216690027828136
corridor,NE_ASIA_LALB,wind,access_cm2,SSP1-2.6,2042,1.370000203140406
corridor,NE_ASIA_LALB,wind,access_cm2,SSP1-2.6,2043,1.898937574907888
corridor,NE_ASIA_LALB,wind,access_cm2,SSP1-2.6,2044,1.1570885895950105
corridor,NE_ASIA_LALB,wind,access_cm2,SSP1-2.6,2045,1.9818392345661828
corridor,NE_ASIA_LALB,wind,access_cm2,SSP1-2.6,2046,1.458000690677738
corridor,NE_ASIA_LALB,wind,access_cm2,SSP1-2.6,2047,1.7232209966073713
corridor,NE_ASIA_LALB,wind,access_cm2,SSP1-2.6,2048,1.398196111889638
corridor,NE_ASIA_LALB,wind,access_cm2,SSP1-2.6,2049,1.1827452414323805
corridor,NE_ASIA_LALB,wind,access_cm2,SSP1-2.6,2050,1.3609401344788896
corridor,NE_ASIA_LALB,wind,access_cm2,SSP1-2.6,2051,2.093424340300755
corridor,NE_ASIA_LALB,wind,access_cm2,SSP1-2.6,2052,1.2372478517885086
corridor,NE_ASIA_LALB,wind,access_cm2,SSP1-2.6,2053,1.6500497694353014
corridor,NE_ASIA_LALB,wind,access_cm2,SSP1-2.6,2054,1.401365104515658
corridor,NE_ASIA_LALB,wind,access_cm2,SSP1-2.6,2055,1.4499156966703342
corridor,NE_ASIA_LALB,wind,access_cm2,SSP1-2.6,2056,2.468157718325049
corridor,NE_ASIA_LALB,wind,access_cm2,SSP1-2.6,2057,1.3226278261928075
corridor,NE_ASIA_LALB,wind,access_cm2,SSP1-2.6,2058,1.5173380461940176
corridor,NE_ASIA_LALB,wind,access_cm2,SSP1-2.6,2059,1.1849594734595472
corridor,NE_ASIA_LALB,wind,access_cm2,SSP1-2.6,2060,1.992524427651285
corridor,NE_ASIA_LALB,wind,access_cm2,SSP1-2.6,2061,2.054847949295856
corridor,NE_ASIA_LALB,wind,access_cm2,SSP1-2.6,2062,1.6381660470877872
corridor,NE_ASIA_LALB,wind,access_cm2,SSP1-2.6,2063,1.656062729802524
corridor,NE_ASIA_LALB,wind,access_cm2,SSP1-2.6,2064,1.5242448249942373
corridor,NE_ASIA_LALB,wind,access_cm2,SSP1-2.6,2065,1.664635261136977
corridor,NE_ASIA_LALB,wind,access_cm2,SSP1-2.6,2066,1.6103764194444374
corridor,NE_ASIA_LALB,wind,access_cm2,SSP1-2.6,2067,1.6267292339567625
corridor,NE_ASIA_LALB,wind,access_cm2,SSP1-2.6,2068,1.7792877892211632
corridor,NE_ASIA_LALB,wind,access_cm2,SSP1-2.6,2069,1.7133686797893597
corridor,NE_ASIA_LALB,wind,access_cm2,SSP1-2.6,2070,1.478944481686705
corridor,NE_ASIA_LALB,wind,access_cm2,SSP1-2.6,2071,1.6298982265827844
corridor,NE_ASIA_LALB,wind,access_cm2,SSP1-2.6,2072,1.5659698945698546
corridor,NE_ASIA_LALB,wind,access_cm2,SSP1-2.6,2073,1.7259837081274667
corridor,NE_ASIA_LALB,wind,access_cm2,SSP1-2.6,2074,1.6717654945454647
corridor,NE_ASIA_LALB,wind,access_cm2,SSP1-2.6,2075,2.0535681638123373
corridor,NE_ASIA_LALB,wind,access_cm2,SSP1-2.6,2076,1.7580392873827324
corridor,NE_ASIA_LALB,wind,access_cm2,SSP1-2.6,2077,1.5872183964082776
corridor,NE_ASIA_LALB,wind,access_cm2,SSP1-2.6,2078,1.5775895341985025
corridor,NE_ASIA_LALB,wind,access_cm2,SSP1-2.6,2079,1.7512747069695551
corridor,NE_ASIA_LALB,wind,access_cm2,SSP1-2.6,2080,1.412639405204314
corridor,NE_ASIA_LALB,wind,access_cm2,SSP1-2.6,2081,1.3950677473742443
corridor,NE_ASIA_LALB,wind,access_cm2,SSP1-2.6,2082,1.4813212261562332
corridor,NE_ASIA_LALB,wind,access_cm2,SSP1-2.6,2083,1.9403985617646704
corridor,NE_ASIA_LALB,wind,access_cm2,SSP1-2.6,2084,1.6645743189711113
corridor,NE_ASIA_LALB,wind,access_cm2,SSP1-2.6,2085,1.4598086415989306
corridor,NE_ASIA_LALB,wind,access_cm2,SSP1-2.6,2086,1.9217908871145868
corridor,NE_ASIA_LALB,wind,access_cm2,SSP1-2.6,2087,1.4566193349176677
corridor,NE_ASIA_LALB,wind,access_cm2,SSP1-2.6,2088,1.2153289861253649
corridor,NE_ASIA_LALB,wind,access_cm2,SSP1-2.6,2089,1.6353220793465049
corridor,NE_ASIA_LALB,wind,access_cm2,SSP1-2.6,2090,1.4072968086617328
corridor,NE_ASIA_LALB,wind,access_cm2,SSP1-2.6,2091,1.8784406931153357
corridor,NE_ASIA_LALB,wind,access_cm2,SSP1-2.6,2092,2.40859690820053
corridor,NE_ASIA_LALB,wind,access_cm2,SSP1-2.6,2093,1.862006622381826
corridor,NE_ASIA_LALB,wind,access_cm2,SSP1-2.6,2094,1.7769516728622257
corridor,NE_ASIA_LALB,wind,access_cm2,SSP1-2.6,2095,2.623763381883694
corridor,NE_ASIA_LALB,wind,access_cm2,SSP1-2.6,2096,1.827188331606444
corridor,NE_ASIA_LALB,wind,access_cm2,SSP1-2.6,2097,1.8471367339059757
corridor,NE_ASIA_LALB,wind,access_cm2,SSP1-2.6,2098,1.50110711601338
corridor,NE_ASIA_LALB,wind,access_cm2,SSP1-2.6,2099,1.503626058869975
corridor,NE_ASIA_LALB,wind,access_cm2,SSP1-2.6,2100,1.293659983342308
corridor,NE_ASIA_LALB,wind,access_cm2,SSP2-4.5,2015,1.554086172222387
corridor,NE_ASIA_LALB,wind,access_cm2,SSP2-4.5,2016,1.3886078777904671
corridor,NE_ASIA_LALB,wind,access_cm2,SSP2-4.5,2017,1.4443496455195857
corridor,NE_ASIA_LALB,wind,access_cm2,SSP2-4.5,2018,1.5175411867469366
corridor,NE_ASIA_LALB,wind,access_cm2,SSP2-4.5,2019,1.7161313913094625
corridor,NE_ASIA_LALB,wind,access_cm2,SSP2-4.5,2020,1.869014971458524
corridor,NE_ASIA_LALB,wind,access_cm2,SSP2-4.5,2021,2.005403538708223
corridor,NE_ASIA_LALB,wind,access_cm2,SSP2-4.5,2022,1.3117598066100535
corridor,NE_ASIA_LALB,wind,access_cm2,SSP2-4.5,2023,1.288073618136261
corridor,NE_ASIA_LALB,wind,access_cm2,SSP2-4.5,2024,1.1300302679422614
corridor,NE_ASIA_LALB,wind,access_cm2,SSP2-4.5,2025,1.3649013752613834
corridor,NE_ASIA_LALB,wind,access_cm2,SSP2-4.5,2026,1.0424360615108466
corridor,NE_ASIA_LALB,wind,access_cm2,SSP2-4.5,2027,1.7401629187233183
corridor,NE_ASIA_LALB,wind,access_cm2,SSP2-4.5,2028,0.9167936295121506
corridor,NE_ASIA_LALB,wind,access_cm2,SSP2-4.5,2029,1.6881792512237412
corridor,NE_ASIA_LALB,wind,access_cm2,SSP2-4.5,2030,1.481707193206828
corridor,NE_ASIA_LALB,wind,access_cm2,SSP2-4.5,2031,1.3017246632943489
corridor,NE_ASIA_LALB,wind,access_cm2,SSP2-4.5,2032,1.5147581611715568
corridor,NE_ASIA_LALB,wind,access_cm2,SSP2-4.5,2033,1.6169175452493896
corridor,NE_ASIA_LALB,wind,access_cm2,SSP2-4.5,2034,1.8668616815972587
corridor,NE_ASIA_LALB,wind,access_cm2,SSP2-4.5,2035,2.57206411115824
corridor,NE_ASIA_LALB,wind,access_cm2,SSP2-4.5,2036,1.7307778251770702
corridor,NE_ASIA_LALB,wind,access_cm2,SSP2-4.5,2037,1.1538992829137145
corridor,NE_ASIA_LALB,wind,access_cm2,SSP2-4.5,2038,1.9493976882602877
corridor,NE_ASIA_LALB,wind,access_cm2,SSP2-4.5,2039,1.747943201901188
corridor,NE_ASIA_LALB,wind,access_cm2,SSP2-4.5,2040,1.4338879070427188
corridor,NE_ASIA_LALB,wind,access_cm2,SSP2-4.5,2041,1.2488471773618752
corridor,NE_ASIA_LALB,wind,access_cm2,SSP2-4.5,2042,0.9867958640582232
corridor,NE_ASIA_LALB,wind,access_cm2,SSP2-4.5,2043,1.6786925874010037
corridor,NE_ASIA_LALB,wind,access_cm2,SSP2-4.5,2044,1.5495561378916634
corridor,NE_ASIA_LALB,wind,access_cm2,SSP2-4.5,2045,1.1466268511181503
corridor,NE_ASIA_LALB,wind,access_cm2,SSP2-4.5,2046,1.409897007739502
corridor,NE_ASIA_LALB,wind,access_cm2,SSP2-4.5,2047,1.6410506429396623
corridor,NE_ASIA_LALB,wind,access_cm2,SSP2-4.5,2048,1.7659414548924643
corridor,NE_ASIA_LALB,wind,access_cm2,SSP2-4.5,2049,1.3897251508317028
corridor,NE_ASIA_LALB,wind,access_cm2,SSP2-4.5,2050,0.8894305970299952
corridor,NE_ASIA_LALB,wind,access_cm2,SSP2-4.5,2051,2.175208726917929
corridor,NE_ASIA_LALB,wind,access_cm2,SSP2-4.5,2052,1.9915696670524232
corridor,NE_ASIA_LALB,wind,access_cm2,SSP2-4.5,2053,1.9800719117555456
corridor,NE_ASIA_LALB,wind,access_cm2,SSP2-4.5,2054,1.6249619111461548
corridor,NE_ASIA_LALB,wind,access_cm2,SSP2-4.5,2055,1.7051211733396727
corridor,NE_ASIA_LALB,wind,access_cm2,SSP2-4.5,2056,1.707274463200919
corridor,NE_ASIA_LALB,wind,access_cm2,SSP2-4.5,2057,1.0967964734798907
corridor,NE_ASIA_LALB,wind,access_cm2,SSP2-4.5,2058,1.6442196355656518
corridor,NE_ASIA_LALB,wind,access_cm2,SSP2-4.5,2059,1.642289800312663
corridor,NE_ASIA_LALB,wind,access_cm2,SSP2-4.5,2060,1.427123326629531
corridor,NE_ASIA_LALB,wind,access_cm2,SSP2-4.5,2061,1.2860218985514569
corridor,NE_ASIA_LALB,wind,access_cm2,SSP2-4.5,2062,1.8881711256015952
corridor,NE_ASIA_LALB,wind,access_cm2,SSP2-4.5,2063,1.7529201454484615
corridor,NE_ASIA_LALB,wind,access_cm2,SSP2-4.5,2064,1.738436224023198
corridor,NE_ASIA_LALB,wind,access_cm2,SSP2-4.5,2065,1.1149572389134714
corridor,NE_ASIA_LALB,wind,access_cm2,SSP2-4.5,2066,2.434334816259139
corridor,NE_ASIA_LALB,wind,access_cm2,SSP2-4.5,2067,1.231864627135398
corridor,NE_ASIA_LALB,wind,access_cm2,SSP2-4.5,2068,1.306437524122816
corridor,NE_ASIA_LALB,wind,access_cm2,SSP2-4.5,2069,1.1602372681656776
corridor,NE_ASIA_LALB,wind,access_cm2,SSP2-4.5,2070,1.9704024214351683
corridor,NE_ASIA_LALB,wind,access_cm2,SSP2-4.5,2071,1.3716862697298575
corridor,NE_ASIA_LALB,wind,access_cm2,SSP2-4.5,2072,1.515225384443329
corridor,NE_ASIA_LALB,wind,access_cm2,SSP2-4.5,2073,1.6854571678141732
corridor,NE_ASIA_LALB,wind,access_cm2,SSP2-4.5,2074,1.358664960285852
corridor,NE_ASIA_LALB,wind,access_cm2,SSP2-4.5,2075,1.3222012310315812
corridor,NE_ASIA_LALB,wind,access_cm2,SSP2-4.5,2076,1.378247709590099
corridor,NE_ASIA_LALB,wind,access_cm2,SSP2-4.5,2077,1.4153208605031833
corridor,NE_ASIA_LALB,wind,access_cm2,SSP2-4.5,2078,1.3221809169763006
corridor,NE_ASIA_LALB,wind,access_cm2,SSP2-4.5,2079,1.7189956731060043
corridor,NE_ASIA_LALB,wind,access_cm2,SSP2-4.5,2080,2.1846344485747773
corridor,NE_ASIA_LALB,wind,access_cm2,SSP2-4.5,2081,1.466024742519187
corridor,NE_ASIA_LALB,wind,access_cm2,SSP2-4.5,2082,1.809738558108159
corridor,NE_ASIA_LALB,wind,access_cm2,SSP2-4.5,2083,2.098848193064568
corridor,NE_ASIA_LALB,wind,access_cm2,SSP2-4.5,2084,1.787921262721503
corridor,NE_ASIA_LALB,wind,access_cm2,SSP2-4.5,2085,1.3315456964672383
corridor,NE_ASIA_LALB,wind,access_cm2,SSP2-4.5,2086,1.3461515022242423
corridor,NE_ASIA_LALB,wind,access_cm2,SSP2-4.5,2087,1.891035407398173
corridor,NE_ASIA_LALB,wind,access_cm2,SSP2-4.5,2088,1.0862331647265455
corridor,NE_ASIA_LALB,wind,access_cm2,SSP2-4.5,2089,2.0741463018259774
corridor,NE_ASIA_LALB,wind,access_cm2,SSP2-4.5,2090,1.8461007170859451
corridor,NE_ASIA_LALB,wind,access_cm2,SSP2-4.5,2091,1.2662360086942392
corridor,NE_ASIA_LALB,wind,access_cm2,SSP2-4.5,2092,1.8758811221481972
corridor,NE_ASIA_LALB,wind,access_cm2,SSP2-4.5,2093,1.2643468015518349
corridor,NE_ASIA_LALB,wind,access_cm2,SSP2-4.5,2094,1.9138277774389816
corridor,NE_ASIA_LALB,wind,access_cm2,SSP2-4.5,2095,1.57245007820891
corridor,NE_ASIA_LALB,wind,access_cm2,SSP2-4.5,2096,1.5897576533201447
corridor,NE_ASIA_LALB,wind,access_cm2,SSP2-4.5,2097,2.0852784041276
corridor,NE_ASIA_LALB,wind,access_cm2,SSP2-4.5,2098,1.4732565462041434
corridor,NE_ASIA_LALB,wind,access_cm2,SSP2-4.5,2099,1.750340260425988
corridor,NE_ASIA_LALB,wind,access_cm2,SSP2-4.5,2100,1.360757307981236
corridor,NE_ASIA_LALB,wind,access_cm2,SSP5-8.5,2015,1.2674751660672592
corridor,NE_ASIA_LALB,wind,access_cm2,SSP5-8.5,2016,1.340341682409883
corridor,NE_ASIA_LALB,wind,access_cm2,SSP5-8.5,2017,1.7426209194139664
corridor,NE_ASIA_LALB,wind,access_cm2,SSP5-8.5,2018,1.266926686574307
corridor,NE_ASIA_LALB,wind,access_cm2,SSP5-8.5,2019,1.3532411075221589
corridor,NE_ASIA_LALB,wind,access_cm2,SSP5-8.5,2020,1.697259633940521
corridor,NE_ASIA_LALB,wind,access_cm2,SSP5-8.5,2021,1.134458731996532
corridor,NE_ASIA_LALB,wind,access_cm2,SSP5-8.5,2022,1.3434091047594254
corridor,NE_ASIA_LALB,wind,access_cm2,SSP5-8.5,2023,0.8148373859872553
corridor,NE_ASIA_LALB,wind,access_cm2,SSP5-8.5,2024,1.5732829544760376
corridor,NE_ASIA_LALB,wind,access_cm2,SSP5-8.5,2025,1.6083653279702412
corridor,NE_ASIA_LALB,wind,access_cm2,SSP5-8.5,2026,1.4130863144207635
corridor,NE_ASIA_LALB,wind,access_cm2,SSP5-8.5,2027,1.3628090275660152
corridor,NE_ASIA_LALB,wind,access_cm2,SSP5-8.5,2028,1.7908668007392277
corridor,NE_ASIA_LALB,wind,access_cm2,SSP5-8.5,2029,1.6673979726571089
corridor,NE_ASIA_LALB,wind,access_cm2,SSP5-8.5,2030,1.3920815812459395
corridor,NE_ASIA_LALB,wind,access_cm2,SSP5-8.5,2031,2.051374245840454
corridor,NE_ASIA_LALB,wind,access_cm2,SSP5-8.5,2032,2.167509699961186
corridor,NE_ASIA_LALB,wind,access_cm2,SSP5-8.5,2033,1.5704796148453288
corridor,NE_ASIA_LALB,wind,access_cm2,SSP5-8.5,2034,1.6672964023806238
corridor,NE_ASIA_LALB,wind,access_cm2,SSP5-8.5,2035,1.4546285574987357
corridor,NE_ASIA_LALB,wind,access_cm2,SSP5-8.5,2036,1.650720133260026
corridor,NE_ASIA_LALB,wind,access_cm2,SSP5-8.5,2037,1.857171877221604
corridor,NE_ASIA_LALB,wind,access_cm2,SSP5-8.5,2038,1.9553090783511025
corridor,NE_ASIA_LALB,wind,access_cm2,SSP5-8.5,2039,1.58782781806717
corridor,NE_ASIA_LALB,wind,access_cm2,SSP5-8.5,2040,1.3028216222802895
corridor,NE_ASIA_LALB,wind,access_cm2,SSP5-8.5,2041,1.3784508501430763
corridor,NE_ASIA_LALB,wind,access_cm2,SSP5-8.5,2042,1.26349361122949
corridor,NE_ASIA_LALB,wind,access_cm2,SSP5-8.5,2043,1.0288662725738684
corridor,NE_ASIA_LALB,wind,access_cm2,SSP5-8.5,2044,1.5199991874376415
corridor,NE_ASIA_LALB,wind,access_cm2,SSP5-8.5,2045,0.8638755154690612
corridor,NE_ASIA_LALB,wind,access_cm2,SSP5-8.5,2046,1.701789668271292
corridor,NE_ASIA_LALB,wind,access_cm2,SSP5-8.5,2047,1.0633392244092517
corridor,NE_ASIA_LALB,wind,access_cm2,SSP5-8.5,2048,1.6777987689680494
corridor,NE_ASIA_LALB,wind,access_cm2,SSP5-8.5,2049,1.2217685416538124
corridor,NE_ASIA_LALB,wind,access_cm2,SSP5-8.5,2050,1.8230848924368812
corridor,NE_ASIA_LALB,wind,access_cm2,SSP5-8.5,2051,1.4457513153349255
corridor,NE_ASIA_LALB,wind,access_cm2,SSP5-8.5,2052,1.5789708899585884
corridor,NE_ASIA_LALB,wind,access_cm2,SSP5-8.5,2053,1.8778922136223808
corridor,NE_ASIA_LALB,wind,access_cm2,SSP5-8.5,2054,1.5496373941127934
corridor,NE_ASIA_LALB,wind,access_cm2,SSP5-8.5,2055,1.414041075019667
corridor,NE_ASIA_LALB,wind,access_cm2,SSP5-8.5,2056,1.9815142096814715
corridor,NE_ASIA_LALB,wind,access_cm2,SSP5-8.5,2057,1.215227415848885
corridor,NE_ASIA_LALB,wind,access_cm2,SSP5-8.5,2058,1.235927438194326
corridor,NE_ASIA_LALB,wind,access_cm2,SSP5-8.5,2059,1.555203445263618
corridor,NE_ASIA_LALB,wind,access_cm2,SSP5-8.5,2060,1.1924350458080626
corridor,NE_ASIA_LALB,wind,access_cm2,SSP5-8.5,2061,1.7436569362339798
corridor,NE_ASIA_LALB,wind,access_cm2,SSP5-8.5,2062,1.6591504662073555
corridor,NE_ASIA_LALB,wind,access_cm2,SSP5-8.5,2063,1.3464358989983407
corridor,NE_ASIA_LALB,wind,access_cm2,SSP5-8.5,2064,1.8693196822879496
corridor,NE_ASIA_LALB,wind,access_cm2,SSP5-8.5,2065,1.7436163081234062
corridor,NE_ASIA_LALB,wind,access_cm2,SSP5-8.5,2066,1.3843012980679728
corridor,NE_ASIA_LALB,wind,access_cm2,SSP5-8.5,2067,2.161740508257437
corridor,NE_ASIA_LALB,wind,access_cm2,SSP5-8.5,2068,1.0931602575820976
corridor,NE_ASIA_LALB,wind,access_cm2,SSP5-8.5,2069,1.559124057935517
corridor,NE_ASIA_LALB,wind,access_cm2,SSP5-8.5,2070,0.983748755763994
corridor,NE_ASIA_LALB,wind,access_cm2,SSP5-8.5,2071,0.8725496170799383
corridor,NE_ASIA_LALB,wind,access_cm2,SSP5-8.5,2072,1.6056432445607305
corridor,NE_ASIA_LALB,wind,access_cm2,SSP5-8.5,2073,1.1862798870537392
corridor,NE_ASIA_LALB,wind,access_cm2,SSP5-8.5,2074,1.681252158368166
corridor,NE_ASIA_LALB,wind,access_cm2,SSP5-8.5,2075,1.4086984784771008
corridor,NE_ASIA_LALB,wind,access_cm2,SSP5-8.5,2076,2.0775793771708706
corridor,NE_ASIA_LALB,wind,access_cm2,SSP5-8.5,2077,1.3511284457714725
corridor,NE_ASIA_LALB,wind,access_cm2,SSP5-8.5,2078,1.524874560708371
corridor,NE_ASIA_LALB,wind,access_cm2,SSP5-8.5,2079,1.133707111950614
corridor,NE_ASIA_LALB,wind,access_cm2,SSP5-8.5,2080,1.3772320068253716
corridor,NE_ASIA_LALB,wind,access_cm2,SSP5-8.5,2081,1.455542689987039
corridor,NE_ASIA_LALB,wind,access_cm2,SSP5-8.5,2082,1.3668312105144031
corridor,NE_ASIA_LALB,wind,access_cm2,SSP5-8.5,2083,1.4047981798604974
corridor,NE_ASIA_LALB,wind,access_cm2,SSP5-8.5,2084,1.2938834379505677
corridor,NE_ASIA_LALB,wind,access_cm2,SSP5-8.5,2085,2.0434111361649228
corridor,NE_ASIA_LALB,wind,access_cm2,SSP5-8.5,2086,1.4523533833057205
corridor,NE_ASIA_LALB,wind,access_cm2,SSP5-8.5,2087,1.5175208726916396
corridor,NE_ASIA_LALB,wind,access_cm2,SSP5-8.5,2088,1.4109939667254032
corridor,NE_ASIA_LALB,wind,access_cm2,SSP5-8.5,2089,1.6869197797954674
corridor,NE_ASIA_LALB,wind,access_cm2,SSP5-8.5,2090,1.632051516444049
corridor,NE_ASIA_LALB,wind,access_cm2,SSP5-8.5,2091,1.22570946838105
corridor,NE_ASIA_LALB,wind,access_cm2,SSP5-8.5,2092,1.7662258516665676
corridor,NE_ASIA_LALB,wind,access_cm2,SSP5-8.5,2093,1.1614154833728214
corridor,NE_ASIA_LALB,wind,access_cm2,SSP5-8.5,2094,1.3970178966825486
corridor,NE_ASIA_LALB,wind,access_cm2,SSP5-8.5,2095,1.5253214699248934
corridor,NE_ASIA_LALB,wind,access_cm2,SSP5-8.5,2096,1.6897434334814427
corridor,NE_ASIA_LALB,wind,access_cm2,SSP5-8.5,2097,1.6460682145974936
corridor,NE_ASIA_LALB,wind,access_cm2,SSP5-8.5,2098,1.3911877628128968
corridor,NE_ASIA_LALB,wind,access_cm2,SSP5-8.5,2099,1.133178946512967
corridor,NE_ASIA_LALB,wind,access_cm2,SSP5-8.5,2100,1.366465557519106
corridor,NE_ASIA_LALB,wind,cmcc_cm2_sr5,SSP1-2.6,2015,1.8685477481867243
corridor,NE_ASIA_LALB,wind,cmcc_cm2_sr5,SSP1-2.6,2016,1.3892172994493115
corridor,NE_ASIA_LALB,wind,cmcc_cm2_sr5,SSP1-2.6,2017,1.715623539927025
corridor,NE_ASIA_LALB,wind,cmcc_cm2_sr5,SSP1-2.6,2018,1.7537327076602114
corridor,NE_ASIA_LALB,wind,cmcc_cm2_sr5,SSP1-2.6,2019,1.0701038048224152
corridor,NE_ASIA_LALB,wind,cmcc_cm2_sr5,SSP1-2.6,2020,1.260466816990553
corridor,NE_ASIA_LALB,wind,cmcc_cm2_sr5,SSP1-2.6,2021,1.621427265524797
corridor,NE_ASIA_LALB,wind,cmcc_cm2_sr5,SSP1-2.6,2022,1.620797529810695
corridor,NE_ASIA_LALB,wind,cmcc_cm2_sr5,SSP1-2.6,2023,1.828854084140631
corridor,NE_ASIA_LALB,wind,cmcc_cm2_sr5,SSP1-2.6,2024,1.571332805167729
corridor,NE_ASIA_LALB,wind,cmcc_cm2_sr5,SSP1-2.6,2025,2.0348182907751835
corridor,NE_ASIA_LALB,wind,cmcc_cm2_sr5,SSP1-2.6,2026,1.3207386190503732
corridor,NE_ASIA_LALB,wind,cmcc_cm2_sr5,SSP1-2.6,2027,1.5814492047045288
corridor,NE_ASIA_LALB,wind,cmcc_cm2_sr5,SSP1-2.6,2028,1.8991204014054968
corridor,NE_ASIA_LALB,wind,cmcc_cm2_sr5,SSP1-2.6,2029,1.8734231214574992
corridor,NE_ASIA_LALB,wind,cmcc_cm2_sr5,SSP1-2.6,2030,1.4063826761734677
corridor,NE_ASIA_LALB,wind,cmcc_cm2_sr5,SSP1-2.6,2031,2.097548093525674
corridor,NE_ASIA_LALB,wind,cmcc_cm2_sr5,SSP1-2.6,2032,1.5861823795882488
corridor,NE_ASIA_LALB,wind,cmcc_cm2_sr5,SSP1-2.6,2033,1.5771629390373278
corridor,NE_ASIA_LALB,wind,cmcc_cm2_sr5,SSP1-2.6,2034,1.414081703130214
corridor,NE_ASIA_LALB,wind,cmcc_cm2_sr5,SSP1-2.6,2035,1.331220671582506
corridor,NE_ASIA_LALB,wind,cmcc_cm2_sr5,SSP1-2.6,2036,1.4965364535720431
corridor,NE_ASIA_LALB,wind,cmcc_cm2_sr5,SSP1-2.6,2037,1.546874682592702
corridor,NE_ASIA_LALB,wind,cmcc_cm2_sr5,SSP1-2.6,2038,1.0543197838583076
corridor,NE_ASIA_LALB,wind,cmcc_cm2_sr5,SSP1-2.6,2039,1.3979726572814153
corridor,NE_ASIA_LALB,wind,cmcc_cm2_sr5,SSP1-2.6,2040,1.51366120218561
corridor,NE_ASIA_LALB,wind,cmcc_cm2_sr5,SSP1-2.6,2041,0.967538139638684
corridor,NE_ASIA_LALB,wind,cmcc_cm2_sr5,SSP1-2.6,2042,1.3540130416233536
corridor,NE_ASIA_LALB,wind,cmcc_cm2_sr5,SSP1-2.6,2043,1.9696304873339372
corridor,NE_ASIA_LALB,wind,cmcc_cm2_sr5,SSP1-2.6,2044,1.4111564791677789
corridor,NE_ASIA_LALB,wind,cmcc_cm2_sr5,SSP1-2.6,2045,0.8711276332092923
corridor,NE_ASIA_LALB,wind,cmcc_cm2_sr5,SSP1-2.6,2046,1.4940987669366554
corridor,NE_ASIA_LALB,wind,cmcc_cm2_sr5,SSP1-2.6,2047,1.848944684827188
corridor,NE_ASIA_LALB,wind,cmcc_cm2_sr5,SSP1-2.6,2048,1.8206472058014933
corridor,NE_ASIA_LALB,wind,cmcc_cm2_sr5,SSP1-2.6,2049,1.2106973815181434
corridor,NE_ASIA_LALB,wind,cmcc_cm2_sr5,SSP1-2.6,2050,1.108558311495594
corridor,NE_ASIA_LALB,wind,cmcc_cm2_sr5,SSP1-2.6,2051,1.3215714953174458
corridor,NE_ASIA_LALB,wind,cmcc_cm2_sr5,SSP1-2.6,2052,1.422268267414034
corridor,NE_ASIA_LALB,wind,cmcc_cm2_sr5,SSP1-2.6,2053,2.0149105165862418
corridor,NE_ASIA_LALB,wind,cmcc_cm2_sr5,SSP1-2.6,2054,1.4844089625610348
corridor,NE_ASIA_LALB,wind,cmcc_cm2_sr5,SSP1-2.6,2055,1.5613789180732298
corridor,NE_ASIA_LALB,wind,cmcc_cm2_sr5,SSP1-2.6,2056,2.9133808682224567
corridor,NE_ASIA_LALB,wind,cmcc_cm2_sr5,SSP1-2.6,2057,1.5186178316775596
corridor,NE_ASIA_LALB,wind,cmcc_cm2_sr5,SSP1-2.6,2058,1.4143660999043273
corridor,NE_ASIA_LALB,wind,cmcc_cm2_sr5,SSP1-2.6,2059,1.1725882137849586
corridor,NE_ASIA_LALB,wind,cmcc_cm2_sr5,SSP1-2.6,2060,1.098502854124645
corridor,NE_ASIA_LALB,wind,cmcc_cm2_sr5,SSP1-2.6,2061,1.577630162309122
corridor,NE_ASIA_LALB,wind,cmcc_cm2_sr5,SSP1-2.6,2062,1.167692526458928
corridor,NE_ASIA_LALB,wind,cmcc_cm2_sr5,SSP1-2.6,2063,1.9105369004812465
corridor,NE_ASIA_LALB,wind,cmcc_cm2_sr5,SSP1-2.6,2064,1.0567168423831024
corridor,NE_ASIA_LALB,wind,cmcc_cm2_sr5,SSP1-2.6,2065,1.2698519105367414
corridor,NE_ASIA_LALB,wind,cmcc_cm2_sr5,SSP1-2.6,2066,1.7618786438334515
corridor,NE_ASIA_LALB,wind,cmcc_cm2_sr5,SSP1-2.6,2067,2.207061165620262
corridor,NE_ASIA_LALB,wind,cmcc_cm2_sr5,SSP1-2.6,2068,1.3965303593554792
corridor,NE_ASIA_LALB,wind,cmcc_cm2_sr5,SSP1-2.6,2069,1.3627074572895546
corridor,NE_ASIA_LALB,wind,cmcc_cm2_sr5,SSP1-2.6,2070,1.4872529303023292
corridor,NE_ASIA_LALB,wind,cmcc_cm2_sr5,SSP1-2.6,2071,1.6615678387875072
corridor,NE_ASIA_LALB,wind,cmcc_cm2_sr5,SSP1-2.6,2072,1.2081581246062645
corridor,NE_ASIA_LALB,wind,cmcc_cm2_sr5,SSP1-2.6,2073,1.3217543218151064
corridor,NE_ASIA_LALB,wind,cmcc_cm2_sr5,SSP1-2.6,2074,1.8101448392140569
corridor,NE_ASIA_LALB,wind,cmcc_cm2_sr5,SSP1-2.6,2075,1.4318768155685628
corridor,NE_ASIA_LALB,wind,cmcc_cm2_sr5,SSP1-2.6,2076,1.2773071688299826
corridor,NE_ASIA_LALB,wind,cmcc_cm2_sr5,SSP1-2.6,2077,1.380177544843108
corridor,NE_ASIA_LALB,wind,cmcc_cm2_sr5,SSP1-2.6,2078,1.2016373128565965
corridor,NE_ASIA_LALB,wind,cmcc_cm2_sr5,SSP1-2.6,2079,1.7068681820949811
corridor,NE_ASIA_LALB,wind,cmcc_cm2_sr5,SSP1-2.6,2080,1.6129359904115756
corridor,NE_ASIA_LALB,wind,cmcc_cm2_sr5,SSP1-2.6,2081,1.412984744144341
corridor,NE_ASIA_LALB,wind,cmcc_cm2_sr5,SSP1-2.6,2082,2.0147683181991667
corridor,NE_ASIA_LALB,wind,cmcc_cm2_sr5,SSP1-2.6,2083,1.3967538139637212
corridor,NE_ASIA_LALB,wind,cmcc_cm2_sr5,SSP1-2.6,2084,1.6734718751902542
corridor,NE_ASIA_LALB,wind,cmcc_cm2_sr5,SSP1-2.6,2085,1.5592459422672895
corridor,NE_ASIA_LALB,wind,cmcc_cm2_sr5,SSP1-2.6,2086,1.267597050399026
corridor,NE_ASIA_LALB,wind,cmcc_cm2_sr5,SSP1-2.6,2087,1.6451947102197697
corridor,NE_ASIA_LALB,wind,cmcc_cm2_sr5,SSP1-2.6,2088,1.1584496312997774
corridor,NE_ASIA_LALB,wind,cmcc_cm2_sr5,SSP1-2.6,2089,1.2354399008672732
corridor,NE_ASIA_LALB,wind,cmcc_cm2_sr5,SSP1-2.6,2090,1.104556442602489
corridor,NE_ASIA_LALB,wind,cmcc_cm2_sr5,SSP1-2.6,2091,1.1697036179331115
corridor,NE_ASIA_LALB,wind,cmcc_cm2_sr5,SSP1-2.6,2092,1.3600056879353146
corridor,NE_ASIA_LALB,wind,cmcc_cm2_sr5,SSP1-2.6,2093,1.3293111503847903
corridor,NE_ASIA_LALB,wind,cmcc_cm2_sr5,SSP1-2.6,2094,1.247750218375951
corridor,NE_ASIA_LALB,wind,cmcc_cm2_sr5,SSP1-2.6,2095,1.5583318097790215
corridor,NE_ASIA_LALB,wind,cmcc_cm2_sr5,SSP1-2.6,2096,1.2677798768967
corridor,NE_ASIA_LALB,wind,cmcc_cm2_sr5,SSP1-2.6,2097,1.7143843825541212
corridor,NE_ASIA_LALB,wind,cmcc_cm2_sr5,SSP1-2.6,2098,1.4565380786964912
corridor,NE_ASIA_LALB,wind,cmcc_cm2_sr5,SSP1-2.6,2099,1.94943831637088
corridor,NE_ASIA_LALB,wind,cmcc_cm2_sr5,SSP1-2.6,2100,1.3331911349461274
corridor,NE_ASIA_LALB,wind,cmcc_cm2_sr5,SSP2-4.5,2015,1.5413492595524962
corridor,NE_ASIA_LALB,wind,cmcc_cm2_sr5,SSP2-4.5,2016,1.8588376297558276
corridor,NE_ASIA_LALB,wind,cmcc_cm2_sr5,SSP2-4.5,2017,1.5306234383568336
corridor,NE_ASIA_LALB,wind,cmcc_cm2_sr5,SSP2-4.5,2018,1.834542019623215
corridor,NE_ASIA_LALB,wind,cmcc_cm2_sr5,SSP2-4.5,2019,1.884209884819143
corridor,NE_ASIA_LALB,wind,cmcc_cm2_sr5,SSP2-4.5,2020,2.334775631259083
corridor,NE_ASIA_LALB,wind,cmcc_cm2_sr5,SSP2-4.5,2021,1.319215064903215
corridor,NE_ASIA_LALB,wind,cmcc_cm2_sr5,SSP2-4.5,2022,1.8355983504985125
corridor,NE_ASIA_LALB,wind,cmcc_cm2_sr5,SSP2-4.5,2023,1.622057001238972
corridor,NE_ASIA_LALB,wind,cmcc_cm2_sr5,SSP2-4.5,2024,1.620614703313042
corridor,NE_ASIA_LALB,wind,cmcc_cm2_sr5,SSP2-4.5,2025,1.4598492697095675
corridor,NE_ASIA_LALB,wind,cmcc_cm2_sr5,SSP2-4.5,2026,1.1876003006478768
corridor,NE_ASIA_LALB,wind,cmcc_cm2_sr5,SSP2-4.5,2027,1.2397464805897704
corridor,NE_ASIA_LALB,wind,cmcc_cm2_sr5,SSP2-4.5,2028,1.5597334795943578
corridor,NE_ASIA_LALB,wind,cmcc_cm2_sr5,SSP2-4.5,2029,1.062303207589221
corridor,NE_ASIA_LALB,wind,cmcc_cm2_sr5,SSP2-4.5,2030,1.3872468360857266
corridor,NE_ASIA_LALB,wind,cmcc_cm2_sr5,SSP2-4.5,2031,1.4214557052022734
corridor,NE_ASIA_LALB,wind,cmcc_cm2_sr5,SSP2-4.5,2032,1.6045056574641932
corridor,NE_ASIA_LALB,wind,cmcc_cm2_sr5,SSP2-4.5,2033,1.7051821155055529
corridor,NE_ASIA_LALB,wind,cmcc_cm2_sr5,SSP2-4.5,2034,1.5782192699126654
corridor,NE_ASIA_LALB,wind,cmcc_cm2_sr5,SSP2-4.5,2035,1.470229751965193
corridor,NE_ASIA_LALB,wind,cmcc_cm2_sr5,SSP2-4.5,2036,1.4794117049584803
corridor,NE_ASIA_LALB,wind,cmcc_cm2_sr5,SSP2-4.5,2037,1.5713937473335946
corridor,NE_ASIA_LALB,wind,cmcc_cm2_sr5,SSP2-4.5,2038,1.595059621752123
corridor,NE_ASIA_LALB,wind,cmcc_cm2_sr5,SSP2-4.5,2039,0.7500355495966835
corridor,NE_ASIA_LALB,wind,cmcc_cm2_sr5,SSP2-4.5,2040,1.7736201677939127
corridor,NE_ASIA_LALB,wind,cmcc_cm2_sr5,SSP2-4.5,2041,1.1491051658641338
corridor,NE_ASIA_LALB,wind,cmcc_cm2_sr5,SSP2-4.5,2042,1.219960590732574
corridor,NE_ASIA_LALB,wind,cmcc_cm2_sr5,SSP2-4.5,2043,1.499441363479169
corridor,NE_ASIA_LALB,wind,cmcc_cm2_sr5,SSP2-4.5,2044,1.6447681150586329
corridor,NE_ASIA_LALB,wind,cmcc_cm2_sr5,SSP2-4.5,2045,0.93787961890822
corridor,NE_ASIA_LALB,wind,cmcc_cm2_sr5,SSP2-4.5,2046,0.7905620899099175
corridor,NE_ASIA_LALB,wind,cmcc_cm2_sr5,SSP2-4.5,2047,1.738659678631429
corridor,NE_ASIA_LALB,wind,cmcc_cm2_sr5,SSP2-4.5,2048,1.1319804172505734
corridor,NE_ASIA_LALB,wind,cmcc_cm2_sr5,SSP2-4.5,2049,1.1823592743817837
corridor,NE_ASIA_LALB,wind,cmcc_cm2_sr5,SSP2-4.5,2050,1.6631320210451732
corridor,NE_ASIA_LALB,wind,cmcc_cm2_sr5,SSP2-4.5,2051,1.3885063075140236
corridor,NE_ASIA_LALB,wind,cmcc_cm2_sr5,SSP2-4.5,2052,1.3048123996991805
corridor,NE_ASIA_LALB,wind,cmcc_cm2_sr5,SSP2-4.5,2053,1.277713449935865
corridor,NE_ASIA_LALB,wind,cmcc_cm2_sr5,SSP2-4.5,2054,1.57756922014324
corridor,NE_ASIA_LALB,wind,cmcc_cm2_sr5,SSP2-4.5,2055,1.4617587909072616
corridor,NE_ASIA_LALB,wind,cmcc_cm2_sr5,SSP2-4.5,2056,1.145814288906373
corridor,NE_ASIA_LALB,wind,cmcc_cm2_sr5,SSP2-4.5,2057,1.375891279175892
corridor,NE_ASIA_LALB,wind,cmcc_cm2_sr5,SSP2-4.5,2058,2.082434436386296
corridor,NE_ASIA_LALB,wind,cmcc_cm2_sr5,SSP2-4.5,2059,1.480589920165599
corridor,NE_ASIA_LALB,wind,cmcc_cm2_sr5,SSP2-4.5,2060,1.3138521543054311
corridor,NE_ASIA_LALB,wind,cmcc_cm2_sr5,SSP2-4.5,2061,1.3361163589085772
corridor,NE_ASIA_LALB,wind,cmcc_cm2_sr5,SSP2-4.5,2062,1.0714851605824904
corridor,NE_ASIA_LALB,wind,cmcc_cm2_sr5,SSP2-4.5,2063,1.9975826274196844
corridor,NE_ASIA_LALB,wind,cmcc_cm2_sr5,SSP2-4.5,2064,1.084100188920577
corridor,NE_ASIA_LALB,wind,cmcc_cm2_sr5,SSP2-4.5,2065,1.8047413005056516
corridor,NE_ASIA_LALB,wind,cmcc_cm2_sr5,SSP2-4.5,2066,1.3445466918559508
corridor,NE_ASIA_LALB,wind,cmcc_cm2_sr5,SSP2-4.5,2067,1.011477441241457
corridor,NE_ASIA_LALB,wind,cmcc_cm2_sr5,SSP2-4.5,2068,1.4468482743208444
corridor,NE_ASIA_LALB,wind,cmcc_cm2_sr5,SSP2-4.5,2069,1.1917646819833
corridor,NE_ASIA_LALB,wind,cmcc_cm2_sr5,SSP2-4.5,2070,2.019278038474577
corridor,NE_ASIA_LALB,wind,cmcc_cm2_sr5,SSP2-4.5,2071,1.300932415137884
corridor,NE_ASIA_LALB,wind,cmcc_cm2_sr5,SSP2-4.5,2072,1.440997826395946
corridor,NE_ASIA_LALB,wind,cmcc_cm2_sr5,SSP2-4.5,2073,1.7242366993721323
corridor,NE_ASIA_LALB,wind,cmcc_cm2_sr5,SSP2-4.5,2074,1.2911410404857586
corridor,NE_ASIA_LALB,wind,cmcc_cm2_sr5,SSP2-4.5,2075,1.4841042517316148
corridor,NE_ASIA_LALB,wind,cmcc_cm2_sr5,SSP2-4.5,2076,1.7959250005076446
corridor,NE_ASIA_LALB,wind,cmcc_cm2_sr5,SSP2-4.5,2077,1.6210006703636597
corridor,NE_ASIA_LALB,wind,cmcc_cm2_sr5,SSP2-4.5,2078,0.9991468096774958
corridor,NE_ASIA_LALB,wind,cmcc_cm2_sr5,SSP2-4.5,2079,0.817986064557978
corridor,NE_ASIA_LALB,wind,cmcc_cm2_sr5,SSP2-4.5,2080,1.445771629390237
corridor,NE_ASIA_LALB,wind,cmcc_cm2_sr5,SSP2-4.5,2081,1.391553415808242
corridor,NE_ASIA_LALB,wind,cmcc_cm2_sr5,SSP2-4.5,2082,0.6095029150668662
corridor,NE_ASIA_LALB,wind,cmcc_cm2_sr5,SSP2-4.5,2083,1.7793893594976606
corridor,NE_ASIA_LALB,wind,cmcc_cm2_sr5,SSP2-4.5,2084,1.346984378491349
corridor,NE_ASIA_LALB,wind,cmcc_cm2_sr5,SSP2-4.5,2085,1.9088914620023865
corridor,NE_ASIA_LALB,wind,cmcc_cm2_sr5,SSP2-4.5,2086,2.5333455217662744
corridor,NE_ASIA_LALB,wind,cmcc_cm2_sr5,SSP2-4.5,2087,1.4911329148636294
corridor,NE_ASIA_LALB,wind,cmcc_cm2_sr5,SSP2-4.5,2088,1.740508257663302
corridor,NE_ASIA_LALB,wind,cmcc_cm2_sr5,SSP2-4.5,2089,1.173989883600322
corridor,NE_ASIA_LALB,wind,cmcc_cm2_sr5,SSP2-4.5,2090,1.813456030227106
corridor,NE_ASIA_LALB,wind,cmcc_cm2_sr5,SSP2-4.5,2091,1.352509801531511
corridor,NE_ASIA_LALB,wind,cmcc_cm2_sr5,SSP2-4.5,2092,1.418408596908062
corridor,NE_ASIA_LALB,wind,cmcc_cm2_sr5,SSP2-4.5,2093,1.391878440692976
corridor,NE_ASIA_LALB,wind,cmcc_cm2_sr5,SSP2-4.5,2094,1.9749121417106223
corridor,NE_ASIA_LALB,wind,cmcc_cm2_sr5,SSP2-4.5,2095,1.1581449204703482
corridor,NE_ASIA_LALB,wind,cmcc_cm2_sr5,SSP2-4.5,2096,1.9797062587602343
corridor,NE_ASIA_LALB,wind,cmcc_cm2_sr5,SSP2-4.5,2097,1.2060860909661963
corridor,NE_ASIA_LALB,wind,cmcc_cm2_sr5,SSP2-4.5,2098,1.4593211042718703
corridor,NE_ASIA_LALB,wind,cmcc_cm2_sr5,SSP2-4.5,2099,1.866780425376136
corridor,NE_ASIA_LALB,wind,cmcc_cm2_sr5,SSP2-4.5,2100,1.5714750035548026
corridor,NE_ASIA_LALB,wind,cmcc_cm2_sr5,SSP5-8.5,2015,1.601864830275875
corridor,NE_ASIA_LALB,wind,cmcc_cm2_sr5,SSP5-8.5,2016,1.8684868060208613
corridor,NE_ASIA_LALB,wind,cmcc_cm2_sr5,SSP5-8.5,2017,1.4366506185628278
corridor,NE_ASIA_LALB,wind,cmcc_cm2_sr5,SSP5-8.5,2018,1.5893107441036791
corridor,NE_ASIA_LALB,wind,cmcc_cm2_sr5,SSP5-8.5,2019,1.9047067666116004
corridor,NE_ASIA_LALB,wind,cmcc_cm2_sr5,SSP5-8.5,2020,0.9997156032257551
corridor,NE_ASIA_LALB,wind,cmcc_cm2_sr5,SSP5-8.5,2021,1.5353972413510797
corridor,NE_ASIA_LALB,wind,cmcc_cm2_sr5,SSP5-8.5,2022,1.3503565116702625
corridor,NE_ASIA_LALB,wind,cmcc_cm2_sr5,SSP5-8.5,2023,2.038515448838849
corridor,NE_ASIA_LALB,wind,cmcc_cm2_sr5,SSP5-8.5,2024,1.0791029313180374
corridor,NE_ASIA_LALB,wind,cmcc_cm2_sr5,SSP5-8.5,2025,1.1912568306009497
corridor,NE_ASIA_LALB,wind,cmcc_cm2_sr5,SSP5-8.5,2026,1.6303654498545392
corridor,NE_ASIA_LALB,wind,cmcc_cm2_sr5,SSP5-8.5,2027,1.7541186747108313
corridor,NE_ASIA_LALB,wind,cmcc_cm2_sr5,SSP5-8.5,2028,1.8132732037294632
corridor,NE_ASIA_LALB,wind,cmcc_cm2_sr5,SSP5-8.5,2029,1.612895362300997
corridor,NE_ASIA_LALB,wind,cmcc_cm2_sr5,SSP5-8.5,2030,1.2227639303632551
corridor,NE_ASIA_LALB,wind,cmcc_cm2_sr5,SSP5-8.5,2031,1.2859203282749878
corridor,NE_ASIA_LALB,wind,cmcc_cm2_sr5,SSP5-8.5,2032,1.192353789586885
corridor,NE_ASIA_LALB,wind,cmcc_cm2_sr5,SSP5-8.5,2033,1.7924512970522584
corridor,NE_ASIA_LALB,wind,cmcc_cm2_sr5,SSP5-8.5,2034,1.751823186462537
corridor,NE_ASIA_LALB,wind,cmcc_cm2_sr5,SSP5-8.5,2035,1.2355820992543154
corridor,NE_ASIA_LALB,wind,cmcc_cm2_sr5,SSP5-8.5,2036,1.814878014097744
corridor,NE_ASIA_LALB,wind,cmcc_cm2_sr5,SSP5-8.5,2037,1.60521664939954
corridor,NE_ASIA_LALB,wind,cmcc_cm2_sr5,SSP5-8.5,2038,1.0742072439919816
corridor,NE_ASIA_LALB,wind,cmcc_cm2_sr5,SSP5-8.5,2039,1.5137221443514977
corridor,NE_ASIA_LALB,wind,cmcc_cm2_sr5,SSP5-8.5,2040,1.0752432608120217
corridor,NE_ASIA_LALB,wind,cmcc_cm2_sr5,SSP5-8.5,2041,0.984134722814604
corridor,NE_ASIA_LALB,wind,cmcc_cm2_sr5,SSP5-8.5,2042,1.28632660938084
corridor,NE_ASIA_LALB,wind,cmcc_cm2_sr5,SSP5-8.5,2043,1.606293294330159
corridor,NE_ASIA_LALB,wind,cmcc_cm2_sr5,SSP5-8.5,2044,1.7649257521277235
corridor,NE_ASIA_LALB,wind,cmcc_cm2_sr5,SSP5-8.5,2045,2.019257724419329
corridor,NE_ASIA_LALB,wind,cmcc_cm2_sr5,SSP5-8.5,2046,1.9631706177502235
corridor,NE_ASIA_LALB,wind,cmcc_cm2_sr5,SSP5-8.5,2047,2.024620635017118
corridor,NE_ASIA_LALB,wind,cmcc_cm2_sr5,SSP5-8.5,2048,1.6142970321163346
corridor,NE_ASIA_LALB,wind,cmcc_cm2_sr5,SSP5-8.5,2049,1.5549596766000668
corridor,NE_ASIA_LALB,wind,cmcc_cm2_sr5,SSP5-8.5,2050,1.6140532634528082
corridor,NE_ASIA_LALB,wind,cmcc_cm2_sr5,SSP5-8.5,2051,1.5747252524019713
corridor,NE_ASIA_LALB,wind,cmcc_cm2_sr5,SSP5-8.5,2052,1.6595161192027312
corridor,NE_ASIA_LALB,wind,cmcc_cm2_sr5,SSP5-8.5,2053,1.81144493875292
corridor,NE_ASIA_LALB,wind,cmcc_cm2_sr5,SSP5-8.5,2054,1.1947914762222682
corridor,NE_ASIA_LALB,wind,cmcc_cm2_sr5,SSP5-8.5,2055,1.2715379771262034
corridor,NE_ASIA_LALB,wind,cmcc_cm2_sr5,SSP5-8.5,2056,1.6949641456922009
corridor,NE_ASIA_LALB,wind,cmcc_cm2_sr5,SSP5-8.5,2057,1.2264407743716663
corridor,NE_ASIA_LALB,wind,cmcc_cm2_sr5,SSP5-8.5,2058,1.1604810368292455
corridor,NE_ASIA_LALB,wind,cmcc_cm2_sr5,SSP5-8.5,2059,1.2752554492452015
corridor,NE_ASIA_LALB,wind,cmcc_cm2_sr5,SSP5-8.5,2060,1.0557417677289715
corridor,NE_ASIA_LALB,wind,cmcc_cm2_sr5,SSP5-8.5,2061,1.309464318361719
corridor,NE_ASIA_LALB,wind,cmcc_cm2_sr5,SSP5-8.5,2062,1.2159180937288896
corridor,NE_ASIA_LALB,wind,cmcc_cm2_sr5,SSP5-8.5,2063,1.8615800272205991
corridor,NE_ASIA_LALB,wind,cmcc_cm2_sr5,SSP5-8.5,2064,1.2321490239095148
corridor,NE_ASIA_LALB,wind,cmcc_cm2_sr5,SSP5-8.5,2065,1.1843094236901148
corridor,NE_ASIA_LALB,wind,cmcc_cm2_sr5,SSP5-8.5,2066,0.9893960631359704
corridor,NE_ASIA_LALB,wind,cmcc_cm2_sr5,SSP5-8.5,2067,1.0652690596622587
corridor,NE_ASIA_LALB,wind,cmcc_cm2_sr5,SSP5-8.5,2068,1.07739655067327
corridor,NE_ASIA_LALB,wind,cmcc_cm2_sr5,SSP5-8.5,2069,1.2270095679198998
corridor,NE_ASIA_LALB,wind,cmcc_cm2_sr5,SSP5-8.5,2070,1.5340361996463807
corridor,NE_ASIA_LALB,wind,cmcc_cm2_sr5,SSP5-8.5,2071,0.9817376642898126
corridor,NE_ASIA_LALB,wind,cmcc_cm2_sr5,SSP5-8.5,2072,1.3712190464580856
corridor,NE_ASIA_LALB,wind,cmcc_cm2_sr5,SSP5-8.5,2073,1.626505779348539
corridor,NE_ASIA_LALB,wind,cmcc_cm2_sr5,SSP5-8.5,2074,1.4594429886036382
corridor,NE_ASIA_LALB,wind,cmcc_cm2_sr5,SSP5-8.5,2075,0.996323155991518
corridor,NE_ASIA_LALB,wind,cmcc_cm2_sr5,SSP5-8.5,2076,0.9532167306558388
corridor,NE_ASIA_LALB,wind,cmcc_cm2_sr5,SSP5-8.5,2077,1.4504844902186285
corridor,NE_ASIA_LALB,wind,cmcc_cm2_sr5,SSP5-8.5,2078,1.1154244621852274
corridor,NE_ASIA_LALB,wind,cmcc_cm2_sr5,SSP5-8.5,2079,1.722672517114432
corridor,NE_ASIA_LALB,wind,cmcc_cm2_sr5,SSP5-8.5,2080,1.1338696243929929
corridor,NE_ASIA_LALB,wind,cmcc_cm2_sr5,SSP5-8.5,2081,1.761817701667613
corridor,NE_ASIA_LALB,wind,cmcc_cm2_sr5,SSP5-8.5,2082,1.4240762183352882
corridor,NE_ASIA_LALB,wind,cmcc_cm2_sr5,SSP5-8.5,2083,1.3734332784852272
corridor,NE_ASIA_LALB,wind,cmcc_cm2_sr5,SSP5-8.5,2084,1.2923801978587628
corridor,NE_ASIA_LALB,wind,cmcc_cm2_sr5,SSP5-8.5,2085,1.2126881589370273
corridor,NE_ASIA_LALB,wind,cmcc_cm2_sr5,SSP5-8.5,2086,1.0866597598877703
corridor,NE_ASIA_LALB,wind,cmcc_cm2_sr5,SSP5-8.5,2087,0.8836207772156539
corridor,NE_ASIA_LALB,wind,cmcc_cm2_sr5,SSP5-8.5,2088,0.7812582525848626
corridor,NE_ASIA_LALB,wind,cmcc_cm2_sr5,SSP5-8.5,2089,0.8196518170921583
corridor,NE_ASIA_LALB,wind,cmcc_cm2_sr5,SSP5-8.5,2090,1.8383204339080383
corridor,NE_ASIA_LALB,wind,cmcc_cm2_sr5,SSP5-8.5,2091,1.3822089503726342
corridor,NE_ASIA_LALB,wind,cmcc_cm2_sr5,SSP5-8.5,2092,1.190667722997402
corridor,NE_ASIA_LALB,wind,cmcc_cm2_sr5,SSP5-8.5,2093,1.0140776403191991
corridor,NE_ASIA_LALB,wind,cmcc_cm2_sr5,SSP5-8.5,2094,0.7968594470513376
corridor,NE_ASIA_LALB,wind,cmcc_cm2_sr5,SSP5-8.5,2095,1.1186747110324382
corridor,NE_ASIA_LALB,wind,cmcc_cm2_sr5,SSP5-8.5,2096,1.3586243321752731
corridor,NE_ASIA_LALB,wind,cmcc_cm2_sr5,SSP5-8.5,2097,1.3604119690412064
corridor,NE_ASIA_LALB,wind,cmcc_cm2_sr5,SSP5-8.5,2098,0.7808722855342798
corridor,NE_ASIA_LALB,wind,cmcc_cm2_sr5,SSP5-8.5,2099,1.434578584922745
corridor,NE_ASIA_LALB,wind,cmcc_cm2_sr5,SSP5-8.5,2100,1.1252564649479573
corridor,NE_ASIA_LALB,wind,ipsl_cm6a_lr,SSP1-2.6,2015,1.2837264103031651
corridor,NE_ASIA_LALB,wind,ipsl_cm6a_lr,SSP1-2.6,2016,1.2563024356550891
corridor,NE_ASIA_LALB,wind,ipsl_cm6a_lr,SSP1-2.6,2017,0.8989782030185605
corridor,NE_ASIA_LALB,wind,ipsl_cm6a_lr,SSP1-2.6,2018,1.547382533975108
corridor,NE_ASIA_LALB,wind,ipsl_cm6a_lr,SSP1-2.6,2019,1.7141609279458696
corridor,NE_ASIA_LALB,wind,ipsl_cm6a_lr,SSP1-2.6,2020,1.492311130070736
corridor,NE_ASIA_LALB,wind,ipsl_cm6a_lr,SSP1-2.6,2021,1.6520608609094782
corridor,NE_ASIA_LALB,wind,ipsl_cm6a_lr,SSP1-2.6,2022,0.8270664472747536
corridor,NE_ASIA_LALB,wind,ipsl_cm6a_lr,SSP1-2.6,2023,0.9214049200640888
corridor,NE_ASIA_LALB,wind,ipsl_cm6a_lr,SSP1-2.6,2024,1.7009567920041777
corridor,NE_ASIA_LALB,wind,ipsl_cm6a_lr,SSP1-2.6,2025,2.143214089828541
corridor,NE_ASIA_LALB,wind,ipsl_cm6a_lr,SSP1-2.6,2026,1.7933654295405246
corridor,NE_ASIA_LALB,wind,ipsl_cm6a_lr,SSP1-2.6,2027,1.689621549149675
corridor,NE_ASIA_LALB,wind,ipsl_cm6a_lr,SSP1-2.6,2028,1.7997846710136929
corridor,NE_ASIA_LALB,wind,ipsl_cm6a_lr,SSP1-2.6,2029,1.381701098990233
corridor,NE_ASIA_LALB,wind,ipsl_cm6a_lr,SSP1-2.6,2030,2.2203465577831083
corridor,NE_ASIA_LALB,wind,ipsl_cm6a_lr,SSP1-2.6,2031,1.7150547463787982
corridor,NE_ASIA_LALB,wind,ipsl_cm6a_lr,SSP1-2.6,2032,2.127145672090293
corridor,NE_ASIA_LALB,wind,ipsl_cm6a_lr,SSP1-2.6,2033,1.382655859589072
corridor,NE_ASIA_LALB,wind,ipsl_cm6a_lr,SSP1-2.6,2034,1.802141101427844
corridor,NE_ASIA_LALB,wind,ipsl_cm6a_lr,SSP1-2.6,2035,1.2331444126189255
corridor,NE_ASIA_LALB,wind,ipsl_cm6a_lr,SSP1-2.6,2036,1.3465171552195452
corridor,NE_ASIA_LALB,wind,ipsl_cm6a_lr,SSP1-2.6,2037,1.897799987811348
corridor,NE_ASIA_LALB,wind,ipsl_cm6a_lr,SSP1-2.6,2038,1.6921404920062133
corridor,NE_ASIA_LALB,wind,ipsl_cm6a_lr,SSP1-2.6,2039,0.938042131350557
corridor,NE_ASIA_LALB,wind,ipsl_cm6a_lr,SSP1-2.6,2040,1.4342941881486244
corridor,NE_ASIA_LALB,wind,ipsl_cm6a_lr,SSP1-2.6,2041,1.1983464358988662
corridor,NE_ASIA_LALB,wind,ipsl_cm6a_lr,SSP1-2.6,2042,1.3933207386189013
corridor,NE_ASIA_LALB,wind,ipsl_cm6a_lr,SSP1-2.6,2043,1.7673431247078135
corridor,NE_ASIA_LALB,wind,ipsl_cm6a_lr,SSP1-2.6,2044,1.8269648769982207
corridor,NE_ASIA_LALB,wind,ipsl_cm6a_lr,SSP1-2.6,2045,1.967131858532682
corridor,NE_ASIA_LALB,wind,ipsl_cm6a_lr,SSP1-2.6,2046,1.5022243890546525
corridor,NE_ASIA_LALB,wind,ipsl_cm6a_lr,SSP1-2.6,2047,1.246531375058264
corridor,NE_ASIA_LALB,wind,ipsl_cm6a_lr,SSP1-2.6,2048,1.589148231661298
corridor,NE_ASIA_LALB,wind,ipsl_cm6a_lr,SSP1-2.6,2049,1.6907185081355836
corridor,NE_ASIA_LALB,wind,ipsl_cm6a_lr,SSP1-2.6,2050,1.181709224612372
corridor,NE_ASIA_LALB,wind,ipsl_cm6a_lr,SSP1-2.6,2051,1.231438031974171
corridor,NE_ASIA_LALB,wind,ipsl_cm6a_lr,SSP1-2.6,2052,1.5290795701544413
corridor,NE_ASIA_LALB,wind,ipsl_cm6a_lr,SSP1-2.6,2053,1.8071789871410164
corridor,NE_ASIA_LALB,wind,ipsl_cm6a_lr,SSP1-2.6,2054,1.501310256566364
corridor,NE_ASIA_LALB,wind,ipsl_cm6a_lr,SSP1-2.6,2055,1.2403965303592073
corridor,NE_ASIA_LALB,wind,ipsl_cm6a_lr,SSP1-2.6,2056,1.936173238263365
corridor,NE_ASIA_LALB,wind,ipsl_cm6a_lr,SSP1-2.6,2057,1.441444735612392
corridor,NE_ASIA_LALB,wind,ipsl_cm6a_lr,SSP1-2.6,2058,1.323115363519861
corridor,NE_ASIA_LALB,wind,ipsl_cm6a_lr,SSP1-2.6,2059,1.789932354195671
corridor,NE_ASIA_LALB,wind,ipsl_cm6a_lr,SSP1-2.6,2060,1.6784081906269384
corridor,NE_ASIA_LALB,wind,ipsl_cm6a_lr,SSP1-2.6,2061,1.4633229731649855
corridor,NE_ASIA_LALB,wind,ipsl_cm6a_lr,SSP1-2.6,2062,1.573242326365429
corridor,NE_ASIA_LALB,wind,ipsl_cm6a_lr,SSP1-2.6,2063,1.9841753509250688
corridor,NE_ASIA_LALB,wind,ipsl_cm6a_lr,SSP1-2.6,2064,1.472383041826499
corridor,NE_ASIA_LALB,wind,ipsl_cm6a_lr,SSP1-2.6,2065,2.168911369776521
corridor,NE_ASIA_LALB,wind,ipsl_cm6a_lr,SSP1-2.6,2066,1.8066101935927563
corridor,NE_ASIA_LALB,wind,ipsl_cm6a_lr,SSP1-2.6,2067,1.2699128527026522
corridor,NE_ASIA_LALB,wind,ipsl_cm6a_lr,SSP1-2.6,2068,0.9950433705079555
corridor,NE_ASIA_LALB,wind,ipsl_cm6a_lr,SSP1-2.6,2069,0.7887541389886762
corridor,NE_ASIA_LALB,wind,ipsl_cm6a_lr,SSP1-2.6,2070,1.5900420500942674
corridor,NE_ASIA_LALB,wind,ipsl_cm6a_lr,SSP1-2.6,2071,1.1759603469639583
corridor,NE_ASIA_LALB,wind,ipsl_cm6a_lr,SSP1-2.6,2072,1.3925081764071168
corridor,NE_ASIA_LALB,wind,ipsl_cm6a_lr,SSP1-2.6,2073,1.1190606780830556
corridor,NE_ASIA_LALB,wind,ipsl_cm6a_lr,SSP1-2.6,2074,1.3144412619089678
corridor,NE_ASIA_LALB,wind,ipsl_cm6a_lr,SSP1-2.6,2075,1.402969914883962
corridor,NE_ASIA_LALB,wind,ipsl_cm6a_lr,SSP1-2.6,2076,1.876673370304689
corridor,NE_ASIA_LALB,wind,ipsl_cm6a_lr,SSP1-2.6,2077,1.5969894570051109
corridor,NE_ASIA_LALB,wind,ipsl_cm6a_lr,SSP1-2.6,2078,1.395717797143694
corridor,NE_ASIA_LALB,wind,ipsl_cm6a_lr,SSP1-2.6,2079,1.1835984317548125
corridor,NE_ASIA_LALB,wind,ipsl_cm6a_lr,SSP1-2.6,2080,1.3090783513111337
corridor,NE_ASIA_LALB,wind,ipsl_cm6a_lr,SSP1-2.6,2081,1.192069392812747
corridor,NE_ASIA_LALB,wind,ipsl_cm6a_lr,SSP1-2.6,2082,1.7157860523694493
corridor,NE_ASIA_LALB,wind,ipsl_cm6a_lr,SSP1-2.6,2083,1.0536291059782914
corridor,NE_ASIA_LALB,wind,ipsl_cm6a_lr,SSP1-2.6,2084,1.9164279765167236
corridor,NE_ASIA_LALB,wind,ipsl_cm6a_lr,SSP1-2.6,2085,1.0299835456151023
corridor,NE_ASIA_LALB,wind,ipsl_cm6a_lr,SSP1-2.6,2086,1.3818636114325955
corridor,NE_ASIA_LALB,wind,ipsl_cm6a_lr,SSP1-2.6,2087,1.3724175757204946
corridor,NE_ASIA_LALB,wind,ipsl_cm6a_lr,SSP1-2.6,2088,1.3834074796349527
corridor,NE_ASIA_LALB,wind,ipsl_cm6a_lr,SSP1-2.6,2089,1.839011111788035
corridor,NE_ASIA_LALB,wind,ipsl_cm6a_lr,SSP1-2.6,2090,1.3162492128302012
corridor,NE_ASIA_LALB,wind,ipsl_cm6a_lr,SSP1-2.6,2091,1.534279968309904
corridor,NE_ASIA_LALB,wind,ipsl_cm6a_lr,SSP1-2.6,2092,1.981818920510896
corridor,NE_ASIA_LALB,wind,ipsl_cm6a_lr,SSP1-2.6,2093,1.4768318199360393
corridor,NE_ASIA_LALB,wind,ipsl_cm6a_lr,SSP1-2.6,2094,1.9185812663780355
corridor,NE_ASIA_LALB,wind,ipsl_cm6a_lr,SSP1-2.6,2095,1.4977349828344628
corridor,NE_ASIA_LALB,wind,ipsl_cm6a_lr,SSP1-2.6,2096,1.9707477603752148
corridor,NE_ASIA_LALB,wind,ipsl_cm6a_lr,SSP1-2.6,2097,0.8760233205353811
corridor,NE_ASIA_LALB,wind,ipsl_cm6a_lr,SSP1-2.6,2098,1.2643061734412793
corridor,NE_ASIA_LALB,wind,ipsl_cm6a_lr,SSP1-2.6,2099,1.79712352977002
corridor,NE_ASIA_LALB,wind,ipsl_cm6a_lr,SSP1-2.6,2100,1.883478578828448
corridor,NE_ASIA_LALB,wind,ipsl_cm6a_lr,SSP2-4.5,2015,1.3986633351614306
corridor,NE_ASIA_LALB,wind,ipsl_cm6a_lr,SSP2-4.5,2016,1.5734251528630874
corridor,NE_ASIA_LALB,wind,ipsl_cm6a_lr,SSP2-4.5,2017,1.099457614723479
corridor,NE_ASIA_LALB,wind,ipsl_cm6a_lr,SSP2-4.5,2018,1.5216852540270556
corridor,NE_ASIA_LALB,wind,ipsl_cm6a_lr,SSP2-4.5,2019,0.979828143092098
corridor,NE_ASIA_LALB,wind,ipsl_cm6a_lr,SSP2-4.5,2020,2.164157880837537
corridor,NE_ASIA_LALB,wind,ipsl_cm6a_lr,SSP2-4.5,2021,1.1682003778412988
corridor,NE_ASIA_LALB,wind,ipsl_cm6a_lr,SSP2-4.5,2022,1.3025575395614677
corridor,NE_ASIA_LALB,wind,ipsl_cm6a_lr,SSP2-4.5,2023,2.111056940296775
corridor,NE_ASIA_LALB,wind,ipsl_cm6a_lr,SSP2-4.5,2024,1.25922765961755
corridor,NE_ASIA_LALB,wind,ipsl_cm6a_lr,SSP2-4.5,2025,1.8082150039610487
corridor,NE_ASIA_LALB,wind,ipsl_cm6a_lr,SSP2-4.5,2026,1.4574725252400418
corridor,NE_ASIA_LALB,wind,ipsl_cm6a_lr,SSP2-4.5,2027,1.633859467365269
corridor,NE_ASIA_LALB,wind,ipsl_cm6a_lr,SSP2-4.5,2028,1.765453917565397
corridor,NE_ASIA_LALB,wind,ipsl_cm6a_lr,SSP2-4.5,2029,1.6815568691976188
corridor,NE_ASIA_LALB,wind,ipsl_cm6a_lr,SSP2-4.5,2030,2.2307270400387877
corridor,NE_ASIA_LALB,wind,ipsl_cm6a_lr,SSP2-4.5,2031,1.1737054868261847
corridor,NE_ASIA_LALB,wind,ipsl_cm6a_lr,SSP2-4.5,2032,1.5199585593270553
corridor,NE_ASIA_LALB,wind,ipsl_cm6a_lr,SSP2-4.5,2033,1.5272309911225967
corridor,NE_ASIA_LALB,wind,ipsl_cm6a_lr,SSP2-4.5,2034,1.5695857964123674
corridor,NE_ASIA_LALB,wind,ipsl_cm6a_lr,SSP2-4.5,2035,1.446482621325541
corridor,NE_ASIA_LALB,wind,ipsl_cm6a_lr,SSP2-4.5,2036,1.4618806752390283
corridor,NE_ASIA_LALB,wind,ipsl_cm6a_lr,SSP2-4.5,2037,1.0476161456110358
corridor,NE_ASIA_LALB,wind,ipsl_cm6a_lr,SSP2-4.5,2038,1.4079468584312078
corridor,NE_ASIA_LALB,wind,ipsl_cm6a_lr,SSP2-4.5,2039,1.4282405996707408
corridor,NE_ASIA_LALB,wind,ipsl_cm6a_lr,SSP2-4.5,2040,1.424888780547089
corridor,NE_ASIA_LALB,wind,ipsl_cm6a_lr,SSP2-4.5,2041,0.8947935076278465
corridor,NE_ASIA_LALB,wind,ipsl_cm6a_lr,SSP2-4.5,2042,1.6380441627560414
corridor,NE_ASIA_LALB,wind,ipsl_cm6a_lr,SSP2-4.5,2043,1.0934649684115243
corridor,NE_ASIA_LALB,wind,ipsl_cm6a_lr,SSP2-4.5,2044,1.5596319093179016
corridor,NE_ASIA_LALB,wind,ipsl_cm6a_lr,SSP2-4.5,2045,1.9098259085459437
corridor,NE_ASIA_LALB,wind,ipsl_cm6a_lr,SSP2-4.5,2046,1.9562841530052328
corridor,NE_ASIA_LALB,wind,ipsl_cm6a_lr,SSP2-4.5,2047,1.8982875251384304
corridor,NE_ASIA_LALB,wind,ipsl_cm6a_lr,SSP2-4.5,2048,1.6769862067562755
corridor,NE_ASIA_LALB,wind,ipsl_cm6a_lr,SSP2-4.5,2049,1.3711377902369302
corridor,NE_ASIA_LALB,wind,ipsl_cm6a_lr,SSP2-4.5,2050,1.3125520547665686
corridor,NE_ASIA_LALB,wind,ipsl_cm6a_lr,SSP2-4.5,2051,1.4885733438964976
corridor,NE_ASIA_LALB,wind,ipsl_cm6a_lr,SSP2-4.5,2052,1.8179860645578856
corridor,NE_ASIA_LALB,wind,ipsl_cm6a_lr,SSP2-4.5,2053,1.1379324354519476
corridor,NE_ASIA_LALB,wind,ipsl_cm6a_lr,SSP2-4.5,2054,1.9621752290407404
corridor,NE_ASIA_LALB,wind,ipsl_cm6a_lr,SSP2-4.5,2055,1.979198407377868
corridor,NE_ASIA_LALB,wind,ipsl_cm6a_lr,SSP2-4.5,2056,1.4963942551850036
corridor,NE_ASIA_LALB,wind,ipsl_cm6a_lr,SSP2-4.5,2057,1.4617994190178234
corridor,NE_ASIA_LALB,wind,ipsl_cm6a_lr,SSP2-4.5,2058,1.2558758404938857
corridor,NE_ASIA_LALB,wind,ipsl_cm6a_lr,SSP2-4.5,2059,1.4974505860603506
corridor,NE_ASIA_LALB,wind,ipsl_cm6a_lr,SSP2-4.5,2060,0.8583704064841575
corridor,NE_ASIA_LALB,wind,ipsl_cm6a_lr,SSP2-4.5,2061,1.172933552725005
corridor,NE_ASIA_LALB,wind,ipsl_cm6a_lr,SSP2-4.5,2062,1.2817356328842282
corridor,NE_ASIA_LALB,wind,ipsl_cm6a_lr,SSP2-4.5,2063,2.344424807524069
corridor,NE_ASIA_LALB,wind,ipsl_cm6a_lr,SSP2-4.5,2064,1.3085298718181648
corridor,NE_ASIA_LALB,wind,ipsl_cm6a_lr,SSP2-4.5,2065,1.971946289637617
corridor,NE_ASIA_LALB,wind,ipsl_cm6a_lr,SSP2-4.5,2066,1.0087756718872471
corridor,NE_ASIA_LALB,wind,ipsl_cm6a_lr,SSP2-4.5,2067,1.468482743209861
corridor,NE_ASIA_LALB,wind,ipsl_cm6a_lr,SSP2-4.5,2068,1.9047067666115955
corridor,NE_ASIA_LALB,wind,ipsl_cm6a_lr,SSP2-4.5,2069,1.2482783838136382
corridor,NE_ASIA_LALB,wind,ipsl_cm6a_lr,SSP2-4.5,2070,1.064253356897506
corridor,NE_ASIA_LALB,wind,ipsl_cm6a_lr,SSP2-4.5,2071,1.3323582586790217
corridor,NE_ASIA_LALB,wind,ipsl_cm6a_lr,SSP2-4.5,2072,1.3483454201960936
corridor,NE_ASIA_LALB,wind,ipsl_cm6a_lr,SSP2-4.5,2073,1.2047656773720377
corridor,NE_ASIA_LALB,wind,ipsl_cm6a_lr,SSP2-4.5,2074,1.4951144697014191
corridor,NE_ASIA_LALB,wind,ipsl_cm6a_lr,SSP2-4.5,2075,0.7929794624900064
corridor,NE_ASIA_LALB,wind,ipsl_cm6a_lr,SSP2-4.5,2076,1.469274991366354
corridor,NE_ASIA_LALB,wind,ipsl_cm6a_lr,SSP2-4.5,2077,1.6503138521541376
corridor,NE_ASIA_LALB,wind,ipsl_cm6a_lr,SSP2-4.5,2078,2.225262559164463
corridor,NE_ASIA_LALB,wind,ipsl_cm6a_lr,SSP2-4.5,2079,1.99735917281145
corridor,NE_ASIA_LALB,wind,ipsl_cm6a_lr,SSP2-4.5,2080,1.072094582241323
corridor,NE_ASIA_LALB,wind,ipsl_cm6a_lr,SSP2-4.5,2081,1.5570723383507432
corridor,NE_ASIA_LALB,wind,ipsl_cm6a_lr,SSP2-4.5,2082,1.7411989355432822
corridor,NE_ASIA_LALB,wind,ipsl_cm6a_lr,SSP2-4.5,2083,1.009222581103755
corridor,NE_ASIA_LALB,wind,ipsl_cm6a_lr,SSP2-4.5,2084,1.2580900725210475
corridor,NE_ASIA_LALB,wind,ipsl_cm6a_lr,SSP2-4.5,2085,1.6009303837323
corridor,NE_ASIA_LALB,wind,ipsl_cm6a_lr,SSP2-4.5,2086,1.3699798890850898
corridor,NE_ASIA_LALB,wind,ipsl_cm6a_lr,SSP2-4.5,2087,1.6838320433906464
corridor,NE_ASIA_LALB,wind,ipsl_cm6a_lr,SSP2-4.5,2088,1.0586669916914186
corridor,NE_ASIA_LALB,wind,ipsl_cm6a_lr,SSP2-4.5,2089,1.2610559245940842
corridor,NE_ASIA_LALB,wind,ipsl_cm6a_lr,SSP2-4.5,2090,1.1528632660936649
corridor,NE_ASIA_LALB,wind,ipsl_cm6a_lr,SSP2-4.5,2091,1.7319763544394324
corridor,NE_ASIA_LALB,wind,ipsl_cm6a_lr,SSP2-4.5,2092,1.509598391126655
corridor,NE_ASIA_LALB,wind,ipsl_cm6a_lr,SSP2-4.5,2093,1.387998456131646
corridor,NE_ASIA_LALB,wind,ipsl_cm6a_lr,SSP2-4.5,2094,1.6838117293353507
corridor,NE_ASIA_LALB,wind,ipsl_cm6a_lr,SSP2-4.5,2095,1.5975582505533672
corridor,NE_ASIA_LALB,wind,ipsl_cm6a_lr,SSP2-4.5,2096,1.717776829788359
corridor,NE_ASIA_LALB,wind,ipsl_cm6a_lr,SSP2-4.5,2097,1.4539988217846374
corridor,NE_ASIA_LALB,wind,ipsl_cm6a_lr,SSP2-4.5,2098,1.3463140146666124
corridor,NE_ASIA_LALB,wind,ipsl_cm6a_lr,SSP2-4.5,2099,2.2081174964956167
corridor,NE_ASIA_LALB,wind,ipsl_cm6a_lr,SSP2-4.5,2100,1.168058179454229
corridor,NE_ASIA_LALB,wind,ipsl_cm6a_lr,SSP5-8.5,2015,1.3132630467018758
corridor,NE_ASIA_LALB,wind,ipsl_cm6a_lr,SSP5-8.5,2016,1.6928311698862368
corridor,NE_ASIA_LALB,wind,ipsl_cm6a_lr,SSP5-8.5,2017,1.1353119223189243
corridor,NE_ASIA_LALB,wind,ipsl_cm6a_lr,SSP5-8.5,2018,1.796737562719478
corridor,NE_ASIA_LALB,wind,ipsl_cm6a_lr,SSP5-8.5,2019,1.5797021959492137
corridor,NE_ASIA_LALB,wind,ipsl_cm6a_lr,SSP5-8.5,2020,1.3161882706643264
corridor,NE_ASIA_LALB,wind,ipsl_cm6a_lr,SSP5-8.5,2021,1.8919292258311615
corridor,NE_ASIA_LALB,wind,ipsl_cm6a_lr,SSP5-8.5,2022,1.4971865033414988
corridor,NE_ASIA_LALB,wind,ipsl_cm6a_lr,SSP5-8.5,2023,2.0068458366341786
corridor,NE_ASIA_LALB,wind,ipsl_cm6a_lr,SSP5-8.5,2024,1.8948747638489087
corridor,NE_ASIA_LALB,wind,ipsl_cm6a_lr,SSP5-8.5,2025,1.3608182501471269
corridor,NE_ASIA_LALB,wind,ipsl_cm6a_lr,SSP5-8.5,2026,1.0102179698131928
corridor,NE_ASIA_LALB,wind,ipsl_cm6a_lr,SSP5-8.5,2027,1.9763341255812623
corridor,NE_ASIA_LALB,wind,ipsl_cm6a_lr,SSP5-8.5,2028,1.5563613464154085
corridor,NE_ASIA_LALB,wind,ipsl_cm6a_lr,SSP5-8.5,2029,1.5223149897411787
corridor,NE_ASIA_LALB,wind,ipsl_cm6a_lr,SSP5-8.5,2030,1.850671379527273
corridor,NE_ASIA_LALB,wind,ipsl_cm6a_lr,SSP5-8.5,2031,1.713490564121123
corridor,NE_ASIA_LALB,wind,ipsl_cm6a_lr,SSP5-8.5,2032,1.2444999695287593
corridor,NE_ASIA_LALB,wind,ipsl_cm6a_lr,SSP5-8.5,2033,1.812013732301187
corridor,NE_ASIA_LALB,wind,ipsl_cm6a_lr,SSP5-8.5,2034,1.358299307290526
corridor,NE_ASIA_LALB,wind,ipsl_cm6a_lr,SSP5-8.5,2035,1.7262477908462808
corridor,NE_ASIA_LALB,wind,ipsl_cm6a_lr,SSP5-8.5,2036,1.5067950514959592
corridor,NE_ASIA_LALB,wind,ipsl_cm6a_lr,SSP5-8.5,2037,0.7139781014483099
corridor,NE_ASIA_LALB,wind,ipsl_cm6a_lr,SSP5-8.5,2038,1.713592134397604
corridor,NE_ASIA_LALB,wind,ipsl_cm6a_lr,SSP5-8.5,2039,1.009222581103749
corridor,NE_ASIA_LALB,wind,ipsl_cm6a_lr,SSP5-8.5,2040,1.6083246998596614
corridor,NE_ASIA_LALB,wind,ipsl_cm6a_lr,SSP5-8.5,2041,2.377049180327657
corridor,NE_ASIA_LALB,wind,ipsl_cm6a_lr,SSP5-8.5,2042,1.4255794584271306
corridor,NE_ASIA_LALB,wind,ipsl_cm6a_lr,SSP5-8.5,2043,1.4997257602533527
corridor,NE_ASIA_LALB,wind,ipsl_cm6a_lr,SSP5-8.5,2044,1.0873504377677703
corridor,NE_ASIA_LALB,wind,ipsl_cm6a_lr,SSP5-8.5,2045,1.1719584780708443
corridor,NE_ASIA_LALB,wind,ipsl_cm6a_lr,SSP5-8.5,2046,0.9548215410241164
corridor,NE_ASIA_LALB,wind,ipsl_cm6a_lr,SSP5-8.5,2047,1.2567290308162935
corridor,NE_ASIA_LALB,wind,ipsl_cm6a_lr,SSP5-8.5,2048,1.4818697056491827
corridor,NE_ASIA_LALB,wind,ipsl_cm6a_lr,SSP5-8.5,2049,1.4640339651003036
corridor,NE_ASIA_LALB,wind,ipsl_cm6a_lr,SSP5-8.5,2050,1.93676234586692
corridor,NE_ASIA_LALB,wind,ipsl_cm6a_lr,SSP5-8.5,2051,1.24139191906866
corridor,NE_ASIA_LALB,wind,ipsl_cm6a_lr,SSP5-8.5,2052,1.439961809575875
corridor,NE_ASIA_LALB,wind,ipsl_cm6a_lr,SSP5-8.5,2053,1.4018323277874225
corridor,NE_ASIA_LALB,wind,ipsl_cm6a_lr,SSP5-8.5,2054,1.7910902553474886
corridor,NE_ASIA_LALB,wind,ipsl_cm6a_lr,SSP5-8.5,2055,1.025473825339597
corridor,NE_ASIA_LALB,wind,ipsl_cm6a_lr,SSP5-8.5,2056,2.439149247364007
corridor,NE_ASIA_LALB,wind,ipsl_cm6a_lr,SSP5-8.5,2057,1.415381802669086
corridor,NE_ASIA_LALB,wind,ipsl_cm6a_lr,SSP5-8.5,2058,1.3963678469131309
corridor,NE_ASIA_LALB,wind,ipsl_cm6a_lr,SSP5-8.5,2059,1.6271355150626725
corridor,NE_ASIA_LALB,wind,ipsl_cm6a_lr,SSP5-8.5,2060,1.8417331951974991
corridor,NE_ASIA_LALB,wind,ipsl_cm6a_lr,SSP5-8.5,2061,2.0516586426146235
corridor,NE_ASIA_LALB,wind,ipsl_cm6a_lr,SSP5-8.5,2062,1.588681008389535
corridor,NE_ASIA_LALB,wind,ipsl_cm6a_lr,SSP5-8.5,2063,1.2970524305765885
corridor,NE_ASIA_LALB,wind,ipsl_cm6a_lr,SSP5-8.5,2064,0.8151624108719913
corridor,NE_ASIA_LALB,wind,ipsl_cm6a_lr,SSP5-8.5,2065,2.3569992077516497
corridor,NE_ASIA_LALB,wind,ipsl_cm6a_lr,SSP5-8.5,2066,1.8259288601781631
corridor,NE_ASIA_LALB,wind,ipsl_cm6a_lr,SSP5-8.5,2067,1.8613565726123935
corridor,NE_ASIA_LALB,wind,ipsl_cm6a_lr,SSP5-8.5,2068,1.05854510735966
corridor,NE_ASIA_LALB,wind,ipsl_cm6a_lr,SSP5-8.5,2069,0.90533650232585
corridor,NE_ASIA_LALB,wind,ipsl_cm6a_lr,SSP5-8.5,2070,1.857476588051075
corridor,NE_ASIA_LALB,wind,ipsl_cm6a_lr,SSP5-8.5,2071,1.3197838584515256
corridor,NE_ASIA_LALB,wind,ipsl_cm6a_lr,SSP5-8.5,2072,1.5408820362807347
corridor,NE_ASIA_LALB,wind,ipsl_cm6a_lr,SSP5-8.5,2073,1.9543340036969563
corridor,NE_ASIA_LALB,wind,ipsl_cm6a_lr,SSP5-8.5,2074,1.259999593718757
corridor,NE_ASIA_LALB,wind,ipsl_cm6a_lr,SSP5-8.5,2075,1.355414711438668
corridor,NE_ASIA_LALB,wind,ipsl_cm6a_lr,SSP5-8.5,2076,1.6713795274949197
corridor,NE_ASIA_LALB,wind,ipsl_cm6a_lr,SSP5-8.5,2077,1.3539927275680494
corridor,NE_ASIA_LALB,wind,ipsl_cm6a_lr,SSP5-8.5,2078,1.3747536920794097
corridor,NE_ASIA_LALB,wind,ipsl_cm6a_lr,SSP5-8.5,2079,1.0756089138073273
corridor,NE_ASIA_LALB,wind,ipsl_cm6a_lr,SSP5-8.5,2080,1.1030328884553822
corridor,NE_ASIA_LALB,wind,ipsl_cm6a_lr,SSP5-8.5,2081,1.1458752310722629
corridor,NE_ASIA_LALB,wind,ipsl_cm6a_lr,SSP5-8.5,2082,1.3388790704286824
corridor,NE_ASIA_LALB,wind,ipsl_cm6a_lr,SSP5-8.5,2083,2.0359355638164174
corridor,NE_ASIA_LALB,wind,ipsl_cm6a_lr,SSP5-8.5,2084,0.7870071302333206
corridor,NE_ASIA_LALB,wind,ipsl_cm6a_lr,SSP5-8.5,2085,1.104800211266073
corridor,NE_ASIA_LALB,wind,ipsl_cm6a_lr,SSP5-8.5,2086,1.6724561724255569
corridor,NE_ASIA_LALB,wind,ipsl_cm6a_lr,SSP5-8.5,2087,1.6959798484569717
corridor,NE_ASIA_LALB,wind,ipsl_cm6a_lr,SSP5-8.5,2088,1.1637922278423307
corridor,NE_ASIA_LALB,wind,ipsl_cm6a_lr,SSP5-8.5,2089,1.554776850102423
corridor,NE_ASIA_LALB,wind,ipsl_cm6a_lr,SSP5-8.5,2090,1.5761675503278982
corridor,NE_ASIA_LALB,wind,ipsl_cm6a_lr,SSP5-8.5,2091,0.999106181566894
corridor,NE_ASIA_LALB,wind,ipsl_cm6a_lr,SSP5-8.5,2092,1.2055782395838528
corridor,NE_ASIA_LALB,wind,ipsl_cm6a_lr,SSP5-8.5,2093,1.5908546123060887
corridor,NE_ASIA_LALB,wind,ipsl_cm6a_lr,SSP5-8.5,2094,1.021329758059476
corridor,NE_ASIA_LALB,wind,ipsl_cm6a_lr,SSP5-8.5,2095,0.9009283523268736
corridor,NE_ASIA_LALB,wind,ipsl_cm6a_lr,SSP5-8.5,2096,0.7636256525889473
corridor,NE_ASIA_LALB,wind,ipsl_cm6a_lr,SSP5-8.5,2097,1.145509578076953
corridor,NE_ASIA_LALB,wind,ipsl_cm6a_lr,SSP5-8.5,2098,0.8979218721432503
corridor,NE_ASIA_LALB,wind,ipsl_cm6a_lr,SSP5-8.5,2099,1.1041095333860322
corridor,NE_ASIA_LALB,wind,ipsl_cm6a_lr,SSP5-8.5,2100,1.7956202896782425
corridor,NE_ASIA_LALB,wind,mpi_esm1_2_lr,SSP1-2.6,2015,1.6425945111420757
corridor,NE_ASIA_LALB,wind,mpi_esm1_2_lr,SSP1-2.6,2016,1.5841509740587552
corridor,NE_ASIA_LALB,wind,mpi_esm1_2_lr,SSP1-2.6,2017,1.3942754992177369
corridor,NE_ASIA_LALB,wind,mpi_esm1_2_lr,SSP1-2.6,2018,2.2506348142277397
corridor,NE_ASIA_LALB,wind,mpi_esm1_2_lr,SSP1-2.6,2019,1.597233225668662
corridor,NE_ASIA_LALB,wind,mpi_esm1_2_lr,SSP1-2.6,2020,1.8812237186907663
corridor,NE_ASIA_LALB,wind,mpi_esm1_2_lr,SSP1-2.6,2021,1.3983586243319803
corridor,NE_ASIA_LALB,wind,mpi_esm1_2_lr,SSP1-2.6,2022,1.7222052938425896
corridor,NE_ASIA_LALB,wind,mpi_esm1_2_lr,SSP1-2.6,2023,2.165640806874042
corridor,NE_ASIA_LALB,wind,mpi_esm1_2_lr,SSP1-2.6,2024,1.4069920978323216
corridor,NE_ASIA_LALB,wind,mpi_esm1_2_lr,SSP1-2.6,2025,1.8693196822879743
corridor,NE_ASIA_LALB,wind,mpi_esm1_2_lr,SSP1-2.6,2026,1.866394458325528
corridor,NE_ASIA_LALB,wind,mpi_esm1_2_lr,SSP1-2.6,2027,1.7625083795476328
corridor,NE_ASIA_LALB,wind,mpi_esm1_2_lr,SSP1-2.6,2028,1.7257196254086415
corridor,NE_ASIA_LALB,wind,mpi_esm1_2_lr,SSP1-2.6,2029,1.2744022589228026
corridor,NE_ASIA_LALB,wind,mpi_esm1_2_lr,SSP1-2.6,2030,2.0278302557537597
corridor,NE_ASIA_LALB,wind,mpi_esm1_2_lr,SSP1-2.6,2031,2.233855404554169
corridor,NE_ASIA_LALB,wind,mpi_esm1_2_lr,SSP1-2.6,2032,2.144676701809721
corridor,NE_ASIA_LALB,wind,mpi_esm1_2_lr,SSP1-2.6,2033,1.5850447924917466
corridor,NE_ASIA_LALB,wind,mpi_esm1_2_lr,SSP1-2.6,2034,1.5601194466449728
corridor,NE_ASIA_LALB,wind,mpi_esm1_2_lr,SSP1-2.6,2035,2.161679566091498
corridor,NE_ASIA_LALB,wind,mpi_esm1_2_lr,SSP1-2.6,2036,1.6086294106890444
corridor,NE_ASIA_LALB,wind,mpi_esm1_2_lr,SSP1-2.6,2037,1.5512015763705131
corridor,NE_ASIA_LALB,wind,mpi_esm1_2_lr,SSP1-2.6,2038,2.132732037296377
corridor,NE_ASIA_LALB,wind,mpi_esm1_2_lr,SSP1-2.6,2039,2.395656854977726
corridor,NE_ASIA_LALB,wind,mpi_esm1_2_lr,SSP1-2.6,2040,1.2685721250531907
corridor,NE_ASIA_LALB,wind,mpi_esm1_2_lr,SSP1-2.6,2041,1.2837467243584402
corridor,NE_ASIA_LALB,wind,mpi_esm1_2_lr,SSP1-2.6,2042,2.568732606089865
corridor,NE_ASIA_LALB,wind,mpi_esm1_2_lr,SSP1-2.6,2043,1.8595079935805447
corridor,NE_ASIA_LALB,wind,mpi_esm1_2_lr,SSP1-2.6,2044,2.04997257602513
corridor,NE_ASIA_LALB,wind,mpi_esm1_2_lr,SSP1-2.6,2045,1.9821033172849856
corridor,NE_ASIA_LALB,wind,mpi_esm1_2_lr,SSP1-2.6,2046,1.7380096288620084
corridor,NE_ASIA_LALB,wind,mpi_esm1_2_lr,SSP1-2.6,2047,2.396550673410697
corridor,NE_ASIA_LALB,wind,mpi_esm1_2_lr,SSP1-2.6,2048,1.789444816868584
corridor,NE_ASIA_LALB,wind,mpi_esm1_2_lr,SSP1-2.6,2049,1.8505494951955368
corridor,NE_ASIA_LALB,wind,mpi_esm1_2_lr,SSP1-2.6,2050,1.6737765860196865
corridor,NE_ASIA_LALB,wind,mpi_esm1_2_lr,SSP1-2.6,2051,2.2052735287542675
corridor,NE_ASIA_LALB,wind,mpi_esm1_2_lr,SSP1-2.6,2052,1.4893655920529782
corridor,NE_ASIA_LALB,wind,mpi_esm1_2_lr,SSP1-2.6,2053,2.205557925528444
corridor,NE_ASIA_LALB,wind,mpi_esm1_2_lr,SSP1-2.6,2054,1.6415381802667175
corridor,NE_ASIA_LALB,wind,mpi_esm1_2_lr,SSP1-2.6,2055,1.5278810408920227
corridor,NE_ASIA_LALB,wind,mpi_esm1_2_lr,SSP1-2.6,2056,2.0009953887092413
corridor,NE_ASIA_LALB,wind,mpi_esm1_2_lr,SSP1-2.6,2057,1.7346578097383536
corridor,NE_ASIA_LALB,wind,mpi_esm1_2_lr,SSP1-2.6,2058,1.9474069108414056
corridor,NE_ASIA_LALB,wind,mpi_esm1_2_lr,SSP1-2.6,2059,1.8660288053301968
corridor,NE_ASIA_LALB,wind,mpi_esm1_2_lr,SSP1-2.6,2060,2.193085095577394
corridor,NE_ASIA_LALB,wind,mpi_esm1_2_lr,SSP1-2.6,2061,1.791110569402785
corridor,NE_ASIA_LALB,wind,mpi_esm1_2_lr,SSP1-2.6,2062,2.125398663334944
corridor,NE_ASIA_LALB,wind,mpi_esm1_2_lr,SSP1-2.6,2063,1.795498405346474
corridor,NE_ASIA_LALB,wind,mpi_esm1_2_lr,SSP1-2.6,2064,1.9770044894060244
corridor,NE_ASIA_LALB,wind,mpi_esm1_2_lr,SSP1-2.6,2065,1.2131960103193922
corridor,NE_ASIA_LALB,wind,mpi_esm1_2_lr,SSP1-2.6,2066,1.7251305178051046
corridor,NE_ASIA_LALB,wind,mpi_esm1_2_lr,SSP1-2.6,2067,1.6334125581488117
corridor,NE_ASIA_LALB,wind,mpi_esm1_2_lr,SSP1-2.6,2068,1.5457574095514934
corridor,NE_ASIA_LALB,wind,mpi_esm1_2_lr,SSP1-2.6,2069,1.9423893391835685
corridor,NE_ASIA_LALB,wind,mpi_esm1_2_lr,SSP1-2.6,2070,1.4335628821580233
corridor,NE_ASIA_LALB,wind,mpi_esm1_2_lr,SSP1-2.6,2071,1.528998313933266
corridor,NE_ASIA_LALB,wind,mpi_esm1_2_lr,SSP1-2.6,2072,1.708026083246793
corridor,NE_ASIA_LALB,wind,mpi_esm1_2_lr,SSP1-2.6,2073,1.709569951449212
corridor,NE_ASIA_LALB,wind,mpi_esm1_2_lr,SSP1-2.6,2074,1.6320718304993085
corridor,NE_ASIA_LALB,wind,mpi_esm1_2_lr,SSP1-2.6,2075,1.734678123793634
corridor,NE_ASIA_LALB,wind,mpi_esm1_2_lr,SSP1-2.6,2076,1.054624494687746
corridor,NE_ASIA_LALB,wind,mpi_esm1_2_lr,SSP1-2.6,2077,1.8066305076480067
corridor,NE_ASIA_LALB,wind,mpi_esm1_2_lr,SSP1-2.6,2078,1.7681150588090182
corridor,NE_ASIA_LALB,wind,mpi_esm1_2_lr,SSP1-2.6,2079,1.9614032949394984
corridor,NE_ASIA_LALB,wind,mpi_esm1_2_lr,SSP1-2.6,2080,1.097649663802268
corridor,NE_ASIA_LALB,wind,mpi_esm1_2_lr,SSP1-2.6,2081,1.7939951652546435
corridor,NE_ASIA_LALB,wind,mpi_esm1_2_lr,SSP1-2.6,2082,1.1106100310803604
corridor,NE_ASIA_LALB,wind,mpi_esm1_2_lr,SSP1-2.6,2083,1.806772706035093
corridor,NE_ASIA_LALB,wind,mpi_esm1_2_lr,SSP1-2.6,2084,1.4691124789240089
corridor,NE_ASIA_LALB,wind,mpi_esm1_2_lr,SSP1-2.6,2085,1.8271273894405515
corridor,NE_ASIA_LALB,wind,mpi_esm1_2_lr,SSP1-2.6,2086,1.7551343774755854
corridor,NE_ASIA_LALB,wind,mpi_esm1_2_lr,SSP1-2.6,2087,1.3962865906919313
corridor,NE_ASIA_LALB,wind,mpi_esm1_2_lr,SSP1-2.6,2088,1.3934629370059417
corridor,NE_ASIA_LALB,wind,mpi_esm1_2_lr,SSP1-2.6,2089,1.927722591260692
corridor,NE_ASIA_LALB,wind,mpi_esm1_2_lr,SSP1-2.6,2090,1.5753956162266682
corridor,NE_ASIA_LALB,wind,mpi_esm1_2_lr,SSP1-2.6,2091,1.540638267617207
corridor,NE_ASIA_LALB,wind,mpi_esm1_2_lr,SSP1-2.6,2092,1.7331748837018726
corridor,NE_ASIA_LALB,wind,mpi_esm1_2_lr,SSP1-2.6,2093,1.779531557884701
corridor,NE_ASIA_LALB,wind,mpi_esm1_2_lr,SSP1-2.6,2094,1.6951266581345517
corridor,NE_ASIA_LALB,wind,mpi_esm1_2_lr,SSP1-2.6,2095,1.4672638998921896
corridor,NE_ASIA_LALB,wind,mpi_esm1_2_lr,SSP1-2.6,2096,1.8753732707658508
corridor,NE_ASIA_LALB,wind,mpi_esm1_2_lr,SSP1-2.6,2097,2.2623966522434644
corridor,NE_ASIA_LALB,wind,mpi_esm1_2_lr,SSP1-2.6,2098,1.662806996160454
corridor,NE_ASIA_LALB,wind,mpi_esm1_2_lr,SSP1-2.6,2099,1.4732768602594266
corridor,NE_ASIA_LALB,wind,mpi_esm1_2_lr,SSP1-2.6,2100,1.3159241879454808
corridor,NE_ASIA_LALB,wind,mpi_esm1_2_lr,SSP2-4.5,2015,1.7631178012064437
corridor,NE_ASIA_LALB,wind,mpi_esm1_2_lr,SSP2-4.5,2016,1.4793101346820203
corridor,NE_ASIA_LALB,wind,mpi_esm1_2_lr,SSP2-4.5,2017,1.6498466288823637
corridor,NE_ASIA_LALB,wind,mpi_esm1_2_lr,SSP2-4.5,2018,1.6982753367052772
corridor,NE_ASIA_LALB,wind,mpi_esm1_2_lr,SSP2-4.5,2019,1.6175472809635365
corridor,NE_ASIA_LALB,wind,mpi_esm1_2_lr,SSP2-4.5,2020,1.732992057204163
corridor,NE_ASIA_LALB,wind,mpi_esm1_2_lr,SSP2-4.5,2021,1.8517277104026135
corridor,NE_ASIA_LALB,wind,mpi_esm1_2_lr,SSP2-4.5,2022,1.665508765514674
corridor,NE_ASIA_LALB,wind,mpi_esm1_2_lr,SSP2-4.5,2023,1.3214089828751063
corridor,NE_ASIA_LALB,wind,mpi_esm1_2_lr,SSP2-4.5,2024,1.646494809758696
corridor,NE_ASIA_LALB,wind,mpi_esm1_2_lr,SSP2-4.5,2025,1.762102098441722
corridor,NE_ASIA_LALB,wind,mpi_esm1_2_lr,SSP2-4.5,2026,1.6785300749586975
corridor,NE_ASIA_LALB,wind,mpi_esm1_2_lr,SSP2-4.5,2027,2.3692892112049933
corridor,NE_ASIA_LALB,wind,mpi_esm1_2_lr,SSP2-4.5,2028,1.3349381437014796
corridor,NE_ASIA_LALB,wind,mpi_esm1_2_lr,SSP2-4.5,2029,1.722306864119108
corridor,NE_ASIA_LALB,wind,mpi_esm1_2_lr,SSP2-4.5,2030,1.7127389440752006
corridor,NE_ASIA_LALB,wind,mpi_esm1_2_lr,SSP2-4.5,2031,1.93521847766447
corridor,NE_ASIA_LALB,wind,mpi_esm1_2_lr,SSP2-4.5,2032,1.505901233063014
corridor,NE_ASIA_LALB,wind,mpi_esm1_2_lr,SSP2-4.5,2033,1.71076848071163
corridor,NE_ASIA_LALB,wind,mpi_esm1_2_lr,SSP2-4.5,2034,1.029516322343312
corridor,NE_ASIA_LALB,wind,mpi_esm1_2_lr,SSP2-4.5,2035,2.181201373229909
corridor,NE_ASIA_LALB,wind,mpi_esm1_2_lr,SSP2-4.5,2036,1.1756759501897966
corridor,NE_ASIA_LALB,wind,mpi_esm1_2_lr,SSP2-4.5,2037,1.282446624819567
corridor,NE_ASIA_LALB,wind,mpi_esm1_2_lr,SSP2-4.5,2038,2.009974201149574
corridor,NE_ASIA_LALB,wind,mpi_esm1_2_lr,SSP2-4.5,2039,1.796615678387692
corridor,NE_ASIA_LALB,wind,mpi_esm1_2_lr,SSP2-4.5,2040,2.048225567269742
corridor,NE_ASIA_LALB,wind,mpi_esm1_2_lr,SSP2-4.5,2041,2.0664066467586584
corridor,NE_ASIA_LALB,wind,mpi_esm1_2_lr,SSP2-4.5,2042,2.0673004651916407
corridor,NE_ASIA_LALB,wind,mpi_esm1_2_lr,SSP2-4.5,2043,1.6714607837160695
corridor,NE_ASIA_LALB,wind,mpi_esm1_2_lr,SSP2-4.5,2044,2.014422979259137
corridor,NE_ASIA_LALB,wind,mpi_esm1_2_lr,SSP2-4.5,2045,2.2911004123750818
corridor,NE_ASIA_LALB,wind,mpi_esm1_2_lr,SSP2-4.5,2046,1.8203628090273936
corridor,NE_ASIA_LALB,wind,mpi_esm1_2_lr,SSP2-4.5,2047,1.8144717329918565
corridor,NE_ASIA_LALB,wind,mpi_esm1_2_lr,SSP2-4.5,2048,1.5196132203870172
corridor,NE_ASIA_LALB,wind,mpi_esm1_2_lr,SSP2-4.5,2049,2.206228289353141
corridor,NE_ASIA_LALB,wind,mpi_esm1_2_lr,SSP2-4.5,2050,1.6987628740323606
corridor,NE_ASIA_LALB,wind,mpi_esm1_2_lr,SSP2-4.5,2051,1.3425762284923628
corridor,NE_ASIA_LALB,wind,mpi_esm1_2_lr,SSP2-4.5,2052,2.17203973429195
corridor,NE_ASIA_LALB,wind,mpi_esm1_2_lr,SSP2-4.5,2053,1.6991488410829862
corridor,NE_ASIA_LALB,wind,mpi_esm1_2_lr,SSP2-4.5,2054,2.2210778637737096
corridor,NE_ASIA_LALB,wind,mpi_esm1_2_lr,SSP2-4.5,2055,1.964206634570224
corridor,NE_ASIA_LALB,wind,mpi_esm1_2_lr,SSP2-4.5,2056,2.486826335141015
corridor,NE_ASIA_LALB,wind,mpi_esm1_2_lr,SSP2-4.5,2057,1.8958295244477603
corridor,NE_ASIA_LALB,wind,mpi_esm1_2_lr,SSP2-4.5,2058,1.5924594226743127
corridor,NE_ASIA_LALB,wind,mpi_esm1_2_lr,SSP2-4.5,2059,1.783208401893061
corridor,NE_ASIA_LALB,wind,mpi_esm1_2_lr,SSP2-4.5,2060,2.596136266682607
corridor,NE_ASIA_LALB,wind,mpi_esm1_2_lr,SSP2-4.5,2061,1.8796595364330424
corridor,NE_ASIA_LALB,wind,mpi_esm1_2_lr,SSP2-4.5,2062,1.967274056919761
corridor,NE_ASIA_LALB,wind,mpi_esm1_2_lr,SSP2-4.5,2063,1.3280313649012212
corridor,NE_ASIA_LALB,wind,mpi_esm1_2_lr,SSP2-4.5,2064,1.88479899242262
corridor,NE_ASIA_LALB,wind,mpi_esm1_2_lr,SSP2-4.5,2065,1.4752879517336297
corridor,NE_ASIA_LALB,wind,mpi_esm1_2_lr,SSP2-4.5,2066,1.7032725943078446
corridor,NE_ASIA_LALB,wind,mpi_esm1_2_lr,SSP2-4.5,2067,1.5667621427263845
corridor,NE_ASIA_LALB,wind,mpi_esm1_2_lr,SSP2-4.5,2068,1.813354459950624
corridor,NE_ASIA_LALB,wind,mpi_esm1_2_lr,SSP2-4.5,2069,2.1781745789909994
corridor,NE_ASIA_LALB,wind,mpi_esm1_2_lr,SSP2-4.5,2070,1.5671887378875695
corridor,NE_ASIA_LALB,wind,mpi_esm1_2_lr,SSP2-4.5,2071,2.249680053628868
corridor,NE_ASIA_LALB,wind,mpi_esm1_2_lr,SSP2-4.5,2072,2.381822983321915
corridor,NE_ASIA_LALB,wind,mpi_esm1_2_lr,SSP2-4.5,2073,2.2097426209192044
corridor,NE_ASIA_LALB,wind,mpi_esm1_2_lr,SSP2-4.5,2074,2.03556991082104
corridor,NE_ASIA_LALB,wind,mpi_esm1_2_lr,SSP2-4.5,2075,1.5426696731466716
corridor,NE_ASIA_LALB,wind,mpi_esm1_2_lr,SSP2-4.5,2076,2.1256830601090706
corridor,NE_ASIA_LALB,wind,mpi_esm1_2_lr,SSP2-4.5,2077,2.119446645133543
corridor,NE_ASIA_LALB,wind,mpi_esm1_2_lr,SSP2-4.5,2078,1.869725963393875
corridor,NE_ASIA_LALB,wind,mpi_esm1_2_lr,SSP2-4.5,2079,2.10299226034472
corridor,NE_ASIA_LALB,wind,mpi_esm1_2_lr,SSP2-4.5,2080,1.5573567351248745
corridor,NE_ASIA_LALB,wind,mpi_esm1_2_lr,SSP2-4.5,2081,2.3654701688095594
corridor,NE_ASIA_LALB,wind,mpi_esm1_2_lr,SSP2-4.5,2082,2.097202754585678
corridor,NE_ASIA_LALB,wind,mpi_esm1_2_lr,SSP2-4.5,2083,1.8936965486417845
corridor,NE_ASIA_LALB,wind,mpi_esm1_2_lr,SSP2-4.5,2084,1.325349909602287
corridor,NE_ASIA_LALB,wind,mpi_esm1_2_lr,SSP2-4.5,2085,1.9022081378103255
corridor,NE_ASIA_LALB,wind,mpi_esm1_2_lr,SSP2-4.5,2086,2.266236008694164
corridor,NE_ASIA_LALB,wind,mpi_esm1_2_lr,SSP2-4.5,2087,1.2743210027015903
corridor,NE_ASIA_LALB,wind,mpi_esm1_2_lr,SSP2-4.5,2088,2.015601194466241
corridor,NE_ASIA_LALB,wind,mpi_esm1_2_lr,SSP2-4.5,2089,1.8845552237591097
corridor,NE_ASIA_LALB,wind,mpi_esm1_2_lr,SSP2-4.5,2090,1.6688808986936514
corridor,NE_ASIA_LALB,wind,mpi_esm1_2_lr,SSP2-4.5,2091,1.2706441586932669
corridor,NE_ASIA_LALB,wind,mpi_esm1_2_lr,SSP2-4.5,2092,1.99997968594448
corridor,NE_ASIA_LALB,wind,mpi_esm1_2_lr,SSP2-4.5,2093,2.1424624697826182
corridor,NE_ASIA_LALB,wind,mpi_esm1_2_lr,SSP2-4.5,2094,2.079387328092083
corridor,NE_ASIA_LALB,wind,mpi_esm1_2_lr,SSP2-4.5,2095,1.4057326264040622
corridor,NE_ASIA_LALB,wind,mpi_esm1_2_lr,SSP2-4.5,2096,1.7284010807075496
corridor,NE_ASIA_LALB,wind,mpi_esm1_2_lr,SSP2-4.5,2097,1.8726918154668977
corridor,NE_ASIA_LALB,wind,mpi_esm1_2_lr,SSP2-4.5,2098,1.8847380502567648
corridor,NE_ASIA_LALB,wind,mpi_esm1_2_lr,SSP2-4.5,2099,1.7182237390048232
corridor,NE_ASIA_LALB,wind,mpi_esm1_2_lr,SSP2-4.5,2100,1.64578381782338
corridor,NE_ASIA_LALB,wind,mpi_esm1_2_lr,SSP5-8.5,2015,1.5467934263715477
corridor,NE_ASIA_LALB,wind,mpi_esm1_2_lr,SSP5-8.5,2016,2.4815446807644097
corridor,NE_ASIA_LALB,wind,mpi_esm1_2_lr,SSP5-8.5,2017,1.7915371645639555
corridor,NE_ASIA_LALB,wind,mpi_esm1_2_lr,SSP5-8.5,2018,1.617019115525829
corridor,NE_ASIA_LALB,wind,mpi_esm1_2_lr,SSP5-8.5,2019,1.3773132630465477
corridor,NE_ASIA_LALB,wind,mpi_esm1_2_lr,SSP5-8.5,2020,1.3074735409428426
corridor,NE_ASIA_LALB,wind,mpi_esm1_2_lr,SSP5-8.5,2021,1.7415239604280084
corridor,NE_ASIA_LALB,wind,mpi_esm1_2_lr,SSP5-8.5,2022,1.5690779450299872
corridor,NE_ASIA_LALB,wind,mpi_esm1_2_lr,SSP5-8.5,2023,2.0254128831736065
corridor,NE_ASIA_LALB,wind,mpi_esm1_2_lr,SSP5-8.5,2024,1.6547220021531142
corridor,NE_ASIA_LALB,wind,mpi_esm1_2_lr,SSP5-8.5,2025,1.8618847380500108
corridor,NE_ASIA_LALB,wind,mpi_esm1_2_lr,SSP5-8.5,2026,1.990493022121809
corridor,NE_ASIA_LALB,wind,mpi_esm1_2_lr,SSP5-8.5,2027,1.4790663660184746
corridor,NE_ASIA_LALB,wind,mpi_esm1_2_lr,SSP5-8.5,2028,1.4614337660225465
corridor,NE_ASIA_LALB,wind,mpi_esm1_2_lr,SSP5-8.5,2029,1.605744814837188
corridor,NE_ASIA_LALB,wind,mpi_esm1_2_lr,SSP5-8.5,2030,1.642797651695025
corridor,NE_ASIA_LALB,wind,mpi_esm1_2_lr,SSP5-8.5,2031,2.230259816766953
corridor,NE_ASIA_LALB,wind,mpi_esm1_2_lr,SSP5-8.5,2032,1.6964470717287308
corridor,NE_ASIA_LALB,wind,mpi_esm1_2_lr,SSP5-8.5,2033,1.6343876328029698
corridor,NE_ASIA_LALB,wind,mpi_esm1_2_lr,SSP5-8.5,2034,1.698214394539411
corridor,NE_ASIA_LALB,wind,mpi_esm1_2_lr,SSP5-8.5,2035,0.9915493529972348
corridor,NE_ASIA_LALB,wind,mpi_esm1_2_lr,SSP5-8.5,2036,1.8896743656934267
corridor,NE_ASIA_LALB,wind,mpi_esm1_2_lr,SSP5-8.5,2037,1.2922379994716635
corridor,NE_ASIA_LALB,wind,mpi_esm1_2_lr,SSP5-8.5,2038,2.145509578076841
corridor,NE_ASIA_LALB,wind,mpi_esm1_2_lr,SSP5-8.5,2039,2.101712474861132
corridor,NE_ASIA_LALB,wind,mpi_esm1_2_lr,SSP5-8.5,2040,1.4980803217744194
corridor,NE_ASIA_LALB,wind,mpi_esm1_2_lr,SSP5-8.5,2041,1.810977715481148
corridor,NE_ASIA_LALB,wind,mpi_esm1_2_lr,SSP5-8.5,2042,1.3616917545247862
corridor,NE_ASIA_LALB,wind,mpi_esm1_2_lr,SSP5-8.5,2043,1.3346334328720155
corridor,NE_ASIA_LALB,wind,mpi_esm1_2_lr,SSP5-8.5,2044,1.9569342027746708
corridor,NE_ASIA_LALB,wind,mpi_esm1_2_lr,SSP5-8.5,2045,1.6346923436324057
corridor,NE_ASIA_LALB,wind,mpi_esm1_2_lr,SSP5-8.5,2046,1.064639323948128
corridor,NE_ASIA_LALB,wind,mpi_esm1_2_lr,SSP5-8.5,2047,1.338493103378092
corridor,NE_ASIA_LALB,wind,mpi_esm1_2_lr,SSP5-8.5,2048,1.446563877546725
corridor,NE_ASIA_LALB,wind,mpi_esm1_2_lr,SSP5-8.5,2049,1.8456131797588693
corridor,NE_ASIA_LALB,wind,mpi_esm1_2_lr,SSP5-8.5,2050,1.964084750238471
corridor,NE_ASIA_LALB,wind,mpi_esm1_2_lr,SSP5-8.5,2051,3.085258090072202
corridor,NE_ASIA_LALB,wind,mpi_esm1_2_lr,SSP5-8.5,2052,1.888191439656878
corridor,NE_ASIA_LALB,wind,mpi_esm1_2_lr,SSP5-8.5,2053,1.6706075933936586
corridor,NE_ASIA_LALB,wind,mpi_esm1_2_lr,SSP5-8.5,2054,2.433440997826093
corridor,NE_ASIA_LALB,wind,mpi_esm1_2_lr,SSP5-8.5,2055,2.4466045056571746
corridor,NE_ASIA_LALB,wind,mpi_esm1_2_lr,SSP5-8.5,2056,1.6331078473194005
corridor,NE_ASIA_LALB,wind,mpi_esm1_2_lr,SSP5-8.5,2057,1.6844617791048002
corridor,NE_ASIA_LALB,wind,mpi_esm1_2_lr,SSP5-8.5,2058,1.5993458874193305
corridor,NE_ASIA_LALB,wind,mpi_esm1_2_lr,SSP5-8.5,2059,2.085258090072282
corridor,NE_ASIA_LALB,wind,mpi_esm1_2_lr,SSP5-8.5,2060,2.18829097852779
corridor,NE_ASIA_LALB,wind,mpi_esm1_2_lr,SSP5-8.5,2061,1.745200804436417
corridor,NE_ASIA_LALB,wind,mpi_esm1_2_lr,SSP5-8.5,2062,1.6612631279580357
corridor,NE_ASIA_LALB,wind,mpi_esm1_2_lr,SSP5-8.5,2063,1.601438235114716
corridor,NE_ASIA_LALB,wind,mpi_esm1_2_lr,SSP5-8.5,2064,1.909338371218848
corridor,NE_ASIA_LALB,wind,mpi_esm1_2_lr,SSP5-8.5,2065,1.5912608934119987
corridor,NE_ASIA_LALB,wind,mpi_esm1_2_lr,SSP5-8.5,2066,1.554472139272995
corridor,NE_ASIA_LALB,wind,mpi_esm1_2_lr,SSP5-8.5,2067,2.342779369045221
corridor,NE_ASIA_LALB,wind,mpi_esm1_2_lr,SSP5-8.5,2068,1.7697198691772904
corridor,NE_ASIA_LALB,wind,mpi_esm1_2_lr,SSP5-8.5,2069,1.7288683039793615
corridor,NE_ASIA_LALB,wind,mpi_esm1_2_lr,SSP5-8.5,2070,1.6291059784262782
corridor,NE_ASIA_LALB,wind,mpi_esm1_2_lr,SSP5-8.5,2071,1.6731671643608497
corridor,NE_ASIA_LALB,wind,mpi_esm1_2_lr,SSP5-8.5,2072,1.8698072196150648
corridor,NE_ASIA_LALB,wind,mpi_esm1_2_lr,SSP5-8.5,2073,1.6040993763583125
corridor,NE_ASIA_LALB,wind,mpi_esm1_2_lr,SSP5-8.5,2074,1.1354541207059858
corridor,NE_ASIA_LALB,wind,mpi_esm1_2_lr,SSP5-8.5,2075,2.123245373473688
corridor,NE_ASIA_LALB,wind,mpi_esm1_2_lr,SSP5-8.5,2076,2.3326629695083696
corridor,NE_ASIA_LALB,wind,mpi_esm1_2_lr,SSP5-8.5,2077,1.3250655128282047
corridor,NE_ASIA_LALB,wind,mpi_esm1_2_lr,SSP5-8.5,2078,1.030044487780971
corridor,NE_ASIA_LALB,wind,mpi_esm1_2_lr,SSP5-8.5,2079,1.6373941129866028
corridor,NE_ASIA_LALB,wind,mpi_esm1_2_lr,SSP5-8.5,2080,1.123021918865533
corridor,NE_ASIA_LALB,wind,mpi_esm1_2_lr,SSP5-8.5,2081,1.4871513600258417
corridor,NE_ASIA_LALB,wind,mpi_esm1_2_lr,SSP5-8.5,2082,2.003900298616401
corridor,NE_ASIA_LALB,wind,mpi_esm1_2_lr,SSP5-8.5,2083,1.6483027606799503
corridor,NE_ASIA_LALB,wind,mpi_esm1_2_lr,SSP5-8.5,2084,1.839498649115127
corridor,NE_ASIA_LALB,wind,mpi_esm1_2_lr,SSP5-8.5,2085,1.7575517500556757
corridor,NE_ASIA_LALB,wind,mpi_esm1_2_lr,SSP5-8.5,2086,2.4888780547257903
corridor,NE_ASIA_LALB,wind,mpi_esm1_2_lr,SSP5-8.5,2087,1.60046316046057
corridor,NE_ASIA_LALB,wind,mpi_esm1_2_lr,SSP5-8.5,2088,1.6535234728907091
corridor,NE_ASIA_LALB,wind,mpi_esm1_2_lr,SSP5-8.5,2089,1.4040059317040017
corridor,NE_ASIA_LALB,wind,mpi_esm1_2_lr,SSP5-8.5,2090,2.0412375322483403
corridor,NE_ASIA_LALB,wind,mpi_esm1_2_lr,SSP5-8.5,2091,1.6538688118307563
corridor,NE_ASIA_LALB,wind,mpi_esm1_2_lr,SSP5-8.5,2092,1.4610884270825415
corridor,NE_ASIA_LALB,wind,mpi_esm1_2_lr,SSP5-8.5,2093,1.996241899770244
corridor,NE_ASIA_LALB,wind,mpi_esm1_2_lr,SSP5-8.5,2094,1.4126597192596106
corridor,NE_ASIA_LALB,wind,mpi_esm1_2_lr,SSP5-8.5,2095,1.819651817092052
corridor,NE_ASIA_LALB,wind,mpi_esm1_2_lr,SSP5-8.5,2096,1.3580352245717329
corridor,NE_ASIA_LALB,wind,mpi_esm1_2_lr,SSP5-8.5,2097,1.7749405813880896
corridor,NE_ASIA_LALB,wind,mpi_esm1_2_lr,SSP5-8.5,2098,1.2720458285086198
corridor,NE_ASIA_LALB,wind,mpi_esm1_2_lr,SSP5-8.5,2099,2.2460641517864133
corridor,NE_ASIA_LALB,wind,mpi_esm1_2_lr,SSP5-8.5,2100,1.8939606313606252
corridor,NE_ASIA_LALB,wind,mri_esm2_0,SSP1-2.6,2015,1.6436305279620949
corridor,NE_ASIA_LALB,wind,mri_esm2_0,SSP1-2.6,2016,1.6288825238180538
corridor,NE_ASIA_LALB,wind,mri_esm2_0,SSP1-2.6,2017,1.6123671968633322
corridor,NE_ASIA_LALB,wind,mri_esm2_0,SSP1-2.6,2018,1.6110670973244503
corridor,NE_ASIA_LALB,wind,mri_esm2_0,SSP1-2.6,2019,1.6702825685089535
corridor,NE_ASIA_LALB,wind,mri_esm2_0,SSP1-2.6,2020,1.907246023523468
corridor,NE_ASIA_LALB,wind,mri_esm2_0,SSP1-2.6,2021,2.0127978548355383
corridor,NE_ASIA_LALB,wind,mri_esm2_0,SSP1-2.6,2022,1.444268389298395
corridor,NE_ASIA_LALB,wind,mri_esm2_0,SSP1-2.6,2023,1.2712129522415203
corridor,NE_ASIA_LALB,wind,mri_esm2_0,SSP1-2.6,2024,1.2889268084586214
corridor,NE_ASIA_LALB,wind,mri_esm2_0,SSP1-2.6,2025,1.3164929814937554
corridor,NE_ASIA_LALB,wind,mri_esm2_0,SSP1-2.6,2026,1.9149856785907895
corridor,NE_ASIA_LALB,wind,mri_esm2_0,SSP1-2.6,2027,1.5214211713082646
corridor,NE_ASIA_LALB,wind,mri_esm2_0,SSP1-2.6,2028,1.6978690555993954
corridor,NE_ASIA_LALB,wind,mri_esm2_0,SSP1-2.6,2029,1.184492250187745
corridor,NE_ASIA_LALB,wind,mri_esm2_0,SSP1-2.6,2030,1.4561521116459
corridor,NE_ASIA_LALB,wind,mri_esm2_0,SSP1-2.6,2031,1.861336258557102
corridor,NE_ASIA_LALB,wind,mri_esm2_0,SSP1-2.6,2032,1.489101509334138
corridor,NE_ASIA_LALB,wind,mri_esm2_0,SSP1-2.6,2033,1.4857496902104947
corridor,NE_ASIA_LALB,wind,mri_esm2_0,SSP1-2.6,2034,1.767810347979581
corridor,NE_ASIA_LALB,wind,mri_esm2_0,SSP1-2.6,2035,1.5241229406624823
corridor,NE_ASIA_LALB,wind,mri_esm2_0,SSP1-2.6,2036,1.7560485099638743
corridor,NE_ASIA_LALB,wind,mri_esm2_0,SSP1-2.6,2037,1.5251386434272085
corridor,NE_ASIA_LALB,wind,mri_esm2_0,SSP1-2.6,2038,1.5086842586383904
corridor,NE_ASIA_LALB,wind,mri_esm2_0,SSP1-2.6,2039,1.7846303857637094
corridor,NE_ASIA_LALB,wind,mri_esm2_0,SSP1-2.6,2040,2.25605866699144
corridor,NE_ASIA_LALB,wind,mri_esm2_0,SSP1-2.6,2041,1.9738354967800291
corridor,NE_ASIA_LALB,wind,mri_esm2_0,SSP1-2.6,2042,1.4145692404573271
corridor,NE_ASIA_LALB,wind,mri_esm2_0,SSP1-2.6,2043,1.7766266479775294
corridor,NE_ASIA_LALB,wind,mri_esm2_0,SSP1-2.6,2044,2.2190261441889385
corridor,NE_ASIA_LALB,wind,mri_esm2_0,SSP1-2.6,2045,1.8532715786050429
corridor,NE_ASIA_LALB,wind,mri_esm2_0,SSP1-2.6,2046,1.3553740833281211
corridor,NE_ASIA_LALB,wind,mri_esm2_0,SSP1-2.6,2047,1.914538769374329
corridor,NE_ASIA_LALB,wind,mri_esm2_0,SSP1-2.6,2048,1.6997785767970888
corridor,NE_ASIA_LALB,wind,mri_esm2_0,SSP1-2.6,2049,1.3087330123711236
corridor,NE_ASIA_LALB,wind,mri_esm2_0,SSP1-2.6,2050,1.633778211144124
corridor,NE_ASIA_LALB,wind,mri_esm2_0,SSP1-2.6,2051,2.2093769679238773
corridor,NE_ASIA_LALB,wind,mri_esm2_0,SSP1-2.6,2052,1.7158469945353136
corridor,NE_ASIA_LALB,wind,mri_esm2_0,SSP1-2.6,2053,2.025087858288933
corridor,NE_ASIA_LALB,wind,mri_esm2_0,SSP1-2.6,2054,1.7147500355494212
corridor,NE_ASIA_LALB,wind,mri_esm2_0,SSP1-2.6,2055,1.8968045991019096
corridor,NE_ASIA_LALB,wind,mri_esm2_0,SSP1-2.6,2056,2.06622382026101
corridor,NE_ASIA_LALB,wind,mri_esm2_0,SSP1-2.6,2057,1.9021878237550824
corridor,NE_ASIA_LALB,wind,mri_esm2_0,SSP1-2.6,2058,1.7893838747027218
corridor,NE_ASIA_LALB,wind,mri_esm2_0,SSP1-2.6,2059,1.4553598634893885
corridor,NE_ASIA_LALB,wind,mri_esm2_0,SSP1-2.6,2060,1.336542954069766
corridor,NE_ASIA_LALB,wind,mri_esm2_0,SSP1-2.6,2061,1.530806264854494
corridor,NE_ASIA_LALB,wind,mri_esm2_0,SSP1-2.6,2062,1.8690555995691307
corridor,NE_ASIA_LALB,wind,mri_esm2_0,SSP1-2.6,2063,1.581307006317502
corridor,NE_ASIA_LALB,wind,mri_esm2_0,SSP1-2.6,2064,1.3930972840106497
corridor,NE_ASIA_LALB,wind,mri_esm2_0,SSP1-2.6,2065,1.9725353972411503
corridor,NE_ASIA_LALB,wind,mri_esm2_0,SSP1-2.6,2066,1.676579925650383
corridor,NE_ASIA_LALB,wind,mri_esm2_0,SSP1-2.6,2067,1.9002376744467329
corridor,NE_ASIA_LALB,wind,mri_esm2_0,SSP1-2.6,2068,2.3906189692645485
corridor,NE_ASIA_LALB,wind,mri_esm2_0,SSP1-2.6,2069,1.88987750624634
corridor,NE_ASIA_LALB,wind,mri_esm2_0,SSP1-2.6,2070,1.9870396327216904
corridor,NE_ASIA_LALB,wind,mri_esm2_0,SSP1-2.6,2071,1.84782741178602
corridor,NE_ASIA_LALB,wind,mri_esm2_0,SSP1-2.6,2072,1.9394031730552244
corridor,NE_ASIA_LALB,wind,mri_esm2_0,SSP1-2.6,2073,1.428951591606094
corridor,NE_ASIA_LALB,wind,mri_esm2_0,SSP1-2.6,2074,1.8493915940437011
corridor,NE_ASIA_LALB,wind,mri_esm2_0,SSP1-2.6,2075,1.7415239604280408
corridor,NE_ASIA_LALB,wind,mri_esm2_0,SSP1-2.6,2076,2.122514067483062
corridor,NE_ASIA_LALB,wind,mri_esm2_0,SSP1-2.6,2077,1.2708879273567932
corridor,NE_ASIA_LALB,wind,mri_esm2_0,SSP1-2.6,2078,2.019623377414605
corridor,NE_ASIA_LALB,wind,mri_esm2_0,SSP1-2.6,2079,1.6839742417777028
corridor,NE_ASIA_LALB,wind,mri_esm2_0,SSP1-2.6,2080,1.858817315700532
corridor,NE_ASIA_LALB,wind,mri_esm2_0,SSP1-2.6,2081,1.6443008917868416
corridor,NE_ASIA_LALB,wind,mri_esm2_0,SSP1-2.6,2082,1.4656590895238857
corridor,NE_ASIA_LALB,wind,mri_esm2_0,SSP1-2.6,2083,1.2485627805877475
corridor,NE_ASIA_LALB,wind,mri_esm2_0,SSP1-2.6,2084,1.775489060881013
corridor,NE_ASIA_LALB,wind,mri_esm2_0,SSP1-2.6,2085,1.4172100676456594
corridor,NE_ASIA_LALB,wind,mri_esm2_0,SSP1-2.6,2086,1.6974424604381997
corridor,NE_ASIA_LALB,wind,mri_esm2_0,SSP1-2.6,2087,1.454019135839927
corridor,NE_ASIA_LALB,wind,mri_esm2_0,SSP1-2.6,2088,1.754789038535571
corridor,NE_ASIA_LALB,wind,mri_esm2_0,SSP1-2.6,2089,1.9480772746661128
corridor,NE_ASIA_LALB,wind,mri_esm2_0,SSP1-2.6,2090,1.843622402339979
corridor,NE_ASIA_LALB,wind,mri_esm2_0,SSP1-2.6,2091,2.1997277916588223
corridor,NE_ASIA_LALB,wind,mri_esm2_0,SSP1-2.6,2092,1.445954455887856
corridor,NE_ASIA_LALB,wind,mri_esm2_0,SSP1-2.6,2093,1.9447457695977848
corridor,NE_ASIA_LALB,wind,mri_esm2_0,SSP1-2.6,2094,1.3581774229587666
corridor,NE_ASIA_LALB,wind,mri_esm2_0,SSP1-2.6,2095,1.2763727222864123
corridor,NE_ASIA_LALB,wind,mri_esm2_0,SSP1-2.6,2096,1.7824567818471513
corridor,NE_ASIA_LALB,wind,mri_esm2_0,SSP1-2.6,2097,1.938671867064606
corridor,NE_ASIA_LALB,wind,mri_esm2_0,SSP1-2.6,2098,1.6948422613604233
corridor,NE_ASIA_LALB,wind,mri_esm2_0,SSP1-2.6,2099,1.7469884413023486
corridor,NE_ASIA_LALB,wind,mri_esm2_0,SSP1-2.6,2100,1.638978609299595
corridor,NE_ASIA_LALB,wind,mri_esm2_0,SSP2-4.5,2015,1.248237755703018
corridor,NE_ASIA_LALB,wind,mri_esm2_0,SSP2-4.5,2016,1.4743535051900745
corridor,NE_ASIA_LALB,wind,mri_esm2_0,SSP2-4.5,2017,2.2442765149204607
corridor,NE_ASIA_LALB,wind,mri_esm2_0,SSP2-4.5,2018,1.743839762731645
corridor,NE_ASIA_LALB,wind,mri_esm2_0,SSP2-4.5,2019,1.3584415056776262
corridor,NE_ASIA_LALB,wind,mri_esm2_0,SSP2-4.5,2020,1.6594348629815023
corridor,NE_ASIA_LALB,wind,mri_esm2_0,SSP2-4.5,2021,1.109817782923892
corridor,NE_ASIA_LALB,wind,mri_esm2_0,SSP2-4.5,2022,1.3028419363356023
corridor,NE_ASIA_LALB,wind,mri_esm2_0,SSP2-4.5,2023,1.993763585024268
corridor,NE_ASIA_LALB,wind,mri_esm2_0,SSP2-4.5,2024,1.857984439433464
corridor,NE_ASIA_LALB,wind,mri_esm2_0,SSP2-4.5,2025,1.009303837324904
corridor,NE_ASIA_LALB,wind,mri_esm2_0,SSP2-4.5,2026,1.6965892701158227
corridor,NE_ASIA_LALB,wind,mri_esm2_0,SSP2-4.5,2027,1.0667926138093595
corridor,NE_ASIA_LALB,wind,mri_esm2_0,SSP2-4.5,2028,1.9554919048487744
corridor,NE_ASIA_LALB,wind,mri_esm2_0,SSP2-4.5,2029,2.0064801836388644
corridor,NE_ASIA_LALB,wind,mri_esm2_0,SSP2-4.5,2030,1.4763442826089732
corridor,NE_ASIA_LALB,wind,mri_esm2_0,SSP2-4.5,2031,1.5226400146259524
corridor,NE_ASIA_LALB,wind,mri_esm2_0,SSP2-4.5,2032,1.6541532086048352
corridor,NE_ASIA_LALB,wind,mri_esm2_0,SSP2-4.5,2033,2.3348975155907894
corridor,NE_ASIA_LALB,wind,mri_esm2_0,SSP2-4.5,2034,1.7105856542139717
corridor,NE_ASIA_LALB,wind,mri_esm2_0,SSP2-4.5,2035,1.558799033050767
corridor,NE_ASIA_LALB,wind,mri_esm2_0,SSP2-4.5,2036,1.81093708737055
corridor,NE_ASIA_LALB,wind,mri_esm2_0,SSP2-4.5,2037,1.8569687366686505
corridor,NE_ASIA_LALB,wind,mri_esm2_0,SSP2-4.5,2038,1.3837934466856034
corridor,NE_ASIA_LALB,wind,mri_esm2_0,SSP2-4.5,2039,2.207954984053232
corridor,NE_ASIA_LALB,wind,mri_esm2_0,SSP2-4.5,2040,0.9285351534725746
corridor,NE_ASIA_LALB,wind,mri_esm2_0,SSP2-4.5,2041,1.546813740426825
corridor,NE_ASIA_LALB,wind,mri_esm2_0,SSP2-4.5,2042,0.9014971458751284
corridor,NE_ASIA_LALB,wind,mri_esm2_0,SSP2-4.5,2043,1.3414183273405318
corridor,NE_ASIA_LALB,wind,mri_esm2_0,SSP2-4.5,2044,1.3802384870090076
corridor,NE_ASIA_LALB,wind,mri_esm2_0,SSP2-4.5,2045,1.0345135799458345
corridor,NE_ASIA_LALB,wind,mri_esm2_0,SSP2-4.5,2046,1.013427590549776
corridor,NE_ASIA_LALB,wind,mri_esm2_0,SSP2-4.5,2047,1.2973165132954267
corridor,NE_ASIA_LALB,wind,mri_esm2_0,SSP2-4.5,2048,1.3446482621324165
corridor,NE_ASIA_LALB,wind,mri_esm2_0,SSP2-4.5,2049,1.6724155443149276
corridor,NE_ASIA_LALB,wind,mri_esm2_0,SSP2-4.5,2050,1.2900034533892455
corridor,NE_ASIA_LALB,wind,mri_esm2_0,SSP2-4.5,2051,1.3715440713428242
corridor,NE_ASIA_LALB,wind,mri_esm2_0,SSP2-4.5,2052,1.948910150933223
corridor,NE_ASIA_LALB,wind,mri_esm2_0,SSP2-4.5,2053,1.8189408251567447
corridor,NE_ASIA_LALB,wind,mri_esm2_0,SSP2-4.5,2054,1.6127734779692309
corridor,NE_ASIA_LALB,wind,mri_esm2_0,SSP2-4.5,2055,1.4598289556542452
corridor,NE_ASIA_LALB,wind,mri_esm2_0,SSP2-4.5,2056,1.564060373372149
corridor,NE_ASIA_LALB,wind,mri_esm2_0,SSP2-4.5,2057,1.5026712982711072
corridor,NE_ASIA_LALB,wind,mri_esm2_0,SSP2-4.5,2058,1.9552684502405089
corridor,NE_ASIA_LALB,wind,mri_esm2_0,SSP2-4.5,2059,1.498466288825064
corridor,NE_ASIA_LALB,wind,mri_esm2_0,SSP2-4.5,2060,1.896499888272512
corridor,NE_ASIA_LALB,wind,mri_esm2_0,SSP2-4.5,2061,1.8643021106301632
corridor,NE_ASIA_LALB,wind,mri_esm2_0,SSP2-4.5,2062,1.608954435573793
corridor,NE_ASIA_LALB,wind,mri_esm2_0,SSP2-4.5,2063,1.532329819001608
corridor,NE_ASIA_LALB,wind,mri_esm2_0,SSP2-4.5,2064,1.7657789424500845
corridor,NE_ASIA_LALB,wind,mri_esm2_0,SSP2-4.5,2065,1.3942551851624565
corridor,NE_ASIA_LALB,wind,mri_esm2_0,SSP2-4.5,2066,1.785442947975525
corridor,NE_ASIA_LALB,wind,mri_esm2_0,SSP2-4.5,2067,1.3422512036076162
corridor,NE_ASIA_LALB,wind,mri_esm2_0,SSP2-4.5,2068,1.5548987344341834
corridor,NE_ASIA_LALB,wind,mri_esm2_0,SSP2-4.5,2069,1.8866069433438717
corridor,NE_ASIA_LALB,wind,mri_esm2_0,SSP2-4.5,2070,1.4421760416030176
corridor,NE_ASIA_LALB,wind,mri_esm2_0,SSP2-4.5,2071,1.5935970097708934
corridor,NE_ASIA_LALB,wind,mri_esm2_0,SSP2-4.5,2072,1.6836695309482876
corridor,NE_ASIA_LALB,wind,mri_esm2_0,SSP2-4.5,2073,1.468970280536941
corridor,NE_ASIA_LALB,wind,mri_esm2_0,SSP2-4.5,2074,1.3838950169620787
corridor,NE_ASIA_LALB,wind,mri_esm2_0,SSP2-4.5,2075,1.7437381924551705
corridor,NE_ASIA_LALB,wind,mri_esm2_0,SSP2-4.5,2076,1.662725739939272
corridor,NE_ASIA_LALB,wind,mri_esm2_0,SSP2-4.5,2077,1.3144209478536883
corridor,NE_ASIA_LALB,wind,mri_esm2_0,SSP2-4.5,2078,1.8946309951853872
corridor,NE_ASIA_LALB,wind,mri_esm2_0,SSP2-4.5,2079,1.8368578219268072
corridor,NE_ASIA_LALB,wind,mri_esm2_0,SSP2-4.5,2080,1.567798159546455
corridor,NE_ASIA_LALB,wind,mri_esm2_0,SSP2-4.5,2081,1.491376683527168
corridor,NE_ASIA_LALB,wind,mri_esm2_0,SSP2-4.5,2082,1.141934304345045
corridor,NE_ASIA_LALB,wind,mri_esm2_0,SSP2-4.5,2083,1.8529059256097355
corridor,NE_ASIA_LALB,wind,mri_esm2_0,SSP2-4.5,2084,1.334775631259134
corridor,NE_ASIA_LALB,wind,mri_esm2_0,SSP2-4.5,2085,1.8459178905882911
corridor,NE_ASIA_LALB,wind,mri_esm2_0,SSP2-4.5,2086,1.7611067097322668
corridor,NE_ASIA_LALB,wind,mri_esm2_0,SSP2-4.5,2087,1.3676031446156045
corridor,NE_ASIA_LALB,wind,mri_esm2_0,SSP2-4.5,2088,1.934588741950359
corridor,NE_ASIA_LALB,wind,mri_esm2_0,SSP2-4.5,2089,1.270928555467357
corridor,NE_ASIA_LALB,wind,mri_esm2_0,SSP2-4.5,2090,1.2705629024720515
corridor,NE_ASIA_LALB,wind,mri_esm2_0,SSP2-4.5,2091,1.8185548581061108
corridor,NE_ASIA_LALB,wind,mri_esm2_0,SSP2-4.5,2092,1.6942734678121845
corridor,NE_ASIA_LALB,wind,mri_esm2_0,SSP2-4.5,2093,2.28695634509495
corridor,NE_ASIA_LALB,wind,mri_esm2_0,SSP2-4.5,2094,1.7593597009769104
corridor,NE_ASIA_LALB,wind,mri_esm2_0,SSP2-4.5,2095,1.1971885347470448
corridor,NE_ASIA_LALB,wind,mri_esm2_0,SSP2-4.5,2096,1.357953968350533
corridor,NE_ASIA_LALB,wind,mri_esm2_0,SSP2-4.5,2097,1.4620635017366668
corridor,NE_ASIA_LALB,wind,mri_esm2_0,SSP2-4.5,2098,1.798647083917165
corridor,NE_ASIA_LALB,wind,mri_esm2_0,SSP2-4.5,2099,1.7166595567471403
corridor,NE_ASIA_LALB,wind,mri_esm2_0,SSP2-4.5,2100,1.3967334999084202
corridor,NE_ASIA_LALB,wind,mri_esm2_0,SSP5-8.5,2015,1.7122920348587345
corridor,NE_ASIA_LALB,wind,mri_esm2_0,SSP5-8.5,2016,1.4026448899992363
corridor,NE_ASIA_LALB,wind,mri_esm2_0,SSP5-8.5,2017,1.520039815548217
corridor,NE_ASIA_LALB,wind,mri_esm2_0,SSP5-8.5,2018,2.229162857781074
corridor,NE_ASIA_LALB,wind,mri_esm2_0,SSP5-8.5,2019,1.503687001035852
corridor,NE_ASIA_LALB,wind,mri_esm2_0,SSP5-8.5,2020,1.79789546387127
corridor,NE_ASIA_LALB,wind,mri_esm2_0,SSP5-8.5,2021,0.9684929002375698
corridor,NE_ASIA_LALB,wind,mri_esm2_0,SSP5-8.5,2022,1.2786275824241429
corridor,NE_ASIA_LALB,wind,mri_esm2_0,SSP5-8.5,2023,1.395311516037794
corridor,NE_ASIA_LALB,wind,mri_esm2_0,SSP5-8.5,2024,1.5218883945800346
corridor,NE_ASIA_LALB,wind,mri_esm2_0,SSP5-8.5,2025,2.009628862209558
corridor,NE_ASIA_LALB,wind,mri_esm2_0,SSP5-8.5,2026,2.141467081073189
corridor,NE_ASIA_LALB,wind,mri_esm2_0,SSP5-8.5,2027,1.524833932597777
corridor,NE_ASIA_LALB,wind,mri_esm2_0,SSP5-8.5,2028,1.2009669490318946
corridor,NE_ASIA_LALB,wind,mri_esm2_0,SSP5-8.5,2029,1.292014544863435
corridor,NE_ASIA_LALB,wind,mri_esm2_0,SSP5-8.5,2030,1.9336746094620791
corridor,NE_ASIA_LALB,wind,mri_esm2_0,SSP5-8.5,2031,1.6721311475408032
corridor,NE_ASIA_LALB,wind,mri_esm2_0,SSP5-8.5,2032,1.5715968878865516
corridor,NE_ASIA_LALB,wind,mri_esm2_0,SSP5-8.5,2033,1.791537164563962
corridor,NE_ASIA_LALB,wind,mri_esm2_0,SSP5-8.5,2034,1.5553253295953646
corridor,NE_ASIA_LALB,wind,mri_esm2_0,SSP5-8.5,2035,1.6486074715093793
corridor,NE_ASIA_LALB,wind,mri_esm2_0,SSP5-8.5,2036,1.663132021045151
corridor,NE_ASIA_LALB,wind,mri_esm2_0,SSP5-8.5,2037,1.6136266682916005
corridor,NE_ASIA_LALB,wind,mri_esm2_0,SSP5-8.5,2038,1.2999979685943022
corridor,NE_ASIA_LALB,wind,mri_esm2_0,SSP5-8.5,2039,1.6220163731283956
corridor,NE_ASIA_LALB,wind,mri_esm2_0,SSP5-8.5,2040,1.5031182074876044
corridor,NE_ASIA_LALB,wind,mri_esm2_0,SSP5-8.5,2041,1.7029272553678014
corridor,NE_ASIA_LALB,wind,mri_esm2_0,SSP5-8.5,2042,1.4456700591137537
corridor,NE_ASIA_LALB,wind,mri_esm2_0,SSP5-8.5,2043,1.967172486643316
corridor,NE_ASIA_LALB,wind,mri_esm2_0,SSP5-8.5,2044,1.4533894001257848
corridor,NE_ASIA_LALB,wind,mri_esm2_0,SSP5-8.5,2045,1.6908403924673392
corridor,NE_ASIA_LALB,wind,mri_esm2_0,SSP5-8.5,2046,1.995266825116079
corridor,NE_ASIA_LALB,wind,mri_esm2_0,SSP5-8.5,2047,1.810368293822292
corridor,NE_ASIA_LALB,wind,mri_esm2_0,SSP5-8.5,2048,1.6330672192087952
corridor,NE_ASIA_LALB,wind,mri_esm2_0,SSP5-8.5,2049,1.5415930282160564
corridor,NE_ASIA_LALB,wind,mri_esm2_0,SSP5-8.5,2050,2.225831352712704
corridor,NE_ASIA_LALB,wind,mri_esm2_0,SSP5-8.5,2051,1.6805817945434818
corridor,NE_ASIA_LALB,wind,mri_esm2_0,SSP5-8.5,2052,1.437361610498129
corridor,NE_ASIA_LALB,wind,mri_esm2_0,SSP5-8.5,2053,2.0533447092040884
corridor,NE_ASIA_LALB,wind,mri_esm2_0,SSP5-8.5,2054,1.6736750157431943
corridor,NE_ASIA_LALB,wind,mri_esm2_0,SSP5-8.5,2055,1.6562049281896345
corridor,NE_ASIA_LALB,wind,mri_esm2_0,SSP5-8.5,2056,1.299937026428427
corridor,NE_ASIA_LALB,wind,mri_esm2_0,SSP5-8.5,2057,2.134621244438816
corridor,NE_ASIA_LALB,wind,mri_esm2_0,SSP5-8.5,2058,1.16056229305044
corridor,NE_ASIA_LALB,wind,mri_esm2_0,SSP5-8.5,2059,1.986003615901648
corridor,NE_ASIA_LALB,wind,mri_esm2_0,SSP5-8.5,2060,1.8295244479653645
corridor,NE_ASIA_LALB,wind,mri_esm2_0,SSP5-8.5,2061,1.3735754768723127
corridor,NE_ASIA_LALB,wind,mri_esm2_0,SSP5-8.5,2062,0.9041786011740576
corridor,NE_ASIA_LALB,wind,mri_esm2_0,SSP5-8.5,2063,1.3047108294227332
corridor,NE_ASIA_LALB,wind,mri_esm2_0,SSP5-8.5,2064,1.7271822373898815
corridor,NE_ASIA_LALB,wind,mri_esm2_0,SSP5-8.5,2065,2.0899709509007067
corridor,NE_ASIA_LALB,wind,mri_esm2_0,SSP5-8.5,2066,1.4428667194830676
corridor,NE_ASIA_LALB,wind,mri_esm2_0,SSP5-8.5,2067,1.5524204196882208
corridor,NE_ASIA_LALB,wind,mri_esm2_0,SSP5-8.5,2068,2.228512808011661
corridor,NE_ASIA_LALB,wind,mri_esm2_0,SSP5-8.5,2069,1.7789830783917662
corridor,NE_ASIA_LALB,wind,mri_esm2_0,SSP5-8.5,2070,1.895443557397164
corridor,NE_ASIA_LALB,wind,mri_esm2_0,SSP5-8.5,2071,1.81607654336016
corridor,NE_ASIA_LALB,wind,mri_esm2_0,SSP5-8.5,2072,1.6840554979988906
corridor,NE_ASIA_LALB,wind,mri_esm2_0,SSP5-8.5,2073,1.7749608954433516
corridor,NE_ASIA_LALB,wind,mri_esm2_0,SSP5-8.5,2074,1.8407378064881448
corridor,NE_ASIA_LALB,wind,mri_esm2_0,SSP5-8.5,2075,1.4983240904380088
corridor,NE_ASIA_LALB,wind,mri_esm2_0,SSP5-8.5,2076,1.4099579499053831
corridor,NE_ASIA_LALB,wind,mri_esm2_0,SSP5-8.5,2077,1.5462855749891615
corridor,NE_ASIA_LALB,wind,mri_esm2_0,SSP5-8.5,2078,1.7781908302352547
corridor,NE_ASIA_LALB,wind,mri_esm2_0,SSP5-8.5,2079,1.6591910943179955
corridor,NE_ASIA_LALB,wind,mri_esm2_0,SSP5-8.5,2080,1.55036870010343
corridor,NE_ASIA_LALB,wind,mri_esm2_0,SSP5-8.5,2081,0.9167123732909642
corridor,NE_ASIA_LALB,wind,mri_esm2_0,SSP5-8.5,2082,1.5659698945698728
corridor,NE_ASIA_LALB,wind,mri_esm2_0,SSP5-8.5,2083,2.0074958864036043
corridor,NE_ASIA_LALB,wind,mri_esm2_0,SSP5-8.5,2084,1.3890954151175603
corridor,NE_ASIA_LALB,wind,mri_esm2_0,SSP5-8.5,2085,2.319824486562019
corridor,NE_ASIA_LALB,wind,mri_esm2_0,SSP5-8.5,2086,1.5446604505655734
corridor,NE_ASIA_LALB,wind,mri_esm2_0,SSP5-8.5,2087,1.8903244154628789
corridor,NE_ASIA_LALB,wind,mri_esm2_0,SSP5-8.5,2088,2.6453978507727047
corridor,NE_ASIA_LALB,wind,mri_esm2_0,SSP5-8.5,2089,1.8854693562473976
corridor,NE_ASIA_LALB,wind,mri_esm2_0,SSP5-8.5,2090,2.154264935908923
corridor,NE_ASIA_LALB,wind,mri_esm2_0,SSP5-8.5,2091,1.6303451357992935
corridor,NE_ASIA_LALB,wind,mri_esm2_0,SSP5-8.5,2092,1.2478517886524445
corridor,NE_ASIA_LALB,wind,mri_esm2_0,SSP5-8.5,2093,1.2317630568588915
corridor,NE_ASIA_LALB,wind,mri_esm2_0,SSP5-8.5,2094,1.579316228898595
corridor,NE_ASIA_LALB,wind,mri_esm2_0,SSP5-8.5,2095,1.8342576228490888
corridor,NE_ASIA_LALB,wind,mri_esm2_0,SSP5-8.5,2096,2.2231295833584688
corridor,NE_ASIA_LALB,wind,mri_esm2_0,SSP5-8.5,2097,2.665447823348724
corridor,NE_ASIA_LALB,wind,mri_esm2_0,SSP5-8.5,2098,1.5397444491842358
corridor,NE_ASIA_LALB,wind,mri_esm2_0,SSP5-8.5,2099,1.7413005058197972
corridor,NE_ASIA_LALB,wind,mri_esm2_0,SSP5-8.5,2100,1.882097223068459
corridor,NE_ASIA_SG,wave,masnum,SSP1-2.6,2026,0.5863981492466391
corridor,NE_ASIA_SG,wave,masnum,SSP1-2.6,2027,0.0730662000237271
corridor,NE_ASIA_SG,wave,masnum,SSP1-2.6,2028,0.5287400640645324
corridor,NE_ASIA_SG,wave,masnum,SSP1-2.6,2029,0.6846823466603299
corridor,NE_ASIA_SG,wave,masnum,SSP1-2.6,2030,0.2062225649543213
corridor,NE_ASIA_SG,wave,masnum,SSP1-2.6,2031,0.3381406453909076
corridor,NE_ASIA_SG,wave,masnum,SSP1-2.6,2032,0.3350931308577478
corridor,NE_ASIA_SG,wave,masnum,SSP1-2.6,2033,0.5012086249851629
corridor,NE_ASIA_SG,wave,masnum,SSP1-2.6,2034,0.1722475975797817
corridor,NE_ASIA_SG,wave,masnum,SSP1-2.6,2035,0.0737854431130612
corridor,NE_ASIA_SG,wave,masnum,SSP1-2.6,2036,0.3708550836398077
corridor,NE_ASIA_SG,wave,masnum,SSP1-2.6,2037,0.1146784909241861
corridor,NE_ASIA_SG,wave,masnum,SSP1-2.6,2038,0.3847876379167106
corridor,NE_ASIA_SG,wave,masnum,SSP1-2.6,2039,0.0
corridor,NE_ASIA_SG,wave,masnum,SSP1-2.6,2040,0.0
corridor,NE_ASIA_SG,wave,masnum,SSP1-2.6,2041,0.4524187329457757
corridor,NE_ASIA_SG,wave,masnum,SSP1-2.6,2042,0.6353140941985919
corridor,NE_ASIA_SG,wave,masnum,SSP1-2.6,2043,0.5564123858108833
corridor,NE_ASIA_SG,wave,masnum,SSP1-2.6,2044,0.0164091232649176
corridor,NE_ASIA_SG,wave,masnum,SSP1-2.6,2045,0.0125014829754417
corridor,NE_ASIA_SG,wave,masnum,SSP1-2.6,2046,0.4163675999525386
corridor,NE_ASIA_SG,wave,masnum,SSP1-2.6,2047,0.0233197888242963
corridor,NE_ASIA_SG,wave,masnum,SSP1-2.6,2048,0.1430329813738264
corridor,NE_ASIA_SG,wave,masnum,SSP1-2.6,2049,0.0926859651204164
corridor,NE_ASIA_SG,wave,masnum,SSP1-2.6,2050,0.8201818127891701
corridor,NE_ASIA_SG,wave,masnum,SSP1-2.6,2051,0.9981240360659472
corridor,NE_ASIA_SG,wave,masnum,SSP1-2.6,2052,1.3728571004863956
corridor,NE_ASIA_SG,wave,masnum,SSP1-2.6,2053,0.3796417131332246
corridor,NE_ASIA_SG,wave,masnum,SSP1-2.6,2054,0.0764103096452716
corridor,NE_ASIA_SG,wave,masnum,SSP1-2.6,2055,0.1601242733420307
corridor,NE_ASIA_SG,wave,masnum,SSP1-2.6,2056,0.8682969510024795
corridor,NE_ASIA_SG,wave,masnum,SSP1-2.6,2057,0.8442505042116399
corridor,NE_ASIA_SG,wave,masnum,SSP1-2.6,2058,0.3624688575157152
corridor,NE_ASIA_SG,wave,masnum,SSP1-2.6,2059,0.0229638747182338
corridor,NE_ASIA_SG,wave,masnum,SSP1-2.6,2060,0.0429469687981958
corridor,NE_ASIA_SG,wave,masnum,SSP1-2.6,2061,0.6063367540633463
corridor,NE_ASIA_SG,wave,masnum,SSP1-2.6,2062,0.1461843041879201
corridor,NE_ASIA_SG,wave,masnum,SSP1-2.6,2063,0.3359161822280176
corridor,NE_ASIA_SG,wave,masnum,SSP1-2.6,2064,0.0474107248783954
corridor,NE_ASIA_SG,wave,masnum,SSP1-2.6,2065,0.0
corridor,NE_ASIA_SG,wave,masnum,SSP1-2.6,2066,0.0
corridor,NE_ASIA_SG,wave,masnum,SSP1-2.6,2067,0.2714067505042085
corridor,NE_ASIA_SG,wave,masnum,SSP1-2.6,2068,1.4812255309051876
corridor,NE_ASIA_SG,wave,masnum,SSP1-2.6,2069,0.0986252817653324
corridor,NE_ASIA_SG,wave,masnum,SSP1-2.6,2070,0.7373576343575662
corridor,NE_ASIA_SG,wave,masnum,SSP1-2.6,2071,0.4297959425791835
corridor,NE_ASIA_SG,wave,masnum,SSP1-2.6,2072,0.128455332779686
corridor,NE_ASIA_SG,wave,masnum,SSP1-2.6,2073,0.3200038557361437
corridor,NE_ASIA_SG,wave,masnum,SSP1-2.6,2074,1.2166108079250066
corridor,NE_ASIA_SG,wave,masnum,SSP1-2.6,2075,0.4493193142721504
corridor,NE_ASIA_SG,wave,masnum,SSP1-2.6,2076,1.229987246411182
corridor,NE_ASIA_SG,wave,masnum,SSP1-2.6,2077,0.71661822280222
corridor,NE_ASIA_SG,wave,masnum,SSP1-2.6,2078,0.6468293985051515
corridor,NE_ASIA_SG,wave,masnum,SSP1-2.6,2079,0.3425524973306401
corridor,NE_ASIA_SG,wave,masnum,SSP1-2.6,2080,0.1512115909360522
corridor,NE_ASIA_SG,wave,masnum,SSP1-2.6,2081,0.6944180804365803
corridor,NE_ASIA_SG,wave,masnum,SSP1-2.6,2082,0.4566303832008495
corridor,NE_ASIA_SG,wave,masnum,SSP1-2.6,2083,0.5892528769723494
corridor,NE_ASIA_SG,wave,masnum,SSP1-2.6,2084,0.4404881955154766
corridor,NE_ASIA_SG,wave,masnum,SSP1-2.6,2085,0.0296446790841139
corridor,NE_ASIA_SG,wave,masnum,SSP1-2.6,2086,0.6003232886463319
corridor,NE_ASIA_SG,wave,masnum,SSP1-2.6,2087,0.3034538498042428
corridor,NE_ASIA_SG,wave,masnum,SSP1-2.6,2088,0.0748235259224103
corridor,NE_ASIA_SG,wave,masnum,SSP1-2.6,2089,0.0208283900818594
corridor,NE_ASIA_SG,wave,masnum,SSP1-2.6,2090,0.1532803416775394
corridor,NE_ASIA_SG,wave,masnum,SSP1-2.6,2091,0.6852310475738407
corridor,NE_ASIA_SG,wave,masnum,SSP1-2.6,2092,0.7513717522837731
corridor,NE_ASIA_SG,wave,masnum,SSP1-2.6,2093,0.4236860837584487
corridor,NE_ASIA_SG,wave,masnum,SSP1-2.6,2094,0.0488121366710161
corridor,NE_ASIA_SG,wave,masnum,SSP1-2.6,2095,0.6068483805908104
corridor,NE_ASIA_SG,wave,masnum,SSP1-2.6,2096,1.0596526871514862
corridor,NE_ASIA_SG,wave,masnum,SSP1-2.6,2097,0.5109962629018803
corridor,NE_ASIA_SG,wave,masnum,SSP1-2.6,2098,0.6760440147111088
corridor,NE_ASIA_SG,wave,masnum,SSP1-2.6,2099,0.9489708150432924
corridor,NE_ASIA_SG,wave,masnum,SSP1-2.6,2100,0.2773312373947043
corridor,NE_ASIA_SG,wave,masnum,SSP2-4.5,2026,0.1851568988017528
corridor,NE_ASIA_SG,wave,masnum,SSP2-4.5,2027,0.4066763554395479
corridor,NE_ASIA_SG,wave,masnum,SSP2-4.5,2028,0.4324059793569765
corridor,NE_ASIA_SG,wave,masnum,SSP2-4.5,2029,0.0115820382014473
corridor,NE_ASIA_SG,wave,masnum,SSP2-4.5,2030,0.5016831771265798
corridor,NE_ASIA_SG,wave,masnum,SSP2-4.5,2031,0.0028176533396604
corridor,NE_ASIA_SG,wave,masnum,SSP2-4.5,2032,0.0098024676711351
corridor,NE_ASIA_SG,wave,masnum,SSP2-4.5,2033,0.0880813263732333
corridor,NE_ASIA_SG,wave,masnum,SSP2-4.5,2034,0.0632118282121236
corridor,NE_ASIA_SG,wave,masnum,SSP2-4.5,2035,0.1510855380234876
corridor,NE_ASIA_SG,wave,masnum,SSP2-4.5,2036,0.0520895123976741
corridor,NE_ASIA_SG,wave,masnum,SSP2-4.5,2037,0.0001112231581445
corridor,NE_ASIA_SG,wave,masnum,SSP2-4.5,2038,0.1197280223039487
corridor,NE_ASIA_SG,wave,masnum,SSP2-4.5,2039,0.0
corridor,NE_ASIA_SG,wave,masnum,SSP2-4.5,2040,0.0251364337406566
corridor,NE_ASIA_SG,wave,masnum,SSP2-4.5,2041,0.9557702574445244
corridor,NE_ASIA_SG,wave,masnum,SSP2-4.5,2042,0.0001334677897734
corridor,NE_ASIA_SG,wave,masnum,SSP2-4.5,2043,0.0046936172736977
corridor,NE_ASIA_SG,wave,masnum,SSP2-4.5,2044,0.6891683473721589
corridor,NE_ASIA_SG,wave,masnum,SSP2-4.5,2045,0.8091039862379791
corridor,NE_ASIA_SG,wave,masnum,SSP2-4.5,2046,0.0688026456281875
corridor,NE_ASIA_SG,wave,masnum,SSP2-4.5,2047,0.3436943884209225
corridor,NE_ASIA_SG,wave,masnum,SSP2-4.5,2048,1.0064509431723674
corridor,NE_ASIA_SG,wave,masnum,SSP2-4.5,2049,0.3378514651797326
corridor,NE_ASIA_SG,wave,masnum,SSP2-4.5,2050,0.5972016253410751
corridor,NE_ASIA_SG,wave,masnum,SSP2-4.5,2051,0.0
corridor,NE_ASIA_SG,wave,masnum,SSP2-4.5,2052,0.2070604460790092
corridor,NE_ASIA_SG,wave,masnum,SSP2-4.5,2053,0.7746470518448099
corridor,NE_ASIA_SG,wave,masnum,SSP2-4.5,2054,0.2051548226361343
corridor,NE_ASIA_SG,wave,masnum,SSP2-4.5,2055,0.2201477043540134
corridor,NE_ASIA_SG,wave,masnum,SSP2-4.5,2056,0.2256272986119323
corridor,NE_ASIA_SG,wave,masnum,SSP2-4.5,2057,0.1502328271443796
corridor,NE_ASIA_SG,wave,masnum,SSP2-4.5,2058,0.0733405504804822
corridor,NE_ASIA_SG,wave,masnum,SSP2-4.5,2059,0.4747004389607241
corridor,NE_ASIA_SG,wave,masnum,SSP2-4.5,2060,0.1163245936647269
corridor,NE_ASIA_SG,wave,masnum,SSP2-4.5,2061,0.2138969628662921
corridor,NE_ASIA_SG,wave,masnum,SSP2-4.5,2062,0.5811335864278006
corridor,NE_ASIA_SG,wave,masnum,SSP2-4.5,2063,0.087117392335981
corridor,NE_ASIA_SG,wave,masnum,SSP2-4.5,2064,0.267432376319845
corridor,NE_ASIA_SG,wave,masnum,SSP2-4.5,2065,0.1727592241072454
corridor,NE_ASIA_SG,wave,masnum,SSP2-4.5,2066,0.1639132755961526
corridor,NE_ASIA_SG,wave,masnum,SSP2-4.5,2067,1.012382844940074
corridor,NE_ASIA_SG,wave,masnum,SSP2-4.5,2068,0.0048344999406805
corridor,NE_ASIA_SG,wave,masnum,SSP2-4.5,2069,0.0
corridor,NE_ASIA_SG,wave,masnum,SSP2-4.5,2070,0.1956637798078041
corridor,NE_ASIA_SG,wave,masnum,SSP2-4.5,2071,0.1761774825008868
corridor,NE_ASIA_SG,wave,masnum,SSP2-4.5,2072,0.0160828686676945
corridor,NE_ASIA_SG,wave,masnum,SSP2-4.5,2073,0.5162237513346725
corridor,NE_ASIA_SG,wave,masnum,SSP2-4.5,2074,0.0416567801637203
corridor,NE_ASIA_SG,wave,masnum,SSP2-4.5,2075,0.0402924427571475
corridor,NE_ASIA_SG,wave,masnum,SSP2-4.5,2076,0.0685431249258499
corridor,NE_ASIA_SG,wave,masnum,SSP2-4.5,2077,0.4617318187210751
corridor,NE_ASIA_SG,wave,masnum,SSP2-4.5,2078,1.0334855854786889
corridor,NE_ASIA_SG,wave,masnum,SSP2-4.5,2079,0.0269975679202746
corridor,NE_ASIA_SG,wave,masnum,SSP2-4.5,2080,0.3228140941985962
corridor,NE_ASIA_SG,wave,masnum,SSP2-4.5,2081,0.3764384861786619
corridor,NE_ASIA_SG,wave,masnum,SSP2-4.5,2082,0.6335419385454881
corridor,NE_ASIA_SG,wave,masnum,SSP2-4.5,2083,0.0492718590580132
corridor,NE_ASIA_SG,wave,masnum,SSP2-4.5,2084,0.2147200142365607
corridor,NE_ASIA_SG,wave,masnum,SSP2-4.5,2085,0.0
corridor,NE_ASIA_SG,wave,masnum,SSP2-4.5,2086,1.7428298137382618
corridor,NE_ASIA_SG,wave,masnum,SSP2-4.5,2087,0.0944951951595662
corridor,NE_ASIA_SG,wave,masnum,SSP2-4.5,2088,0.0
corridor,NE_ASIA_SG,wave,masnum,SSP2-4.5,2089,0.7120803179499267
corridor,NE_ASIA_SG,wave,masnum,SSP2-4.5,2090,1.0346645509550236
corridor,NE_ASIA_SG,wave,masnum,SSP2-4.5,2091,0.8727607070826802
corridor,NE_ASIA_SG,wave,masnum,SSP2-4.5,2092,0.104572013287458
corridor,NE_ASIA_SG,wave,masnum,SSP2-4.5,2093,0.5041745758690157
corridor,NE_ASIA_SG,wave,masnum,SSP2-4.5,2094,0.0991443231700076
corridor,NE_ASIA_SG,wave,masnum,SSP2-4.5,2095,0.6926459247834741
corridor,NE_ASIA_SG,wave,masnum,SSP2-4.5,2096,0.9577722742911254
corridor,NE_ASIA_SG,wave,masnum,SSP2-4.5,2097,0.2413542531735631
corridor,NE_ASIA_SG,wave,masnum,SSP2-4.5,2098,0.0005116265274645
corridor,NE_ASIA_SG,wave,masnum,SSP2-4.5,2099,0.7749362320559854
corridor,NE_ASIA_SG,wave,masnum,SSP2-4.5,2100,1.1275358880056796
corridor,NE_ASIA_SG,wave,masnum,SSP5-8.5,2026,0.0135173211531608
corridor,NE_ASIA_SG,wave,masnum,SSP5-8.5,2027,0.7758037726895163
corridor,NE_ASIA_SG,wave,masnum,SSP5-8.5,2028,0.0071701862617153
corridor,NE_ASIA_SG,wave,masnum,SSP5-8.5,2029,0.8700691066555815
corridor,NE_ASIA_SG,wave,masnum,SSP5-8.5,2030,0.8937818839719904
corridor,NE_ASIA_SG,wave,masnum,SSP5-8.5,2031,0.0681056471704809
corridor,NE_ASIA_SG,wave,masnum,SSP5-8.5,2032,0.2953271443824847
corridor,NE_ASIA_SG,wave,masnum,SSP5-8.5,2033,0.4951729149365212
corridor,NE_ASIA_SG,wave,masnum,SSP5-8.5,2034,0.4080555226005386
corridor,NE_ASIA_SG,wave,masnum,SSP5-8.5,2035,0.0033885988848022
corridor,NE_ASIA_SG,wave,masnum,SSP5-8.5,2036,0.0043302882904252
corridor,NE_ASIA_SG,wave,masnum,SSP5-8.5,2037,0.7163067979594162
corridor,NE_ASIA_SG,wave,masnum,SSP5-8.5,2038,0.0006525091944477
corridor,NE_ASIA_SG,wave,masnum,SSP5-8.5,2039,0.3134491042828286
corridor,NE_ASIA_SG,wave,masnum,SSP5-8.5,2040,0.0758171194685005
corridor,NE_ASIA_SG,wave,masnum,SSP5-8.5,2041,0.2228022303950611
corridor,NE_ASIA_SG,wave,masnum,SSP5-8.5,2042,0.019931189939494
corridor,NE_ASIA_SG,wave,masnum,SSP5-8.5,2043,0.0547662830703512
corridor,NE_ASIA_SG,wave,masnum,SSP5-8.5,2044,0.3296802704947165
corridor,NE_ASIA_SG,wave,masnum,SSP5-8.5,2045,0.241724997034046
corridor,NE_ASIA_SG,wave,masnum,SSP5-8.5,2046,0.3663245936647242
corridor,NE_ASIA_SG,wave,masnum,SSP5-8.5,2047,1.3232960612172089
corridor,NE_ASIA_SG,wave,masnum,SSP5-8.5,2048,0.8056857278443345
corridor,NE_ASIA_SG,wave,masnum,SSP5-8.5,2049,0.1327930359473231
corridor,NE_ASIA_SG,wave,masnum,SSP5-8.5,2050,0.4436395183295714
corridor,NE_ASIA_SG,wave,masnum,SSP5-8.5,2051,0.6756806857278339
corridor,NE_ASIA_SG,wave,masnum,SSP5-8.5,2052,0.1617926207141991
corridor,NE_ASIA_SG,wave,masnum,SSP5-8.5,2053,1.211301755842907
corridor,NE_ASIA_SG,wave,masnum,SSP5-8.5,2054,0.0926711353659975
corridor,NE_ASIA_SG,wave,masnum,SSP5-8.5,2055,1.5784642306323204
corridor,NE_ASIA_SG,wave,masnum,SSP5-8.5,2056,0.0474329695100239
corridor,NE_ASIA_SG,wave,masnum,SSP5-8.5,2057,0.1216633052556633
corridor,NE_ASIA_SG,wave,masnum,SSP5-8.5,2058,0.1980958595325621
corridor,NE_ASIA_SG,wave,masnum,SSP5-8.5,2059,0.0295779451892272
corridor,NE_ASIA_SG,wave,masnum,SSP5-8.5,2060,0.0555226005457342
corridor,NE_ASIA_SG,wave,masnum,SSP5-8.5,2061,0.6592715624629174
corridor,NE_ASIA_SG,wave,masnum,SSP5-8.5,2062,0.475093427452834
corridor,NE_ASIA_SG,wave,masnum,SSP5-8.5,2063,1.0870951477043382
corridor,NE_ASIA_SG,wave,masnum,SSP5-8.5,2064,0.3019041404674299
corridor,NE_ASIA_SG,wave,masnum,SSP5-8.5,2065,0.1444492229208664
corridor,NE_ASIA_SG,wave,masnum,SSP5-8.5,2066,0.1732782655119202
corridor,NE_ASIA_SG,wave,masnum,SSP5-8.5,2067,0.5519931189939418
corridor,NE_ASIA_SG,wave,masnum,SSP5-8.5,2068,0.1848973780994154
corridor,NE_ASIA_SG,wave,masnum,SSP5-8.5,2069,0.0604979831533982
corridor,NE_ASIA_SG,wave,masnum,SSP5-8.5,2070,0.0998116621188729
corridor,NE_ASIA_SG,wave,masnum,SSP5-8.5,2071,0.8943973187803881
corridor,NE_ASIA_SG,wave,masnum,SSP5-8.5,2072,0.03498339067505
corridor,NE_ASIA_SG,wave,masnum,SSP5-8.5,2073,0.6497656898801681
corridor,NE_ASIA_SG,wave,masnum,SSP5-8.5,2074,0.3240301340609752
corridor,NE_ASIA_SG,wave,masnum,SSP5-8.5,2075,0.1725071182821191
corridor,NE_ASIA_SG,wave,masnum,SSP5-8.5,2076,1.3961027405386002
corridor,NE_ASIA_SG,wave,masnum,SSP5-8.5,2077,0.0737187092181742
corridor,NE_ASIA_SG,wave,masnum,SSP5-8.5,2078,0.5284953731166141
corridor,NE_ASIA_SG,wave,masnum,SSP5-8.5,2079,0.854668406691174
corridor,NE_ASIA_SG,wave,masnum,SSP5-8.5,2080,0.0363551429588321
corridor,NE_ASIA_SG,wave,masnum,SSP5-8.5,2081,0.0279466722031075
corridor,NE_ASIA_SG,wave,masnum,SSP5-8.5,2082,0.2158619053268435
corridor,NE_ASIA_SG,wave,masnum,SSP5-8.5,2083,0.1130768774469077
corridor,NE_ASIA_SG,wave,masnum,SSP5-8.5,2084,0.1474151738047197
corridor,NE_ASIA_SG,wave,masnum,SSP5-8.5,2085,0.0544177838414983
corridor,NE_ASIA_SG,wave,masnum,SSP5-8.5,2086,1.008082216158485
corridor,NE_ASIA_SG,wave,masnum,SSP5-8.5,2087,0.4907907225056288
corridor,NE_ASIA_SG,wave,masnum,SSP5-8.5,2088,1.3134787637916538
corridor,NE_ASIA_SG,wave,masnum,SSP5-8.5,2089,0.0
corridor,NE_ASIA_SG,wave,masnum,SSP5-8.5,2090,0.0932420809111379
corridor,NE_ASIA_SG,wave,masnum,SSP5-8.5,2091,0.7222312848499152
corridor,NE_ASIA_SG,wave,masnum,SSP5-8.5,2092,0.1312062522244612
corridor,NE_ASIA_SG,wave,masnum,SSP5-8.5,2093,0.2800154229445922
corridor,NE_ASIA_SG,wave,masnum,SSP5-8.5,2094,0.2999911021473436
corridor,NE_ASIA_SG,wave,masnum,SSP5-8.5,2095,0.510655178550236
corridor,NE_ASIA_SG,wave,masnum,SSP5-8.5,2096,0.4322057776723161
corridor,NE_ASIA_SG,wave,masnum,SSP5-8.5,2097,0.3769426978289182
corridor,NE_ASIA_SG,wave,masnum,SSP5-8.5,2098,0.1093620239648819
corridor,NE_ASIA_SG,wave,masnum,SSP5-8.5,2099,0.4664031913631451
corridor,NE_ASIA_SG,wave,masnum,SSP5-8.5,2100,0.5368815992407092
corridor,NE_ASIA_SG,wind,access_cm2,SSP1-2.6,2015,0.067104639
corridor,NE_ASIA_SG,wind,access_cm2,SSP1-2.6,2016,0.66183711
corridor,NE_ASIA_SG,wind,access_cm2,SSP1-2.6,2017,0.379478586
corridor,NE_ASIA_SG,wind,access_cm2,SSP1-2.6,2018,0.540626112
corridor,NE_ASIA_SG,wind,access_cm2,SSP1-2.6,2019,0.06915856
corridor,NE_ASIA_SG,wind,access_cm2,SSP1-2.6,2020,0.399624807
corridor,NE_ASIA_SG,wind,access_cm2,SSP1-2.6,2021,0.549479476
corridor,NE_ASIA_SG,wind,access_cm2,SSP1-2.6,2022,0.615486713
corridor,NE_ASIA_SG,wind,access_cm2,SSP1-2.6,2023,0.261055582
corridor,NE_ASIA_SG,wind,access_cm2,SSP1-2.6,2024,0.050799324
corridor,NE_ASIA_SG,wind,access_cm2,SSP1-2.6,2025,0.842478349
corridor,NE_ASIA_SG,wind,access_cm2,SSP1-2.6,2026,0.296424546
corridor,NE_ASIA_SG,wind,access_cm2,SSP1-2.6,2027,0.092893582
corridor,NE_ASIA_SG,wind,access_cm2,SSP1-2.6,2028,0.195337525
corridor,NE_ASIA_SG,wind,access_cm2,SSP1-2.6,2029,0.394315755
corridor,NE_ASIA_SG,wind,access_cm2,SSP1-2.6,2030,0.049798315
corridor,NE_ASIA_SG,wind,access_cm2,SSP1-2.6,2031,0.102888836
corridor,NE_ASIA_SG,wind,access_cm2,SSP1-2.6,2032,0.271206549
corridor,NE_ASIA_SG,wind,access_cm2,SSP1-2.6,2033,0.195901056
corridor,NE_ASIA_SG,wind,access_cm2,SSP1-2.6,2034,0.000852711
corridor,NE_ASIA_SG,wind,access_cm2,SSP1-2.6,2035,0.107537964
corridor,NE_ASIA_SG,wind,access_cm2,SSP1-2.6,2036,1.009105469
corridor,NE_ASIA_SG,wind,access_cm2,SSP1-2.6,2037,0.272303951
corridor,NE_ASIA_SG,wind,access_cm2,SSP1-2.6,2038,0.80492941
corridor,NE_ASIA_SG,wind,access_cm2,SSP1-2.6,2039,0.956014948
corridor,NE_ASIA_SG,wind,access_cm2,SSP1-2.6,2040,0.764295883
corridor,NE_ASIA_SG,wind,access_cm2,SSP1-2.6,2041,0.315310238
corridor,NE_ASIA_SG,wind,access_cm2,SSP1-2.6,2042,0.553283308
corridor,NE_ASIA_SG,wind,access_cm2,SSP1-2.6,2043,0.099878396
corridor,NE_ASIA_SG,wind,access_cm2,SSP1-2.6,2044,0.72584233
corridor,NE_ASIA_SG,wind,access_cm2,SSP1-2.6,2045,0.450869024
corridor,NE_ASIA_SG,wind,access_cm2,SSP1-2.6,2046,0.255360956
corridor,NE_ASIA_SG,wind,access_cm2,SSP1-2.6,2047,0.234643789
corridor,NE_ASIA_SG,wind,access_cm2,SSP1-2.6,2048,0.243156068
corridor,NE_ASIA_SG,wind,access_cm2,SSP1-2.6,2049,0.270791316
corridor,NE_ASIA_SG,wind,access_cm2,SSP1-2.6,2050,0.750585775
corridor,NE_ASIA_SG,wind,access_cm2,SSP1-2.6,2051,0.094013228
corridor,NE_ASIA_SG,wind,access_cm2,SSP1-2.6,2052,0.496403785
corridor,NE_ASIA_SG,wind,access_cm2,SSP1-2.6,2053,0.39041553
corridor,NE_ASIA_SG,wind,access_cm2,SSP1-2.6,2054,0.081571064
corridor,NE_ASIA_SG,wind,access_cm2,SSP1-2.6,2055,0.027650077
corridor,NE_ASIA_SG,wind,access_cm2,SSP1-2.6,2056,0.272037015
corridor,NE_ASIA_SG,wind,access_cm2,SSP1-2.6,2057,0.087109977
corridor,NE_ASIA_SG,wind,access_cm2,SSP1-2.6,2058,0.092856507
corridor,NE_ASIA_SG,wind,access_cm2,SSP1-2.6,2059,0.143544608
corridor,NE_ASIA_SG,wind,access_cm2,SSP1-2.6,2060,0.272163068
corridor,NE_ASIA_SG,wind,access_cm2,SSP1-2.6,2061,0.193402242
corridor,NE_ASIA_SG,wind,access_cm2,SSP1-2.6,2062,0.107426741
corridor,NE_ASIA_SG,wind,access_cm2,SSP1-2.6,2063,0.099522482
corridor,NE_ASIA_SG,wind,access_cm2,SSP1-2.6,2064,0.074408293
corridor,NE_ASIA_SG,wind,access_cm2,SSP1-2.6,2065,0.170438368
corridor,NE_ASIA_SG,wind,access_cm2,SSP1-2.6,2066,0.501735081
corridor,NE_ASIA_SG,wind,access_cm2,SSP1-2.6,2067,0.285917665
corridor,NE_ASIA_SG,wind,access_cm2,SSP1-2.6,2068,0.437055107
corridor,NE_ASIA_SG,wind,access_cm2,SSP1-2.6,2069,0.478622909
corridor,NE_ASIA_SG,wind,access_cm2,SSP1-2.6,2070,0.040084826
corridor,NE_ASIA_SG,wind,access_cm2,SSP1-2.6,2071,0.160873176
corridor,NE_ASIA_SG,wind,access_cm2,SSP1-2.6,2072,0.463363092
corridor,NE_ASIA_SG,wind,access_cm2,SSP1-2.6,2073,0.367229209
corridor,NE_ASIA_SG,wind,access_cm2,SSP1-2.6,2074,0.157907225
corridor,NE_ASIA_SG,wind,access_cm2,SSP1-2.6,2075,0.503492407
corridor,NE_ASIA_SG,wind,access_cm2,SSP1-2.6,2076,0.323970815
corridor,NE_ASIA_SG,wind,access_cm2,SSP1-2.6,2077,0.537771385
corridor,NE_ASIA_SG,wind,access_cm2,SSP1-2.6,2078,0.028517618
corridor,NE_ASIA_SG,wind,access_cm2,SSP1-2.6,2079,0.021080496
corridor,NE_ASIA_SG,wind,access_cm2,SSP1-2.6,2080,0.786221675
corridor,NE_ASIA_SG,wind,access_cm2,SSP1-2.6,2081,0.12407314
corridor,NE_ASIA_SG,wind,access_cm2,SSP1-2.6,2082,0.132644738
corridor,NE_ASIA_SG,wind,access_cm2,SSP1-2.6,2083,0.191926682
corridor,NE_ASIA_SG,wind,access_cm2,SSP1-2.6,2084,0.140207913
corridor,NE_ASIA_SG,wind,access_cm2,SSP1-2.6,2085,0.131754953
corridor,NE_ASIA_SG,wind,access_cm2,SSP1-2.6,2086,0.243890141
corridor,NE_ASIA_SG,wind,access_cm2,SSP1-2.6,2087,1.225753352
corridor,NE_ASIA_SG,wind,access_cm2,SSP1-2.6,2088,0.061113418
corridor,NE_ASIA_SG,wind,access_cm2,SSP1-2.6,2089,1.303579903
corridor,NE_ASIA_SG,wind,access_cm2,SSP1-2.6,2090,0.278836457
corridor,NE_ASIA_SG,wind,access_cm2,SSP1-2.6,2091,0.270450231
corridor,NE_ASIA_SG,wind,access_cm2,SSP1-2.6,2092,0.161117867
corridor,NE_ASIA_SG,wind,access_cm2,SSP1-2.6,2093,0.45080229
corridor,NE_ASIA_SG,wind,access_cm2,SSP1-2.6,2094,0.114596927
corridor,NE_ASIA_SG,wind,access_cm2,SSP1-2.6,2095,0.15219777
corridor,NE_ASIA_SG,wind,access_cm2,SSP1-2.6,2096,0.169600486
corridor,NE_ASIA_SG,wind,access_cm2,SSP1-2.6,2097,0.064954324
corridor,NE_ASIA_SG,wind,access_cm2,SSP1-2.6,2098,0.242844643
corridor,NE_ASIA_SG,wind,access_cm2,SSP1-2.6,2099,0.397867481
corridor,NE_ASIA_SG,wind,access_cm2,SSP1-2.6,2100,0.223936707
corridor,NE_ASIA_SG,wind,access_cm2,SSP2-4.5,2015,0.397437418
corridor,NE_ASIA_SG,wind,access_cm2,SSP2-4.5,2016,0.409241903
corridor,NE_ASIA_SG,wind,access_cm2,SSP2-4.5,2017,0.098721675
corridor,NE_ASIA_SG,wind,access_cm2,SSP2-4.5,2018,0.539039329
corridor,NE_ASIA_SG,wind,access_cm2,SSP2-4.5,2019,0.273327204
corridor,NE_ASIA_SG,wind,access_cm2,SSP2-4.5,2020,0.670023134
corridor,NE_ASIA_SG,wind,access_cm2,SSP2-4.5,2021,0.280986772
corridor,NE_ASIA_SG,wind,access_cm2,SSP2-4.5,2022,0.621581742
corridor,NE_ASIA_SG,wind,access_cm2,SSP2-4.5,2023,0.133875608
corridor,NE_ASIA_SG,wind,access_cm2,SSP2-4.5,2024,0.165158975
corridor,NE_ASIA_SG,wind,access_cm2,SSP2-4.5,2025,0.407158322
corridor,NE_ASIA_SG,wind,access_cm2,SSP2-4.5,2026,0.211776308
corridor,NE_ASIA_SG,wind,access_cm2,SSP2-4.5,2027,0.163416479
corridor,NE_ASIA_SG,wind,access_cm2,SSP2-4.5,2028,0.182902776
corridor,NE_ASIA_SG,wind,access_cm2,SSP2-4.5,2029,0.698941156
corridor,NE_ASIA_SG,wind,access_cm2,SSP2-4.5,2030,0.230209693
corridor,NE_ASIA_SG,wind,access_cm2,SSP2-4.5,2031,0.543540159
corridor,NE_ASIA_SG,wind,access_cm2,SSP2-4.5,2032,0.074816111
corridor,NE_ASIA_SG,wind,access_cm2,SSP2-4.5,2033,0.123739471
corridor,NE_ASIA_SG,wind,access_cm2,SSP2-4.5,2034,0.076254597
corridor,NE_ASIA_SG,wind,access_cm2,SSP2-4.5,2035,0.440310238
corridor,NE_ASIA_SG,wind,access_cm2,SSP2-4.5,2036,0.408129671
corridor,NE_ASIA_SG,wind,access_cm2,SSP2-4.5,2037,0.035769368
corridor,NE_ASIA_SG,wind,access_cm2,SSP2-4.5,2038,0.033307628
corridor,NE_ASIA_SG,wind,access_cm2,SSP2-4.5,2039,0.151500771
corridor,NE_ASIA_SG,wind,access_cm2,SSP2-4.5,2040,0.384023906
corridor,NE_ASIA_SG,wind,access_cm2,SSP2-4.5,2041,0.306701566
corridor,NE_ASIA_SG,wind,access_cm2,SSP2-4.5,2042,0.184971527
corridor,NE_ASIA_SG,wind,access_cm2,SSP2-4.5,2043,0.80225264
corridor,NE_ASIA_SG,wind,access_cm2,SSP2-4.5,2044,0.554084114
corridor,NE_ASIA_SG,wind,access_cm2,SSP2-4.5,2045,0.05799917
corridor,NE_ASIA_SG,wind,access_cm2,SSP2-4.5,2046,0.137523728
corridor,NE_ASIA_SG,wind,access_cm2,SSP2-4.5,2047,0.093746293
corridor,NE_ASIA_SG,wind,access_cm2,SSP2-4.5,2048,0.059637857
corridor,NE_ASIA_SG,wind,access_cm2,SSP2-4.5,2049,0.55164462
corridor,NE_ASIA_SG,wind,access_cm2,SSP2-4.5,2050,0.097876379
corridor,NE_ASIA_SG,wind,access_cm2,SSP2-4.5,2051,0.340468917
corridor,NE_ASIA_SG,wind,access_cm2,SSP2-4.5,2052,0.691793214
corridor,NE_ASIA_SG,wind,access_cm2,SSP2-4.5,2053,0.280690177
corridor,NE_ASIA_SG,wind,access_cm2,SSP2-4.5,2054,0.028725234
corridor,NE_ASIA_SG,wind,access_cm2,SSP2-4.5,2055,0.043910903
corridor,NE_ASIA_SG,wind,access_cm2,SSP2-4.5,2056,0.448058785
corridor,NE_ASIA_SG,wind,access_cm2,SSP2-4.5,2057,0.084270079
corridor,NE_ASIA_SG,wind,access_cm2,SSP2-4.5,2058,0.14283278
corridor,NE_ASIA_SG,wind,access_cm2,SSP2-4.5,2059,0.212806976
corridor,NE_ASIA_SG,wind,access_cm2,SSP2-4.5,2060,0.241991933
corridor,NE_ASIA_SG,wind,access_cm2,SSP2-4.5,2061,0.232085657
corridor,NE_ASIA_SG,wind,access_cm2,SSP2-4.5,2062,0.172492289
corridor,NE_ASIA_SG,wind,access_cm2,SSP2-4.5,2063,0.673582275
corridor,NE_ASIA_SG,wind,access_cm2,SSP2-4.5,2064,0.226220489
corridor,NE_ASIA_SG,wind,access_cm2,SSP2-4.5,2065,0.166842152
corridor,NE_ASIA_SG,wind,access_cm2,SSP2-4.5,2066,0.668035947
corridor,NE_ASIA_SG,wind,access_cm2,SSP2-4.5,2067,0.221712243
corridor,NE_ASIA_SG,wind,access_cm2,SSP2-4.5,2068,0.059059497
corridor,NE_ASIA_SG,wind,access_cm2,SSP2-4.5,2069,0.05827352
corridor,NE_ASIA_SG,wind,access_cm2,SSP2-4.5,2070,0.194907462
corridor,NE_ASIA_SG,wind,access_cm2,SSP2-4.5,2071,0.258801459
corridor,NE_ASIA_SG,wind,access_cm2,SSP2-4.5,2072,0.183970518
corridor,NE_ASIA_SG,wind,access_cm2,SSP2-4.5,2073,0.637227133
corridor,NE_ASIA_SG,wind,access_cm2,SSP2-4.5,2074,0.065043303
corridor,NE_ASIA_SG,wind,access_cm2,SSP2-4.5,2075,0.082312552
corridor,NE_ASIA_SG,wind,access_cm2,SSP2-4.5,2076,0.052378693
corridor,NE_ASIA_SG,wind,access_cm2,SSP2-4.5,2077,0.320530312
corridor,NE_ASIA_SG,wind,access_cm2,SSP2-4.5,2078,0.319173389
corridor,NE_ASIA_SG,wind,access_cm2,SSP2-4.5,2079,0.550480484
corridor,NE_ASIA_SG,wind,access_cm2,SSP2-4.5,2080,0.153799383
corridor,NE_ASIA_SG,wind,access_cm2,SSP2-4.5,2081,0.595422055
corridor,NE_ASIA_SG,wind,access_cm2,SSP2-4.5,2082,0.264088267
corridor,NE_ASIA_SG,wind,access_cm2,SSP2-4.5,2083,0.429699549
corridor,NE_ASIA_SG,wind,access_cm2,SSP2-4.5,2084,0.605150374
corridor,NE_ASIA_SG,wind,access_cm2,SSP2-4.5,2085,0.202522541
corridor,NE_ASIA_SG,wind,access_cm2,SSP2-4.5,2086,0.095147704
corridor,NE_ASIA_SG,wind,access_cm2,SSP2-4.5,2087,0.713578123
corridor,NE_ASIA_SG,wind,access_cm2,SSP2-4.5,2088,0.162489619
corridor,NE_ASIA_SG,wind,access_cm2,SSP2-4.5,2089,0.26391031
corridor,NE_ASIA_SG,wind,access_cm2,SSP2-4.5,2090,0.304484518
corridor,NE_ASIA_SG,wind,access_cm2,SSP2-4.5,2091,0.546899098
corridor,NE_ASIA_SG,wind,access_cm2,SSP2-4.5,2092,0.195841737
corridor,NE_ASIA_SG,wind,access_cm2,SSP2-4.5,2093,0.605231937
corridor,NE_ASIA_SG,wind,access_cm2,SSP2-4.5,2094,0.259453968
corridor,NE_ASIA_SG,wind,access_cm2,SSP2-4.5,2095,0.736853423
corridor,NE_ASIA_SG,wind,access_cm2,SSP2-4.5,2096,0.33180834
corridor,NE_ASIA_SG,wind,access_cm2,SSP2-4.5,2097,0.738069463
corridor,NE_ASIA_SG,wind,access_cm2,SSP2-4.5,2098,0.037541523
corridor,NE_ASIA_SG,wind,access_cm2,SSP2-4.5,2099,0.448911496
corridor,NE_ASIA_SG,wind,access_cm2,SSP2-4.5,2100,0.118185728
corridor,NE_ASIA_SG,wind,access_cm2,SSP5-8.5,2015,0.436024439
corridor,NE_ASIA_SG,wind,access_cm2,SSP5-8.5,2016,0.063767944
corridor,NE_ASIA_SG,wind,access_cm2,SSP5-8.5,2017,0.119994958
corridor,NE_ASIA_SG,wind,access_cm2,SSP5-8.5,2018,0.681375311
corridor,NE_ASIA_SG,wind,access_cm2,SSP5-8.5,2019,0.254359948
corridor,NE_ASIA_SG,wind,access_cm2,SSP5-8.5,2020,0.705058429
corridor,NE_ASIA_SG,wind,access_cm2,SSP5-8.5,2021,0.324215506
corridor,NE_ASIA_SG,wind,access_cm2,SSP5-8.5,2022,0.672581267
corridor,NE_ASIA_SG,wind,access_cm2,SSP5-8.5,2023,0.218850101
corridor,NE_ASIA_SG,wind,access_cm2,SSP5-8.5,2024,0.177096927
corridor,NE_ASIA_SG,wind,access_cm2,SSP5-8.5,2025,0.27836932
corridor,NE_ASIA_SG,wind,access_cm2,SSP5-8.5,2026,0.630027287
corridor,NE_ASIA_SG,wind,access_cm2,SSP5-8.5,2027,0.045853601
corridor,NE_ASIA_SG,wind,access_cm2,SSP5-8.5,2028,0.43538676
corridor,NE_ASIA_SG,wind,access_cm2,SSP5-8.5,2029,0.435320026
corridor,NE_ASIA_SG,wind,access_cm2,SSP5-8.5,2030,0.180455867
corridor,NE_ASIA_SG,wind,access_cm2,SSP5-8.5,2031,0.285754538
corridor,NE_ASIA_SG,wind,access_cm2,SSP5-8.5,2032,0.152509194
corridor,NE_ASIA_SG,wind,access_cm2,SSP5-8.5,2033,0.068202041
corridor,NE_ASIA_SG,wind,access_cm2,SSP5-8.5,2034,0.801540811
corridor,NE_ASIA_SG,wind,access_cm2,SSP5-8.5,2035,0.164143137
corridor,NE_ASIA_SG,wind,access_cm2,SSP5-8.5,2036,0.321412682
corridor,NE_ASIA_SG,wind,access_cm2,SSP5-8.5,2037,0.198266402
corridor,NE_ASIA_SG,wind,access_cm2,SSP5-8.5,2038,0.60689287
corridor,NE_ASIA_SG,wind,access_cm2,SSP5-8.5,2039,0.114411555
corridor,NE_ASIA_SG,wind,access_cm2,SSP5-8.5,2040,0.09901827
corridor,NE_ASIA_SG,wind,access_cm2,SSP5-8.5,2041,0.1364634
corridor,NE_ASIA_SG,wind,access_cm2,SSP5-8.5,2042,0.091803595
corridor,NE_ASIA_SG,wind,access_cm2,SSP5-8.5,2043,0.291983035
corridor,NE_ASIA_SG,wind,access_cm2,SSP5-8.5,2044,0.210486119
corridor,NE_ASIA_SG,wind,access_cm2,SSP5-8.5,2045,0.054966485
corridor,NE_ASIA_SG,wind,access_cm2,SSP5-8.5,2046,0.425421165
corridor,NE_ASIA_SG,wind,access_cm2,SSP5-8.5,2047,0.550043006
corridor,NE_ASIA_SG,wind,access_cm2,SSP5-8.5,2048,0.132481611
corridor,NE_ASIA_SG,wind,access_cm2,SSP5-8.5,2049,0.006895836
corridor,NE_ASIA_SG,wind,access_cm2,SSP5-8.5,2050,0.47430745
corridor,NE_ASIA_SG,wind,access_cm2,SSP5-8.5,2051,0.763458002
corridor,NE_ASIA_SG,wind,access_cm2,SSP5-8.5,2052,0.024647052
corridor,NE_ASIA_SG,wind,access_cm2,SSP5-8.5,2053,0.465965714
corridor,NE_ASIA_SG,wind,access_cm2,SSP5-8.5,2054,0.223484399
corridor,NE_ASIA_SG,wind,access_cm2,SSP5-8.5,2055,0.06675614
corridor,NE_ASIA_SG,wind,access_cm2,SSP5-8.5,2056,0.279036659
corridor,NE_ASIA_SG,wind,access_cm2,SSP5-8.5,2057,0.346875371
corridor,NE_ASIA_SG,wind,access_cm2,SSP5-8.5,2058,0.086561277
corridor,NE_ASIA_SG,wind,access_cm2,SSP5-8.5,2059,0.116235615
corridor,NE_ASIA_SG,wind,access_cm2,SSP5-8.5,2060,0.207779689
corridor,NE_ASIA_SG,wind,access_cm2,SSP5-8.5,2061,0.180188931
corridor,NE_ASIA_SG,wind,access_cm2,SSP5-8.5,2062,0.53413068
corridor,NE_ASIA_SG,wind,access_cm2,SSP5-8.5,2063,0.01870032
corridor,NE_ASIA_SG,wind,access_cm2,SSP5-8.5,2064,0.758853363
corridor,NE_ASIA_SG,wind,access_cm2,SSP5-8.5,2065,0.437766936
corridor,NE_ASIA_SG,wind,access_cm2,SSP5-8.5,2066,0.290566793
corridor,NE_ASIA_SG,wind,access_cm2,SSP5-8.5,2067,0.339727429
corridor,NE_ASIA_SG,wind,access_cm2,SSP5-8.5,2068,0.184956697
corridor,NE_ASIA_SG,wind,access_cm2,SSP5-8.5,2069,0.072057777
corridor,NE_ASIA_SG,wind,access_cm2,SSP5-8.5,2070,0.124644086
corridor,NE_ASIA_SG,wind,access_cm2,SSP5-8.5,2071,0.191259343
corridor,NE_ASIA_SG,wind,access_cm2,SSP5-8.5,2072,0.403243267
corridor,NE_ASIA_SG,wind,access_cm2,SSP5-8.5,2073,0.051303535
corridor,NE_ASIA_SG,wind,access_cm2,SSP5-8.5,2074,0.02324564
corridor,NE_ASIA_SG,wind,access_cm2,SSP5-8.5,2075,0.090669119
corridor,NE_ASIA_SG,wind,access_cm2,SSP5-8.5,2076,0.561795587
corridor,NE_ASIA_SG,wind,access_cm2,SSP5-8.5,2077,0.12049917
corridor,NE_ASIA_SG,wind,access_cm2,SSP5-8.5,2078,0.39372998
corridor,NE_ASIA_SG,wind,access_cm2,SSP5-8.5,2079,0.151671313
corridor,NE_ASIA_SG,wind,access_cm2,SSP5-8.5,2080,0.29802616
corridor,NE_ASIA_SG,wind,access_cm2,SSP5-8.5,2081,0.05466989
corridor,NE_ASIA_SG,wind,access_cm2,SSP5-8.5,2082,0.147229802
corridor,NE_ASIA_SG,wind,access_cm2,SSP5-8.5,2083,0.45261152
corridor,NE_ASIA_SG,wind,access_cm2,SSP5-8.5,2084,0.027946672
corridor,NE_ASIA_SG,wind,access_cm2,SSP5-8.5,2085,0.825876438
corridor,NE_ASIA_SG,wind,access_cm2,SSP5-8.5,2086,0.057902776
corridor,NE_ASIA_SG,wind,access_cm2,SSP5-8.5,2087,0.067163958
corridor,NE_ASIA_SG,wind,access_cm2,SSP5-8.5,2088,0.19444774
corridor,NE_ASIA_SG,wind,access_cm2,SSP5-8.5,2089,0.283626468
corridor,NE_ASIA_SG,wind,access_cm2,SSP5-8.5,2090,0.240887116
corridor,NE_ASIA_SG,wind,access_cm2,SSP5-8.5,2091,0.278258097
corridor,NE_ASIA_SG,wind,access_cm2,SSP5-8.5,2092,0.610355618
corridor,NE_ASIA_SG,wind,access_cm2,SSP5-8.5,2093,0.078909123
corridor,NE_ASIA_SG,wind,access_cm2,SSP5-8.5,2094,0.061172737
corridor,NE_ASIA_SG,wind,access_cm2,SSP5-8.5,2095,0.285265156
corridor,NE_ASIA_SG,wind,access_cm2,SSP5-8.5,2096,0.453553209
corridor,NE_ASIA_SG,wind,access_cm2,SSP5-8.5,2097,0.462510381
corridor,NE_ASIA_SG,wind,access_cm2,SSP5-8.5,2098,0.077181457
corridor,NE_ASIA_SG,wind,access_cm2,SSP5-8.5,2099,0.168977637
corridor,NE_ASIA_SG,wind,access_cm2,SSP5-8.5,2100,0.164031914
corridor,NE_ASIA_SG,wind,cmcc_cm2_sr5,SSP1-2.6,2015,0.101391031
corridor,NE_ASIA_SG,wind,cmcc_cm2_sr5,SSP1-2.6,2016,0.609465832
corridor,NE_ASIA_SG,wind,cmcc_cm2_sr5,SSP1-2.6,2017,0.056605173
corridor,NE_ASIA_SG,wind,cmcc_cm2_sr5,SSP1-2.6,2018,0.298737988
corridor,NE_ASIA_SG,wind,cmcc_cm2_sr5,SSP1-2.6,2019,0.109695693
corridor,NE_ASIA_SG,wind,cmcc_cm2_sr5,SSP1-2.6,2020,0.292954384
corridor,NE_ASIA_SG,wind,cmcc_cm2_sr5,SSP1-2.6,2021,0.379856745
corridor,NE_ASIA_SG,wind,cmcc_cm2_sr5,SSP1-2.6,2022,0.180025804
corridor,NE_ASIA_SG,wind,cmcc_cm2_sr5,SSP1-2.6,2023,0.411065963
corridor,NE_ASIA_SG,wind,cmcc_cm2_sr5,SSP1-2.6,2024,0.390890082
corridor,NE_ASIA_SG,wind,cmcc_cm2_sr5,SSP1-2.6,2025,0.176778088
corridor,NE_ASIA_SG,wind,cmcc_cm2_sr5,SSP1-2.6,2026,0.614834203
corridor,NE_ASIA_SG,wind,cmcc_cm2_sr5,SSP1-2.6,2027,0.323607486
corridor,NE_ASIA_SG,wind,cmcc_cm2_sr5,SSP1-2.6,2028,0.521636612
corridor,NE_ASIA_SG,wind,cmcc_cm2_sr5,SSP1-2.6,2029,0.536117867
corridor,NE_ASIA_SG,wind,cmcc_cm2_sr5,SSP1-2.6,2030,0.059333847
corridor,NE_ASIA_SG,wind,cmcc_cm2_sr5,SSP1-2.6,2031,0.700476035
corridor,NE_ASIA_SG,wind,cmcc_cm2_sr5,SSP1-2.6,2032,0.089853482
corridor,NE_ASIA_SG,wind,cmcc_cm2_sr5,SSP1-2.6,2033,0.469606418
corridor,NE_ASIA_SG,wind,cmcc_cm2_sr5,SSP1-2.6,2034,0.015104105
corridor,NE_ASIA_SG,wind,cmcc_cm2_sr5,SSP1-2.6,2035,0.202819136
corridor,NE_ASIA_SG,wind,cmcc_cm2_sr5,SSP1-2.6,2036,0.1962718
corridor,NE_ASIA_SG,wind,cmcc_cm2_sr5,SSP1-2.6,2037,0.495877328
corridor,NE_ASIA_SG,wind,cmcc_cm2_sr5,SSP1-2.6,2038,0.810505398
corridor,NE_ASIA_SG,wind,cmcc_cm2_sr5,SSP1-2.6,2039,0.346163543
corridor,NE_ASIA_SG,wind,cmcc_cm2_sr5,SSP1-2.6,2040,0.061328449
corridor,NE_ASIA_SG,wind,cmcc_cm2_sr5,SSP1-2.6,2041,0.095926266
corridor,NE_ASIA_SG,wind,cmcc_cm2_sr5,SSP1-2.6,2042,0.556894353
corridor,NE_ASIA_SG,wind,cmcc_cm2_sr5,SSP1-2.6,2043,0.771703346
corridor,NE_ASIA_SG,wind,cmcc_cm2_sr5,SSP1-2.6,2044,0.032573556
corridor,NE_ASIA_SG,wind,cmcc_cm2_sr5,SSP1-2.6,2045,0.029718828
corridor,NE_ASIA_SG,wind,cmcc_cm2_sr5,SSP1-2.6,2046,0.274758275
corridor,NE_ASIA_SG,wind,cmcc_cm2_sr5,SSP1-2.6,2047,1.04075958
corridor,NE_ASIA_SG,wind,cmcc_cm2_sr5,SSP1-2.6,2048,0.223988611
corridor,NE_ASIA_SG,wind,cmcc_cm2_sr5,SSP1-2.6,2049,0.112728378
corridor,NE_ASIA_SG,wind,cmcc_cm2_sr5,SSP1-2.6,2050,0.21375608
corridor,NE_ASIA_SG,wind,cmcc_cm2_sr5,SSP1-2.6,2051,0.696664788
corridor,NE_ASIA_SG,wind,cmcc_cm2_sr5,SSP1-2.6,2052,0.262190058
corridor,NE_ASIA_SG,wind,cmcc_cm2_sr5,SSP1-2.6,2053,0.101680211
corridor,NE_ASIA_SG,wind,cmcc_cm2_sr5,SSP1-2.6,2054,0.795705303
corridor,NE_ASIA_SG,wind,cmcc_cm2_sr5,SSP1-2.6,2055,0.154422233
corridor,NE_ASIA_SG,wind,cmcc_cm2_sr5,SSP1-2.6,2056,0.570107664
corridor,NE_ASIA_SG,wind,cmcc_cm2_sr5,SSP1-2.6,2057,0.21555048
corridor,NE_ASIA_SG,wind,cmcc_cm2_sr5,SSP1-2.6,2058,0.522415174
corridor,NE_ASIA_SG,wind,cmcc_cm2_sr5,SSP1-2.6,2059,0.009498458
corridor,NE_ASIA_SG,wind,cmcc_cm2_sr5,SSP1-2.6,2060,0.798649009
corridor,NE_ASIA_SG,wind,cmcc_cm2_sr5,SSP1-2.6,2061,0.399773105
corridor,NE_ASIA_SG,wind,cmcc_cm2_sr5,SSP1-2.6,2062,0.169555997
corridor,NE_ASIA_SG,wind,cmcc_cm2_sr5,SSP1-2.6,2063,0.581207735
corridor,NE_ASIA_SG,wind,cmcc_cm2_sr5,SSP1-2.6,2064,0.749488373
corridor,NE_ASIA_SG,wind,cmcc_cm2_sr5,SSP1-2.6,2065,0.235140586
corridor,NE_ASIA_SG,wind,cmcc_cm2_sr5,SSP1-2.6,2066,0.574667814
corridor,NE_ASIA_SG,wind,cmcc_cm2_sr5,SSP1-2.6,2067,0.193068573
corridor,NE_ASIA_SG,wind,cmcc_cm2_sr5,SSP1-2.6,2068,0.141638984
corridor,NE_ASIA_SG,wind,cmcc_cm2_sr5,SSP1-2.6,2069,0.236994305
corridor,NE_ASIA_SG,wind,cmcc_cm2_sr5,SSP1-2.6,2070,0.544956401
corridor,NE_ASIA_SG,wind,cmcc_cm2_sr5,SSP1-2.6,2071,0.015319136
corridor,NE_ASIA_SG,wind,cmcc_cm2_sr5,SSP1-2.6,2072,0.391980069
corridor,NE_ASIA_SG,wind,cmcc_cm2_sr5,SSP1-2.6,2073,0.487127773
corridor,NE_ASIA_SG,wind,cmcc_cm2_sr5,SSP1-2.6,2074,1.042769012
corridor,NE_ASIA_SG,wind,cmcc_cm2_sr5,SSP1-2.6,2075,0.094947503
corridor,NE_ASIA_SG,wind,cmcc_cm2_sr5,SSP1-2.6,2076,0.020064658
corridor,NE_ASIA_SG,wind,cmcc_cm2_sr5,SSP1-2.6,2077,0.076180448
corridor,NE_ASIA_SG,wind,cmcc_cm2_sr5,SSP1-2.6,2078,0.541716099
corridor,NE_ASIA_SG,wind,cmcc_cm2_sr5,SSP1-2.6,2079,0.206103927
corridor,NE_ASIA_SG,wind,cmcc_cm2_sr5,SSP1-2.6,2080,0.255879998
corridor,NE_ASIA_SG,wind,cmcc_cm2_sr5,SSP1-2.6,2081,1.454976866
corridor,NE_ASIA_SG,wind,cmcc_cm2_sr5,SSP1-2.6,2082,0.277687152
corridor,NE_ASIA_SG,wind,cmcc_cm2_sr5,SSP1-2.6,2083,0.205421758
corridor,NE_ASIA_SG,wind,cmcc_cm2_sr5,SSP1-2.6,2084,0.422610927
corridor,NE_ASIA_SG,wind,cmcc_cm2_sr5,SSP1-2.6,2085,0.644478882
corridor,NE_ASIA_SG,wind,cmcc_cm2_sr5,SSP1-2.6,2086,0.464542057
corridor,NE_ASIA_SG,wind,cmcc_cm2_sr5,SSP1-2.6,2087,0.592226243
corridor,NE_ASIA_SG,wind,cmcc_cm2_sr5,SSP1-2.6,2088,0.327908115
corridor,NE_ASIA_SG,wind,cmcc_cm2_sr5,SSP1-2.6,2089,0.354423716
corridor,NE_ASIA_SG,wind,cmcc_cm2_sr5,SSP1-2.6,2090,0.361623562
corridor,NE_ASIA_SG,wind,cmcc_cm2_sr5,SSP1-2.6,2091,0.00875697
corridor,NE_ASIA_SG,wind,cmcc_cm2_sr5,SSP1-2.6,2092,0.455429173
corridor,NE_ASIA_SG,wind,cmcc_cm2_sr5,SSP1-2.6,2093,0.073740954
corridor,NE_ASIA_SG,wind,cmcc_cm2_sr5,SSP1-2.6,2094,0.116287519
corridor,NE_ASIA_SG,wind,cmcc_cm2_sr5,SSP1-2.6,2095,0.202774647
corridor,NE_ASIA_SG,wind,cmcc_cm2_sr5,SSP1-2.6,2096,0.504159746
corridor,NE_ASIA_SG,wind,cmcc_cm2_sr5,SSP1-2.6,2097,0.540018092
corridor,NE_ASIA_SG,wind,cmcc_cm2_sr5,SSP1-2.6,2098,0.196916894
corridor,NE_ASIA_SG,wind,cmcc_cm2_sr5,SSP1-2.6,2099,0.406431664
corridor,NE_ASIA_SG,wind,cmcc_cm2_sr5,SSP1-2.6,2100,0.2059408
corridor,NE_ASIA_SG,wind,cmcc_cm2_sr5,SSP2-4.5,2015,0.358791078
corridor,NE_ASIA_SG,wind,cmcc_cm2_sr5,SSP2-4.5,2016,0.213029422
corridor,NE_ASIA_SG,wind,cmcc_cm2_sr5,SSP2-4.5,2017,0.435801993
corridor,NE_ASIA_SG,wind,cmcc_cm2_sr5,SSP2-4.5,2018,0.331496915
corridor,NE_ASIA_SG,wind,cmcc_cm2_sr5,SSP2-4.5,2019,0.251801815
corridor,NE_ASIA_SG,wind,cmcc_cm2_sr5,SSP2-4.5,2020,0.520954443
corridor,NE_ASIA_SG,wind,cmcc_cm2_sr5,SSP2-4.5,2021,0.61656187
corridor,NE_ASIA_SG,wind,cmcc_cm2_sr5,SSP2-4.5,2022,1.225479001
corridor,NE_ASIA_SG,wind,cmcc_cm2_sr5,SSP2-4.5,2023,0.408411437
corridor,NE_ASIA_SG,wind,cmcc_cm2_sr5,SSP2-4.5,2024,0.203790485
corridor,NE_ASIA_SG,wind,cmcc_cm2_sr5,SSP2-4.5,2025,0.127676771
corridor,NE_ASIA_SG,wind,cmcc_cm2_sr5,SSP2-4.5,2026,0.17000089
corridor,NE_ASIA_SG,wind,cmcc_cm2_sr5,SSP2-4.5,2027,0.21772304
corridor,NE_ASIA_SG,wind,cmcc_cm2_sr5,SSP2-4.5,2028,0.450980247
corridor,NE_ASIA_SG,wind,cmcc_cm2_sr5,SSP2-4.5,2029,0.391194092
corridor,NE_ASIA_SG,wind,cmcc_cm2_sr5,SSP2-4.5,2030,0.185861312
corridor,NE_ASIA_SG,wind,cmcc_cm2_sr5,SSP2-4.5,2031,0.118971705
corridor,NE_ASIA_SG,wind,cmcc_cm2_sr5,SSP2-4.5,2032,0.245847669
corridor,NE_ASIA_SG,wind,cmcc_cm2_sr5,SSP2-4.5,2033,0.985904318
corridor,NE_ASIA_SG,wind,cmcc_cm2_sr5,SSP2-4.5,2034,0.392973662
corridor,NE_ASIA_SG,wind,cmcc_cm2_sr5,SSP2-4.5,2035,0.330392099
corridor,NE_ASIA_SG,wind,cmcc_cm2_sr5,SSP2-4.5,2036,0.091314213
corridor,NE_ASIA_SG,wind,cmcc_cm2_sr5,SSP2-4.5,2037,0.459166271
corridor,NE_ASIA_SG,wind,cmcc_cm2_sr5,SSP2-4.5,2038,0.332572073
corridor,NE_ASIA_SG,wind,cmcc_cm2_sr5,SSP2-4.5,2039,0.034456934
corridor,NE_ASIA_SG,wind,cmcc_cm2_sr5,SSP2-4.5,2040,0.591922233
corridor,NE_ASIA_SG,wind,cmcc_cm2_sr5,SSP2-4.5,2041,0.022244632
corridor,NE_ASIA_SG,wind,cmcc_cm2_sr5,SSP2-4.5,2042,0.357018923
corridor,NE_ASIA_SG,wind,cmcc_cm2_sr5,SSP2-4.5,2043,0.427786511
corridor,NE_ASIA_SG,wind,cmcc_cm2_sr5,SSP2-4.5,2044,0.03172826
corridor,NE_ASIA_SG,wind,cmcc_cm2_sr5,SSP2-4.5,2045,0.087732827
corridor,NE_ASIA_SG,wind,cmcc_cm2_sr5,SSP2-4.5,2046,0.546350397
corridor,NE_ASIA_SG,wind,cmcc_cm2_sr5,SSP2-4.5,2047,0.175836398
corridor,NE_ASIA_SG,wind,cmcc_cm2_sr5,SSP2-4.5,2048,0.167591055
corridor,NE_ASIA_SG,wind,cmcc_cm2_sr5,SSP2-4.5,2049,0.10357842
corridor,NE_ASIA_SG,wind,cmcc_cm2_sr5,SSP2-4.5,2050,0.547521948
corridor,NE_ASIA_SG,wind,cmcc_cm2_sr5,SSP2-4.5,2051,0.437952308
corridor,NE_ASIA_SG,wind,cmcc_cm2_sr5,SSP2-4.5,2052,0.667146162
corridor,NE_ASIA_SG,wind,cmcc_cm2_sr5,SSP2-4.5,2053,0.043021118
corridor,NE_ASIA_SG,wind,cmcc_cm2_sr5,SSP2-4.5,2054,0.623539269
corridor,NE_ASIA_SG,wind,cmcc_cm2_sr5,SSP2-4.5,2055,0.617599953
corridor,NE_ASIA_SG,wind,cmcc_cm2_sr5,SSP2-4.5,2056,0.782951714
corridor,NE_ASIA_SG,wind,cmcc_cm2_sr5,SSP2-4.5,2057,0.466217819
corridor,NE_ASIA_SG,wind,cmcc_cm2_sr5,SSP2-4.5,2058,0.059452485
corridor,NE_ASIA_SG,wind,cmcc_cm2_sr5,SSP2-4.5,2059,0.086450053
corridor,NE_ASIA_SG,wind,cmcc_cm2_sr5,SSP2-4.5,2060,0.092915826
corridor,NE_ASIA_SG,wind,cmcc_cm2_sr5,SSP2-4.5,2061,0.137138154
corridor,NE_ASIA_SG,wind,cmcc_cm2_sr5,SSP2-4.5,2062,0.244246055
corridor,NE_ASIA_SG,wind,cmcc_cm2_sr5,SSP2-4.5,2063,0.390838178
corridor,NE_ASIA_SG,wind,cmcc_cm2_sr5,SSP2-4.5,2064,0.30165945
corridor,NE_ASIA_SG,wind,cmcc_cm2_sr5,SSP2-4.5,2065,0.211383319
corridor,NE_ASIA_SG,wind,cmcc_cm2_sr5,SSP2-4.5,2066,0.098076581
corridor,NE_ASIA_SG,wind,cmcc_cm2_sr5,SSP2-4.5,2067,0.224826492
corridor,NE_ASIA_SG,wind,cmcc_cm2_sr5,SSP2-4.5,2068,0.332927987
corridor,NE_ASIA_SG,wind,cmcc_cm2_sr5,SSP2-4.5,2069,0.140637976
corridor,NE_ASIA_SG,wind,cmcc_cm2_sr5,SSP2-4.5,2070,0.222201625
corridor,NE_ASIA_SG,wind,cmcc_cm2_sr5,SSP2-4.5,2071,0.099418674
corridor,NE_ASIA_SG,wind,cmcc_cm2_sr5,SSP2-4.5,2072,0.300250623
corridor,NE_ASIA_SG,wind,cmcc_cm2_sr5,SSP2-4.5,2073,0.176066259
corridor,NE_ASIA_SG,wind,cmcc_cm2_sr5,SSP2-4.5,2074,0.120439851
corridor,NE_ASIA_SG,wind,cmcc_cm2_sr5,SSP2-4.5,2075,0.527575928
corridor,NE_ASIA_SG,wind,cmcc_cm2_sr5,SSP2-4.5,2076,0.126416242
corridor,NE_ASIA_SG,wind,cmcc_cm2_sr5,SSP2-4.5,2077,0.045164017
corridor,NE_ASIA_SG,wind,cmcc_cm2_sr5,SSP2-4.5,2078,0.497627239
corridor,NE_ASIA_SG,wind,cmcc_cm2_sr5,SSP2-4.5,2079,0.401300569
corridor,NE_ASIA_SG,wind,cmcc_cm2_sr5,SSP2-4.5,2080,0.283211235
corridor,NE_ASIA_SG,wind,cmcc_cm2_sr5,SSP2-4.5,2081,0.780875549
corridor,NE_ASIA_SG,wind,cmcc_cm2_sr5,SSP2-4.5,2082,0.360170246
corridor,NE_ASIA_SG,wind,cmcc_cm2_sr5,SSP2-4.5,2083,0.165500059
corridor,NE_ASIA_SG,wind,cmcc_cm2_sr5,SSP2-4.5,2084,0.035687804
corridor,NE_ASIA_SG,wind,cmcc_cm2_sr5,SSP2-4.5,2085,0.401930834
corridor,NE_ASIA_SG,wind,cmcc_cm2_sr5,SSP2-4.5,2086,0.406765334
corridor,NE_ASIA_SG,wind,cmcc_cm2_sr5,SSP2-4.5,2087,0.407136078
corridor,NE_ASIA_SG,wind,cmcc_cm2_sr5,SSP2-4.5,2088,0.052148831
corridor,NE_ASIA_SG,wind,cmcc_cm2_sr5,SSP2-4.5,2089,0.589408589
corridor,NE_ASIA_SG,wind,cmcc_cm2_sr5,SSP2-4.5,2090,0.424056828
corridor,NE_ASIA_SG,wind,cmcc_cm2_sr5,SSP2-4.5,2091,0.06312285
corridor,NE_ASIA_SG,wind,cmcc_cm2_sr5,SSP2-4.5,2092,0.32005576
corridor,NE_ASIA_SG,wind,cmcc_cm2_sr5,SSP2-4.5,2093,0.433140052
corridor,NE_ASIA_SG,wind,cmcc_cm2_sr5,SSP2-4.5,2094,0.267143196
corridor,NE_ASIA_SG,wind,cmcc_cm2_sr5,SSP2-4.5,2095,0.033715447
corridor,NE_ASIA_SG,wind,cmcc_cm2_sr5,SSP2-4.5,2096,0.226480009
corridor,NE_ASIA_SG,wind,cmcc_cm2_sr5,SSP2-4.5,2097,0.307146459
corridor,NE_ASIA_SG,wind,cmcc_cm2_sr5,SSP2-4.5,2098,0.081341203
corridor,NE_ASIA_SG,wind,cmcc_cm2_sr5,SSP2-4.5,2099,1.095296002
corridor,NE_ASIA_SG,wind,cmcc_cm2_sr5,SSP2-4.5,2100,0.102688634
corridor,NE_ASIA_SG,wind,cmcc_cm2_sr5,SSP5-8.5,2015,0.253462748
corridor,NE_ASIA_SG,wind,cmcc_cm2_sr5,SSP5-8.5,2016,0.073288646
corridor,NE_ASIA_SG,wind,cmcc_cm2_sr5,SSP5-8.5,2017,0.435586962
corridor,NE_ASIA_SG,wind,cmcc_cm2_sr5,SSP5-8.5,2018,0.083506347
corridor,NE_ASIA_SG,wind,cmcc_cm2_sr5,SSP5-8.5,2019,0.772222387
corridor,NE_ASIA_SG,wind,cmcc_cm2_sr5,SSP5-8.5,2020,0.326432554
corridor,NE_ASIA_SG,wind,cmcc_cm2_sr5,SSP5-8.5,2021,0.324037549
corridor,NE_ASIA_SG,wind,cmcc_cm2_sr5,SSP5-8.5,2022,0.146621782
corridor,NE_ASIA_SG,wind,cmcc_cm2_sr5,SSP5-8.5,2023,0.451284257
corridor,NE_ASIA_SG,wind,cmcc_cm2_sr5,SSP5-8.5,2024,0.251156721
corridor,NE_ASIA_SG,wind,cmcc_cm2_sr5,SSP5-8.5,2025,0.052549235
corridor,NE_ASIA_SG,wind,cmcc_cm2_sr5,SSP5-8.5,2026,0.400455273
corridor,NE_ASIA_SG,wind,cmcc_cm2_sr5,SSP5-8.5,2027,0.32490509
corridor,NE_ASIA_SG,wind,cmcc_cm2_sr5,SSP5-8.5,2028,1.137887057
corridor,NE_ASIA_SG,wind,cmcc_cm2_sr5,SSP5-8.5,2029,1.083980899
corridor,NE_ASIA_SG,wind,cmcc_cm2_sr5,SSP5-8.5,2030,0.129752936
corridor,NE_ASIA_SG,wind,cmcc_cm2_sr5,SSP5-8.5,2031,0.009935935
corridor,NE_ASIA_SG,wind,cmcc_cm2_sr5,SSP5-8.5,2032,0.364582098
corridor,NE_ASIA_SG,wind,cmcc_cm2_sr5,SSP5-8.5,2033,0.370736446
corridor,NE_ASIA_SG,wind,cmcc_cm2_sr5,SSP5-8.5,2034,0.175977281
corridor,NE_ASIA_SG,wind,cmcc_cm2_sr5,SSP5-8.5,2035,0.051696524
corridor,NE_ASIA_SG,wind,cmcc_cm2_sr5,SSP5-8.5,2036,0.833246826
corridor,NE_ASIA_SG,wind,cmcc_cm2_sr5,SSP5-8.5,2037,0.339260292
corridor,NE_ASIA_SG,wind,cmcc_cm2_sr5,SSP5-8.5,2038,0.856796476
corridor,NE_ASIA_SG,wind,cmcc_cm2_sr5,SSP5-8.5,2039,0.40792947
corridor,NE_ASIA_SG,wind,cmcc_cm2_sr5,SSP5-8.5,2040,0.040129315
corridor,NE_ASIA_SG,wind,cmcc_cm2_sr5,SSP5-8.5,2041,0.342411615
corridor,NE_ASIA_SG,wind,cmcc_cm2_sr5,SSP5-8.5,2042,0.242933622
corridor,NE_ASIA_SG,wind,cmcc_cm2_sr5,SSP5-8.5,2043,0.236482679
corridor,NE_ASIA_SG,wind,cmcc_cm2_sr5,SSP5-8.5,2044,0.539491636
corridor,NE_ASIA_SG,wind,cmcc_cm2_sr5,SSP5-8.5,2045,0.481329339
corridor,NE_ASIA_SG,wind,cmcc_cm2_sr5,SSP5-8.5,2046,0.23581534
corridor,NE_ASIA_SG,wind,cmcc_cm2_sr5,SSP5-8.5,2047,0.329672856
corridor,NE_ASIA_SG,wind,cmcc_cm2_sr5,SSP5-8.5,2048,0.300547218
corridor,NE_ASIA_SG,wind,cmcc_cm2_sr5,SSP5-8.5,2049,0.003625875
corridor,NE_ASIA_SG,wind,cmcc_cm2_sr5,SSP5-8.5,2050,0.237921165
corridor,NE_ASIA_SG,wind,cmcc_cm2_sr5,SSP5-8.5,2051,0.216151086
corridor,NE_ASIA_SG,wind,cmcc_cm2_sr5,SSP5-8.5,2052,0.18296951
corridor,NE_ASIA_SG,wind,cmcc_cm2_sr5,SSP5-8.5,2053,0.064687389
corridor,NE_ASIA_SG,wind,cmcc_cm2_sr5,SSP5-8.5,2054,0.819469985
corridor,NE_ASIA_SG,wind,cmcc_cm2_sr5,SSP5-8.5,2055,0.123072132
corridor,NE_ASIA_SG,wind,cmcc_cm2_sr5,SSP5-8.5,2056,0.253551726
corridor,NE_ASIA_SG,wind,cmcc_cm2_sr5,SSP5-8.5,2057,0.12863329
corridor,NE_ASIA_SG,wind,cmcc_cm2_sr5,SSP5-8.5,2058,0.540040337
corridor,NE_ASIA_SG,wind,cmcc_cm2_sr5,SSP5-8.5,2059,0.951514118
corridor,NE_ASIA_SG,wind,cmcc_cm2_sr5,SSP5-8.5,2060,0.50785977
corridor,NE_ASIA_SG,wind,cmcc_cm2_sr5,SSP5-8.5,2061,0.449667814
corridor,NE_ASIA_SG,wind,cmcc_cm2_sr5,SSP5-8.5,2062,0.354268003
corridor,NE_ASIA_SG,wind,cmcc_cm2_sr5,SSP5-8.5,2063,0.473039506
corridor,NE_ASIA_SG,wind,cmcc_cm2_sr5,SSP5-8.5,2064,1.083565666
corridor,NE_ASIA_SG,wind,cmcc_cm2_sr5,SSP5-8.5,2065,0.743927216
corridor,NE_ASIA_SG,wind,cmcc_cm2_sr5,SSP5-8.5,2066,0.383141535
corridor,NE_ASIA_SG,wind,cmcc_cm2_sr5,SSP5-8.5,2067,0.043525329
corridor,NE_ASIA_SG,wind,cmcc_cm2_sr5,SSP5-8.5,2068,0.214542057
corridor,NE_ASIA_SG,wind,cmcc_cm2_sr5,SSP5-8.5,2069,0.013168822
corridor,NE_ASIA_SG,wind,cmcc_cm2_sr5,SSP5-8.5,2070,0.095362736
corridor,NE_ASIA_SG,wind,cmcc_cm2_sr5,SSP5-8.5,2071,0.24578835
corridor,NE_ASIA_SG,wind,cmcc_cm2_sr5,SSP5-8.5,2072,0.293643967
corridor,NE_ASIA_SG,wind,cmcc_cm2_sr5,SSP5-8.5,2073,0.728355973
corridor,NE_ASIA_SG,wind,cmcc_cm2_sr5,SSP5-8.5,2074,0.291100664
corridor,NE_ASIA_SG,wind,cmcc_cm2_sr5,SSP5-8.5,2075,0.247634654
corridor,NE_ASIA_SG,wind,cmcc_cm2_sr5,SSP5-8.5,2076,0.776723217
corridor,NE_ASIA_SG,wind,cmcc_cm2_sr5,SSP5-8.5,2077,0.594146696
corridor,NE_ASIA_SG,wind,cmcc_cm2_sr5,SSP5-8.5,2078,0.552660458
corridor,NE_ASIA_SG,wind,cmcc_cm2_sr5,SSP5-8.5,2079,0.75606537
corridor,NE_ASIA_SG,wind,cmcc_cm2_sr5,SSP5-8.5,2080,0.234028354
corridor,NE_ASIA_SG,wind,cmcc_cm2_sr5,SSP5-8.5,2081,0.323651975
corridor,NE_ASIA_SG,wind,cmcc_cm2_sr5,SSP5-8.5,2082,0.082972476
corridor,NE_ASIA_SG,wind,cmcc_cm2_sr5,SSP5-8.5,2083,0.330325365
corridor,NE_ASIA_SG,wind,cmcc_cm2_sr5,SSP5-8.5,2084,0.35113151
corridor,NE_ASIA_SG,wind,cmcc_cm2_sr5,SSP5-8.5,2085,0.080125163
corridor,NE_ASIA_SG,wind,cmcc_cm2_sr5,SSP5-8.5,2086,0.526448867
corridor,NE_ASIA_SG,wind,cmcc_cm2_sr5,SSP5-8.5,2087,0.2645035
corridor,NE_ASIA_SG,wind,cmcc_cm2_sr5,SSP5-8.5,2088,0.018336991
corridor,NE_ASIA_SG,wind,cmcc_cm2_sr5,SSP5-8.5,2089,0.0
corridor,NE_ASIA_SG,wind,cmcc_cm2_sr5,SSP5-8.5,2090,0.311951299
corridor,NE_ASIA_SG,wind,cmcc_cm2_sr5,SSP5-8.5,2091,0.106700083
corridor,NE_ASIA_SG,wind,cmcc_cm2_sr5,SSP5-8.5,2092,0.703034168
corridor,NE_ASIA_SG,wind,cmcc_cm2_sr5,SSP5-8.5,2093,0.672640586
corridor,NE_ASIA_SG,wind,cmcc_cm2_sr5,SSP5-8.5,2094,0.108279452
corridor,NE_ASIA_SG,wind,cmcc_cm2_sr5,SSP5-8.5,2095,0.076951596
corridor,NE_ASIA_SG,wind,cmcc_cm2_sr5,SSP5-8.5,2096,0.291545557
corridor,NE_ASIA_SG,wind,cmcc_cm2_sr5,SSP5-8.5,2097,0.40124125
corridor,NE_ASIA_SG,wind,cmcc_cm2_sr5,SSP5-8.5,2098,0.285398624
corridor,NE_ASIA_SG,wind,cmcc_cm2_sr5,SSP5-8.5,2099,0.953137976
corridor,NE_ASIA_SG,wind,cmcc_cm2_sr5,SSP5-8.5,2100,0.491495136
corridor,NE_ASIA_SG,wind,ipsl_cm6a_lr,SSP1-2.6,2015,0.084396132
corridor,NE_ASIA_SG,wind,ipsl_cm6a_lr,SSP1-2.6,2016,0.210656662
corridor,NE_ASIA_SG,wind,ipsl_cm6a_lr,SSP1-2.6,2017,0.922788884
corridor,NE_ASIA_SG,wind,ipsl_cm6a_lr,SSP1-2.6,2018,0.706445011
corridor,NE_ASIA_SG,wind,ipsl_cm6a_lr,SSP1-2.6,2019,0.093130858
corridor,NE_ASIA_SG,wind,ipsl_cm6a_lr,SSP1-2.6,2020,0.647341025
corridor,NE_ASIA_SG,wind,ipsl_cm6a_lr,SSP1-2.6,2021,0.531743089
corridor,NE_ASIA_SG,wind,ipsl_cm6a_lr,SSP1-2.6,2022,0.246403785
corridor,NE_ASIA_SG,wind,ipsl_cm6a_lr,SSP1-2.6,2023,0.146317772
corridor,NE_ASIA_SG,wind,ipsl_cm6a_lr,SSP1-2.6,2024,0.788334915
corridor,NE_ASIA_SG,wind,ipsl_cm6a_lr,SSP1-2.6,2025,0.344250504
corridor,NE_ASIA_SG,wind,ipsl_cm6a_lr,SSP1-2.6,2026,0.304076699
corridor,NE_ASIA_SG,wind,ipsl_cm6a_lr,SSP1-2.6,2027,0.643767054
corridor,NE_ASIA_SG,wind,ipsl_cm6a_lr,SSP1-2.6,2028,0.344332068
corridor,NE_ASIA_SG,wind,ipsl_cm6a_lr,SSP1-2.6,2029,0.284367956
corridor,NE_ASIA_SG,wind,ipsl_cm6a_lr,SSP1-2.6,2030,0.279896785
corridor,NE_ASIA_SG,wind,ipsl_cm6a_lr,SSP1-2.6,2031,0.418910903
corridor,NE_ASIA_SG,wind,ipsl_cm6a_lr,SSP1-2.6,2032,0.126364337
corridor,NE_ASIA_SG,wind,ipsl_cm6a_lr,SSP1-2.6,2033,0.574274825
corridor,NE_ASIA_SG,wind,ipsl_cm6a_lr,SSP1-2.6,2034,0.115516372
corridor,NE_ASIA_SG,wind,ipsl_cm6a_lr,SSP1-2.6,2035,0.303565073
corridor,NE_ASIA_SG,wind,ipsl_cm6a_lr,SSP1-2.6,2036,0.53413068
corridor,NE_ASIA_SG,wind,ipsl_cm6a_lr,SSP1-2.6,2037,0.109095088
corridor,NE_ASIA_SG,wind,ipsl_cm6a_lr,SSP1-2.6,2038,0.268025566
corridor,NE_ASIA_SG,wind,ipsl_cm6a_lr,SSP1-2.6,2039,0.328990687
corridor,NE_ASIA_SG,wind,ipsl_cm6a_lr,SSP1-2.6,2040,0.059252284
corridor,NE_ASIA_SG,wind,ipsl_cm6a_lr,SSP1-2.6,2041,0.484228556
corridor,NE_ASIA_SG,wind,ipsl_cm6a_lr,SSP1-2.6,2042,0.057272512
corridor,NE_ASIA_SG,wind,ipsl_cm6a_lr,SSP1-2.6,2043,0.36534583
corridor,NE_ASIA_SG,wind,ipsl_cm6a_lr,SSP1-2.6,2044,0.398668288
corridor,NE_ASIA_SG,wind,ipsl_cm6a_lr,SSP1-2.6,2045,1.078152806
corridor,NE_ASIA_SG,wind,ipsl_cm6a_lr,SSP1-2.6,2046,0.01990153
corridor,NE_ASIA_SG,wind,ipsl_cm6a_lr,SSP1-2.6,2047,0.267254419
corridor,NE_ASIA_SG,wind,ipsl_cm6a_lr,SSP1-2.6,2048,0.933525626
corridor,NE_ASIA_SG,wind,ipsl_cm6a_lr,SSP1-2.6,2049,0.80377269
corridor,NE_ASIA_SG,wind,ipsl_cm6a_lr,SSP1-2.6,2050,0.448073615
corridor,NE_ASIA_SG,wind,ipsl_cm6a_lr,SSP1-2.6,2051,0.368541642
corridor,NE_ASIA_SG,wind,ipsl_cm6a_lr,SSP1-2.6,2052,0.549479476
corridor,NE_ASIA_SG,wind,ipsl_cm6a_lr,SSP1-2.6,2053,0.068728497
corridor,NE_ASIA_SG,wind,ipsl_cm6a_lr,SSP1-2.6,2054,0.029837466
corridor,NE_ASIA_SG,wind,ipsl_cm6a_lr,SSP1-2.6,2055,0.529170127
corridor,NE_ASIA_SG,wind,ipsl_cm6a_lr,SSP1-2.6,2056,0.091151086
corridor,NE_ASIA_SG,wind,ipsl_cm6a_lr,SSP1-2.6,2057,0.262738759
corridor,NE_ASIA_SG,wind,ipsl_cm6a_lr,SSP1-2.6,2058,0.096030075
corridor,NE_ASIA_SG,wind,ipsl_cm6a_lr,SSP1-2.6,2059,0.53352266
corridor,NE_ASIA_SG,wind,ipsl_cm6a_lr,SSP1-2.6,2060,0.151456282
corridor,NE_ASIA_SG,wind,ipsl_cm6a_lr,SSP1-2.6,2061,0.339527227
corridor,NE_ASIA_SG,wind,ipsl_cm6a_lr,SSP1-2.6,2062,0.620862499
corridor,NE_ASIA_SG,wind,ipsl_cm6a_lr,SSP1-2.6,2063,0.132674398
corridor,NE_ASIA_SG,wind,ipsl_cm6a_lr,SSP1-2.6,2064,0.208639815
corridor,NE_ASIA_SG,wind,ipsl_cm6a_lr,SSP1-2.6,2065,0.194588623
corridor,NE_ASIA_SG,wind,ipsl_cm6a_lr,SSP1-2.6,2066,0.181404971
corridor,NE_ASIA_SG,wind,ipsl_cm6a_lr,SSP1-2.6,2067,0.407647704
corridor,NE_ASIA_SG,wind,ipsl_cm6a_lr,SSP1-2.6,2068,0.351635722
corridor,NE_ASIA_SG,wind,ipsl_cm6a_lr,SSP1-2.6,2069,0.062166331
corridor,NE_ASIA_SG,wind,ipsl_cm6a_lr,SSP1-2.6,2070,0.598024677
corridor,NE_ASIA_SG,wind,ipsl_cm6a_lr,SSP1-2.6,2071,0.160524677
corridor,NE_ASIA_SG,wind,ipsl_cm6a_lr,SSP1-2.6,2072,0.354735141
corridor,NE_ASIA_SG,wind,ipsl_cm6a_lr,SSP1-2.6,2073,0.013806501
corridor,NE_ASIA_SG,wind,ipsl_cm6a_lr,SSP1-2.6,2074,0.207764859
corridor,NE_ASIA_SG,wind,ipsl_cm6a_lr,SSP1-2.6,2075,0.127988196
corridor,NE_ASIA_SG,wind,ipsl_cm6a_lr,SSP1-2.6,2076,0.155897793
corridor,NE_ASIA_SG,wind,ipsl_cm6a_lr,SSP1-2.6,2077,0.033270554
corridor,NE_ASIA_SG,wind,ipsl_cm6a_lr,SSP1-2.6,2078,0.597424072
corridor,NE_ASIA_SG,wind,ipsl_cm6a_lr,SSP1-2.6,2079,0.131310061
corridor,NE_ASIA_SG,wind,ipsl_cm6a_lr,SSP1-2.6,2080,0.170920335
corridor,NE_ASIA_SG,wind,ipsl_cm6a_lr,SSP1-2.6,2081,0.043777435
corridor,NE_ASIA_SG,wind,ipsl_cm6a_lr,SSP1-2.6,2082,0.27263762
corridor,NE_ASIA_SG,wind,ipsl_cm6a_lr,SSP1-2.6,2083,0.252165144
corridor,NE_ASIA_SG,wind,ipsl_cm6a_lr,SSP1-2.6,2084,0.167895065
corridor,NE_ASIA_SG,wind,ipsl_cm6a_lr,SSP1-2.6,2085,0.014770435
corridor,NE_ASIA_SG,wind,ipsl_cm6a_lr,SSP1-2.6,2086,0.02538854
corridor,NE_ASIA_SG,wind,ipsl_cm6a_lr,SSP1-2.6,2087,0.210159865
corridor,NE_ASIA_SG,wind,ipsl_cm6a_lr,SSP1-2.6,2088,0.08574564
corridor,NE_ASIA_SG,wind,ipsl_cm6a_lr,SSP1-2.6,2089,0.62078835
corridor,NE_ASIA_SG,wind,ipsl_cm6a_lr,SSP1-2.6,2090,0.109384269
corridor,NE_ASIA_SG,wind,ipsl_cm6a_lr,SSP1-2.6,2091,0.13463934
corridor,NE_ASIA_SG,wind,ipsl_cm6a_lr,SSP1-2.6,2092,0.379930893
corridor,NE_ASIA_SG,wind,ipsl_cm6a_lr,SSP1-2.6,2093,0.322428521
corridor,NE_ASIA_SG,wind,ipsl_cm6a_lr,SSP1-2.6,2094,0.192356745
corridor,NE_ASIA_SG,wind,ipsl_cm6a_lr,SSP1-2.6,2095,0.18207231
corridor,NE_ASIA_SG,wind,ipsl_cm6a_lr,SSP1-2.6,2096,0.162860363
corridor,NE_ASIA_SG,wind,ipsl_cm6a_lr,SSP1-2.6,2097,0.091351287
corridor,NE_ASIA_SG,wind,ipsl_cm6a_lr,SSP1-2.6,2098,0.872530846
corridor,NE_ASIA_SG,wind,ipsl_cm6a_lr,SSP1-2.6,2099,0.021584708
corridor,NE_ASIA_SG,wind,ipsl_cm6a_lr,SSP1-2.6,2100,0.073622316
corridor,NE_ASIA_SG,wind,ipsl_cm6a_lr,SSP2-4.5,2015,0.33728052
corridor,NE_ASIA_SG,wind,ipsl_cm6a_lr,SSP2-4.5,2016,0.645146221
corridor,NE_ASIA_SG,wind,ipsl_cm6a_lr,SSP2-4.5,2017,0.09906276
corridor,NE_ASIA_SG,wind,ipsl_cm6a_lr,SSP2-4.5,2018,0.086724404
corridor,NE_ASIA_SG,wind,ipsl_cm6a_lr,SSP2-4.5,2019,0.106759402
corridor,NE_ASIA_SG,wind,ipsl_cm6a_lr,SSP2-4.5,2020,0.285843516
corridor,NE_ASIA_SG,wind,ipsl_cm6a_lr,SSP2-4.5,2021,0.185409005
corridor,NE_ASIA_SG,wind,ipsl_cm6a_lr,SSP2-4.5,2022,0.060586962
corridor,NE_ASIA_SG,wind,ipsl_cm6a_lr,SSP2-4.5,2023,0.504604639
corridor,NE_ASIA_SG,wind,ipsl_cm6a_lr,SSP2-4.5,2024,0.308740657
corridor,NE_ASIA_SG,wind,ipsl_cm6a_lr,SSP2-4.5,2025,0.627980781
corridor,NE_ASIA_SG,wind,ipsl_cm6a_lr,SSP2-4.5,2026,0.400403369
corridor,NE_ASIA_SG,wind,ipsl_cm6a_lr,SSP2-4.5,2027,0.254678788
corridor,NE_ASIA_SG,wind,ipsl_cm6a_lr,SSP2-4.5,2028,0.872731048
corridor,NE_ASIA_SG,wind,ipsl_cm6a_lr,SSP2-4.5,2029,1.068061158
corridor,NE_ASIA_SG,wind,ipsl_cm6a_lr,SSP2-4.5,2030,0.233524143
corridor,NE_ASIA_SG,wind,ipsl_cm6a_lr,SSP2-4.5,2031,0.256777198
corridor,NE_ASIA_SG,wind,ipsl_cm6a_lr,SSP2-4.5,2032,0.441318662
corridor,NE_ASIA_SG,wind,ipsl_cm6a_lr,SSP2-4.5,2033,0.115508957
corridor,NE_ASIA_SG,wind,ipsl_cm6a_lr,SSP2-4.5,2034,0.170727548
corridor,NE_ASIA_SG,wind,ipsl_cm6a_lr,SSP2-4.5,2035,0.042287045
corridor,NE_ASIA_SG,wind,ipsl_cm6a_lr,SSP2-4.5,2036,0.274053862
corridor,NE_ASIA_SG,wind,ipsl_cm6a_lr,SSP2-4.5,2037,0.347720667
corridor,NE_ASIA_SG,wind,ipsl_cm6a_lr,SSP2-4.5,2038,0.036362558
corridor,NE_ASIA_SG,wind,ipsl_cm6a_lr,SSP2-4.5,2039,0.289091233
corridor,NE_ASIA_SG,wind,ipsl_cm6a_lr,SSP2-4.5,2040,0.149609977
corridor,NE_ASIA_SG,wind,ipsl_cm6a_lr,SSP2-4.5,2041,0.152983747
corridor,NE_ASIA_SG,wind,ipsl_cm6a_lr,SSP2-4.5,2042,0.18661763
corridor,NE_ASIA_SG,wind,ipsl_cm6a_lr,SSP2-4.5,2043,0.226628307
corridor,NE_ASIA_SG,wind,ipsl_cm6a_lr,SSP2-4.5,2044,0.502595207
corridor,NE_ASIA_SG,wind,ipsl_cm6a_lr,SSP2-4.5,2045,0.545482857
corridor,NE_ASIA_SG,wind,ipsl_cm6a_lr,SSP2-4.5,2046,0.230031736
corridor,NE_ASIA_SG,wind,ipsl_cm6a_lr,SSP2-4.5,2047,0.6452352
corridor,NE_ASIA_SG,wind,ipsl_cm6a_lr,SSP2-4.5,2048,0.700728141
corridor,NE_ASIA_SG,wind,ipsl_cm6a_lr,SSP2-4.5,2049,0.400566497
corridor,NE_ASIA_SG,wind,ipsl_cm6a_lr,SSP2-4.5,2050,0.404466722
corridor,NE_ASIA_SG,wind,ipsl_cm6a_lr,SSP2-4.5,2051,0.038490628
corridor,NE_ASIA_SG,wind,ipsl_cm6a_lr,SSP2-4.5,2052,0.465646874
corridor,NE_ASIA_SG,wind,ipsl_cm6a_lr,SSP2-4.5,2053,0.078975857
corridor,NE_ASIA_SG,wind,ipsl_cm6a_lr,SSP2-4.5,2054,0.303097936
corridor,NE_ASIA_SG,wind,ipsl_cm6a_lr,SSP2-4.5,2055,0.715379938
corridor,NE_ASIA_SG,wind,ipsl_cm6a_lr,SSP2-4.5,2056,0.27236327
corridor,NE_ASIA_SG,wind,ipsl_cm6a_lr,SSP2-4.5,2057,0.544185253
corridor,NE_ASIA_SG,wind,ipsl_cm6a_lr,SSP2-4.5,2058,0.171268834
corridor,NE_ASIA_SG,wind,ipsl_cm6a_lr,SSP2-4.5,2059,0.000949104
corridor,NE_ASIA_SG,wind,ipsl_cm6a_lr,SSP2-4.5,2060,0.152820619
corridor,NE_ASIA_SG,wind,ipsl_cm6a_lr,SSP2-4.5,2061,0.563545498
corridor,NE_ASIA_SG,wind,ipsl_cm6a_lr,SSP2-4.5,2062,0.109970044
corridor,NE_ASIA_SG,wind,ipsl_cm6a_lr,SSP2-4.5,2063,0.163839127
corridor,NE_ASIA_SG,wind,ipsl_cm6a_lr,SSP2-4.5,2064,0.457201329
corridor,NE_ASIA_SG,wind,ipsl_cm6a_lr,SSP2-4.5,2065,0.018203524
corridor,NE_ASIA_SG,wind,ipsl_cm6a_lr,SSP2-4.5,2066,0.016475857
corridor,NE_ASIA_SG,wind,ipsl_cm6a_lr,SSP2-4.5,2067,0.959722387
corridor,NE_ASIA_SG,wind,ipsl_cm6a_lr,SSP2-4.5,2068,0.037541523
corridor,NE_ASIA_SG,wind,ipsl_cm6a_lr,SSP2-4.5,2069,0.234554811
corridor,NE_ASIA_SG,wind,ipsl_cm6a_lr,SSP2-4.5,2070,0.009528117
corridor,NE_ASIA_SG,wind,ipsl_cm6a_lr,SSP2-4.5,2071,0.141164432
corridor,NE_ASIA_SG,wind,ipsl_cm6a_lr,SSP2-4.5,2072,0.532773757
corridor,NE_ASIA_SG,wind,ipsl_cm6a_lr,SSP2-4.5,2073,0.176533397
corridor,NE_ASIA_SG,wind,ipsl_cm6a_lr,SSP2-4.5,2074,0.104631332
corridor,NE_ASIA_SG,wind,ipsl_cm6a_lr,SSP2-4.5,2075,0.585107961
corridor,NE_ASIA_SG,wind,ipsl_cm6a_lr,SSP2-4.5,2076,0.179113774
corridor,NE_ASIA_SG,wind,ipsl_cm6a_lr,SSP2-4.5,2077,0.507755962
corridor,NE_ASIA_SG,wind,ipsl_cm6a_lr,SSP2-4.5,2078,0.835975501
corridor,NE_ASIA_SG,wind,ipsl_cm6a_lr,SSP2-4.5,2079,0.11716989
corridor,NE_ASIA_SG,wind,ipsl_cm6a_lr,SSP2-4.5,2080,0.382644738
corridor,NE_ASIA_SG,wind,ipsl_cm6a_lr,SSP2-4.5,2081,0.53469421
corridor,NE_ASIA_SG,wind,ipsl_cm6a_lr,SSP2-4.5,2082,0.620209989
corridor,NE_ASIA_SG,wind,ipsl_cm6a_lr,SSP2-4.5,2083,0.033478171
corridor,NE_ASIA_SG,wind,ipsl_cm6a_lr,SSP2-4.5,2084,0.149365287
corridor,NE_ASIA_SG,wind,ipsl_cm6a_lr,SSP2-4.5,2085,0.891208922
corridor,NE_ASIA_SG,wind,ipsl_cm6a_lr,SSP2-4.5,2086,0.102807273
corridor,NE_ASIA_SG,wind,ipsl_cm6a_lr,SSP2-4.5,2087,0.151211591
corridor,NE_ASIA_SG,wind,ipsl_cm6a_lr,SSP2-4.5,2088,0.5356359
corridor,NE_ASIA_SG,wind,ipsl_cm6a_lr,SSP2-4.5,2089,0.009142544
corridor,NE_ASIA_SG,wind,ipsl_cm6a_lr,SSP2-4.5,2090,0.207186499
corridor,NE_ASIA_SG,wind,ipsl_cm6a_lr,SSP2-4.5,2091,0.094131866
corridor,NE_ASIA_SG,wind,ipsl_cm6a_lr,SSP2-4.5,2092,0.183117808
corridor,NE_ASIA_SG,wind,ipsl_cm6a_lr,SSP2-4.5,2093,0.111897912
corridor,NE_ASIA_SG,wind,ipsl_cm6a_lr,SSP2-4.5,2094,0.329917547
corridor,NE_ASIA_SG,wind,ipsl_cm6a_lr,SSP2-4.5,2095,0.036065963
corridor,NE_ASIA_SG,wind,ipsl_cm6a_lr,SSP2-4.5,2096,0.737743208
corridor,NE_ASIA_SG,wind,ipsl_cm6a_lr,SSP2-4.5,2097,0.103971408
corridor,NE_ASIA_SG,wind,ipsl_cm6a_lr,SSP2-4.5,2098,0.144849626
corridor,NE_ASIA_SG,wind,ipsl_cm6a_lr,SSP2-4.5,2099,0.095651916
corridor,NE_ASIA_SG,wind,ipsl_cm6a_lr,SSP2-4.5,2100,0.76479268
corridor,NE_ASIA_SG,wind,ipsl_cm6a_lr,SSP5-8.5,2015,0.207208744
corridor,NE_ASIA_SG,wind,ipsl_cm6a_lr,SSP5-8.5,2016,1.356811306
corridor,NE_ASIA_SG,wind,ipsl_cm6a_lr,SSP5-8.5,2017,0.243222802
corridor,NE_ASIA_SG,wind,ipsl_cm6a_lr,SSP5-8.5,2018,0.394397319
corridor,NE_ASIA_SG,wind,ipsl_cm6a_lr,SSP5-8.5,2019,0.130145925
corridor,NE_ASIA_SG,wind,ipsl_cm6a_lr,SSP5-8.5,2020,0.15637976
corridor,NE_ASIA_SG,wind,ipsl_cm6a_lr,SSP5-8.5,2021,0.708706549
corridor,NE_ASIA_SG,wind,ipsl_cm6a_lr,SSP5-8.5,2022,0.305329814
corridor,NE_ASIA_SG,wind,ipsl_cm6a_lr,SSP5-8.5,2023,0.19624214
corridor,NE_ASIA_SG,wind,ipsl_cm6a_lr,SSP5-8.5,2024,0.408025863
corridor,NE_ASIA_SG,wind,ipsl_cm6a_lr,SSP5-8.5,2025,0.098855143
corridor,NE_ASIA_SG,wind,ipsl_cm6a_lr,SSP5-8.5,2026,0.269619765
corridor,NE_ASIA_SG,wind,ipsl_cm6a_lr,SSP5-8.5,2027,0.256717879
corridor,NE_ASIA_SG,wind,ipsl_cm6a_lr,SSP5-8.5,2028,0.823711294
corridor,NE_ASIA_SG,wind,ipsl_cm6a_lr,SSP5-8.5,2029,0.088229624
corridor,NE_ASIA_SG,wind,ipsl_cm6a_lr,SSP5-8.5,2030,0.714008186
corridor,NE_ASIA_SG,wind,ipsl_cm6a_lr,SSP5-8.5,2031,0.311321035
corridor,NE_ASIA_SG,wind,ipsl_cm6a_lr,SSP5-8.5,2032,0.405831059
corridor,NE_ASIA_SG,wind,ipsl_cm6a_lr,SSP5-8.5,2033,0.280008008
corridor,NE_ASIA_SG,wind,ipsl_cm6a_lr,SSP5-8.5,2034,0.140511923
corridor,NE_ASIA_SG,wind,ipsl_cm6a_lr,SSP5-8.5,2035,0.231722328
corridor,NE_ASIA_SG,wind,ipsl_cm6a_lr,SSP5-8.5,2036,0.294044371
corridor,NE_ASIA_SG,wind,ipsl_cm6a_lr,SSP5-8.5,2037,0.101324297
corridor,NE_ASIA_SG,wind,ipsl_cm6a_lr,SSP5-8.5,2038,0.190414047
corridor,NE_ASIA_SG,wind,ipsl_cm6a_lr,SSP5-8.5,2039,0.717048286
corridor,NE_ASIA_SG,wind,ipsl_cm6a_lr,SSP5-8.5,2040,0.307257682
corridor,NE_ASIA_SG,wind,ipsl_cm6a_lr,SSP5-8.5,2041,0.065302824
corridor,NE_ASIA_SG,wind,ipsl_cm6a_lr,SSP5-8.5,2042,0.375860126
corridor,NE_ASIA_SG,wind,ipsl_cm6a_lr,SSP5-8.5,2043,0.052163661
corridor,NE_ASIA_SG,wind,ipsl_cm6a_lr,SSP5-8.5,2044,1.359495492
corridor,NE_ASIA_SG,wind,ipsl_cm6a_lr,SSP5-8.5,2045,0.087332424
corridor,NE_ASIA_SG,wind,ipsl_cm6a_lr,SSP5-8.5,2046,0.181634832
corridor,NE_ASIA_SG,wind,ipsl_cm6a_lr,SSP5-8.5,2047,0.448718709
corridor,NE_ASIA_SG,wind,ipsl_cm6a_lr,SSP5-8.5,2048,0.047321746
corridor,NE_ASIA_SG,wind,ipsl_cm6a_lr,SSP5-8.5,2049,0.167175822
corridor,NE_ASIA_SG,wind,ipsl_cm6a_lr,SSP5-8.5,2050,0.084811366
corridor,NE_ASIA_SG,wind,ipsl_cm6a_lr,SSP5-8.5,2051,0.199408293
corridor,NE_ASIA_SG,wind,ipsl_cm6a_lr,SSP5-8.5,2052,0.578182465
corridor,NE_ASIA_SG,wind,ipsl_cm6a_lr,SSP5-8.5,2053,0.465632044
corridor,NE_ASIA_SG,wind,ipsl_cm6a_lr,SSP5-8.5,2054,0.217804603
corridor,NE_ASIA_SG,wind,ipsl_cm6a_lr,SSP5-8.5,2055,0.166834737
corridor,NE_ASIA_SG,wind,ipsl_cm6a_lr,SSP5-8.5,2056,0.130212659
corridor,NE_ASIA_SG,wind,ipsl_cm6a_lr,SSP5-8.5,2057,0.09058014
corridor,NE_ASIA_SG,wind,ipsl_cm6a_lr,SSP5-8.5,2058,0.228378218
corridor,NE_ASIA_SG,wind,ipsl_cm6a_lr,SSP5-8.5,2059,0.263717523
corridor,NE_ASIA_SG,wind,ipsl_cm6a_lr,SSP5-8.5,2060,0.096860541
corridor,NE_ASIA_SG,wind,ipsl_cm6a_lr,SSP5-8.5,2061,0.281883972
corridor,NE_ASIA_SG,wind,ipsl_cm6a_lr,SSP5-8.5,2062,0.539595444
corridor,NE_ASIA_SG,wind,ipsl_cm6a_lr,SSP5-8.5,2063,0.641268241
corridor,NE_ASIA_SG,wind,ipsl_cm6a_lr,SSP5-8.5,2064,0.232308103
corridor,NE_ASIA_SG,wind,ipsl_cm6a_lr,SSP5-8.5,2065,0.69234933
corridor,NE_ASIA_SG,wind,ipsl_cm6a_lr,SSP5-8.5,2066,0.479935342
corridor,NE_ASIA_SG,wind,ipsl_cm6a_lr,SSP5-8.5,2067,0.127498814
corridor,NE_ASIA_SG,wind,ipsl_cm6a_lr,SSP5-8.5,2068,1.000392988
corridor,NE_ASIA_SG,wind,ipsl_cm6a_lr,SSP5-8.5,2069,0.112728378
corridor,NE_ASIA_SG,wind,ipsl_cm6a_lr,SSP5-8.5,2070,0.473677186
corridor,NE_ASIA_SG,wind,ipsl_cm6a_lr,SSP5-8.5,2071,0.526100368
corridor,NE_ASIA_SG,wind,ipsl_cm6a_lr,SSP5-8.5,2072,0.020568869
corridor,NE_ASIA_SG,wind,ipsl_cm6a_lr,SSP5-8.5,2073,0.153302586
corridor,NE_ASIA_SG,wind,ipsl_cm6a_lr,SSP5-8.5,2074,0.262597876
corridor,NE_ASIA_SG,wind,ipsl_cm6a_lr,SSP5-8.5,2075,0.085434215
corridor,NE_ASIA_SG,wind,ipsl_cm6a_lr,SSP5-8.5,2076,0.162215269
corridor,NE_ASIA_SG,wind,ipsl_cm6a_lr,SSP5-8.5,2077,0.029481552
corridor,NE_ASIA_SG,wind,ipsl_cm6a_lr,SSP5-8.5,2078,0.104245759
corridor,NE_ASIA_SG,wind,ipsl_cm6a_lr,SSP5-8.5,2079,0.34146251
corridor,NE_ASIA_SG,wind,ipsl_cm6a_lr,SSP5-8.5,2080,0.475738522
corridor,NE_ASIA_SG,wind,ipsl_cm6a_lr,SSP5-8.5,2081,0.269493712
corridor,NE_ASIA_SG,wind,ipsl_cm6a_lr,SSP5-8.5,2082,0.732204295
corridor,NE_ASIA_SG,wind,ipsl_cm6a_lr,SSP5-8.5,2083,0.05465506
corridor,NE_ASIA_SG,wind,ipsl_cm6a_lr,SSP5-8.5,2084,0.074645569
corridor,NE_ASIA_SG,wind,ipsl_cm6a_lr,SSP5-8.5,2085,0.00846779
corridor,NE_ASIA_SG,wind,ipsl_cm6a_lr,SSP5-8.5,2086,0.855209693
corridor,NE_ASIA_SG,wind,ipsl_cm6a_lr,SSP5-8.5,2087,0.637219718
corridor,NE_ASIA_SG,wind,ipsl_cm6a_lr,SSP5-8.5,2088,0.127610037
corridor,NE_ASIA_SG,wind,ipsl_cm6a_lr,SSP5-8.5,2089,0.51959752
corridor,NE_ASIA_SG,wind,ipsl_cm6a_lr,SSP5-8.5,2090,0.118348855
corridor,NE_ASIA_SG,wind,ipsl_cm6a_lr,SSP5-8.5,2091,0.02806531
corridor,NE_ASIA_SG,wind,ipsl_cm6a_lr,SSP5-8.5,2092,0.171135366
corridor,NE_ASIA_SG,wind,ipsl_cm6a_lr,SSP5-8.5,2093,0.075416716
corridor,NE_ASIA_SG,wind,ipsl_cm6a_lr,SSP5-8.5,2094,0.302979298
corridor,NE_ASIA_SG,wind,ipsl_cm6a_lr,SSP5-8.5,2095,1.172492289
corridor,NE_ASIA_SG,wind,ipsl_cm6a_lr,SSP5-8.5,2096,0.191029482
corridor,NE_ASIA_SG,wind,ipsl_cm6a_lr,SSP5-8.5,2097,0.245825424
corridor,NE_ASIA_SG,wind,ipsl_cm6a_lr,SSP5-8.5,2098,0.343664729
corridor,NE_ASIA_SG,wind,ipsl_cm6a_lr,SSP5-8.5,2099,0.413616681
corridor,NE_ASIA_SG,wind,ipsl_cm6a_lr,SSP5-8.5,2100,0.208246826
corridor,NE_ASIA_SG,wind,mpi_esm1_2_lr,SSP1-2.6,2015,0.230587851
corridor,NE_ASIA_SG,wind,mpi_esm1_2_lr,SSP1-2.6,2016,0.045505101
corridor,NE_ASIA_SG,wind,mpi_esm1_2_lr,SSP1-2.6,2017,0.037385811
corridor,NE_ASIA_SG,wind,mpi_esm1_2_lr,SSP1-2.6,2018,0.154340669
corridor,NE_ASIA_SG,wind,mpi_esm1_2_lr,SSP1-2.6,2019,0.121663305
corridor,NE_ASIA_SG,wind,mpi_esm1_2_lr,SSP1-2.6,2020,0.31157314
corridor,NE_ASIA_SG,wind,mpi_esm1_2_lr,SSP1-2.6,2021,0.24937715
corridor,NE_ASIA_SG,wind,mpi_esm1_2_lr,SSP1-2.6,2022,1.514014118
corridor,NE_ASIA_SG,wind,mpi_esm1_2_lr,SSP1-2.6,2023,0.474248131
corridor,NE_ASIA_SG,wind,mpi_esm1_2_lr,SSP1-2.6,2024,0.909204829
corridor,NE_ASIA_SG,wind,mpi_esm1_2_lr,SSP1-2.6,2025,0.255212659
corridor,NE_ASIA_SG,wind,mpi_esm1_2_lr,SSP1-2.6,2026,1.222364753
corridor,NE_ASIA_SG,wind,mpi_esm1_2_lr,SSP1-2.6,2027,0.156490984
corridor,NE_ASIA_SG,wind,mpi_esm1_2_lr,SSP1-2.6,2028,0.176585301
corridor,NE_ASIA_SG,wind,mpi_esm1_2_lr,SSP1-2.6,2029,0.211539032
corridor,NE_ASIA_SG,wind,mpi_esm1_2_lr,SSP1-2.6,2030,0.236149009
corridor,NE_ASIA_SG,wind,mpi_esm1_2_lr,SSP1-2.6,2031,0.70321954
corridor,NE_ASIA_SG,wind,mpi_esm1_2_lr,SSP1-2.6,2032,0.337480721
corridor,NE_ASIA_SG,wind,mpi_esm1_2_lr,SSP1-2.6,2033,0.18807836
corridor,NE_ASIA_SG,wind,mpi_esm1_2_lr,SSP1-2.6,2034,0.518915352
corridor,NE_ASIA_SG,wind,mpi_esm1_2_lr,SSP1-2.6,2035,0.288453553
corridor,NE_ASIA_SG,wind,mpi_esm1_2_lr,SSP1-2.6,2036,0.463029422
corridor,NE_ASIA_SG,wind,mpi_esm1_2_lr,SSP1-2.6,2037,0.165529719
corridor,NE_ASIA_SG,wind,mpi_esm1_2_lr,SSP1-2.6,2038,0.342433859
corridor,NE_ASIA_SG,wind,mpi_esm1_2_lr,SSP1-2.6,2039,0.970103215
corridor,NE_ASIA_SG,wind,mpi_esm1_2_lr,SSP1-2.6,2040,0.63921432
corridor,NE_ASIA_SG,wind,mpi_esm1_2_lr,SSP1-2.6,2041,0.437752106
corridor,NE_ASIA_SG,wind,mpi_esm1_2_lr,SSP1-2.6,2042,0.160443113
corridor,NE_ASIA_SG,wind,mpi_esm1_2_lr,SSP1-2.6,2043,0.475909064
corridor,NE_ASIA_SG,wind,mpi_esm1_2_lr,SSP1-2.6,2044,0.147155653
corridor,NE_ASIA_SG,wind,mpi_esm1_2_lr,SSP1-2.6,2045,0.567527287
corridor,NE_ASIA_SG,wind,mpi_esm1_2_lr,SSP1-2.6,2046,0.298930775
corridor,NE_ASIA_SG,wind,mpi_esm1_2_lr,SSP1-2.6,2047,0.43085627
corridor,NE_ASIA_SG,wind,mpi_esm1_2_lr,SSP1-2.6,2048,0.10902094
corridor,NE_ASIA_SG,wind,mpi_esm1_2_lr,SSP1-2.6,2049,0.198926326
corridor,NE_ASIA_SG,wind,mpi_esm1_2_lr,SSP1-2.6,2050,0.384505873
corridor,NE_ASIA_SG,wind,mpi_esm1_2_lr,SSP1-2.6,2051,0.425013347
corridor,NE_ASIA_SG,wind,mpi_esm1_2_lr,SSP1-2.6,2052,0.933473722
corridor,NE_ASIA_SG,wind,mpi_esm1_2_lr,SSP1-2.6,2053,0.424264444
corridor,NE_ASIA_SG,wind,mpi_esm1_2_lr,SSP1-2.6,2054,0.649105766
corridor,NE_ASIA_SG,wind,mpi_esm1_2_lr,SSP1-2.6,2055,0.125229861
corridor,NE_ASIA_SG,wind,mpi_esm1_2_lr,SSP1-2.6,2056,0.25422648
corridor,NE_ASIA_SG,wind,mpi_esm1_2_lr,SSP1-2.6,2057,0.045749792
corridor,NE_ASIA_SG,wind,mpi_esm1_2_lr,SSP1-2.6,2058,1.001290189
corridor,NE_ASIA_SG,wind,mpi_esm1_2_lr,SSP1-2.6,2059,0.235044193
corridor,NE_ASIA_SG,wind,mpi_esm1_2_lr,SSP1-2.6,2060,0.232078242
corridor,NE_ASIA_SG,wind,mpi_esm1_2_lr,SSP1-2.6,2061,0.120766105
corridor,NE_ASIA_SG,wind,mpi_esm1_2_lr,SSP1-2.6,2062,0.668102681
corridor,NE_ASIA_SG,wind,mpi_esm1_2_lr,SSP1-2.6,2063,0.793243564
corridor,NE_ASIA_SG,wind,mpi_esm1_2_lr,SSP1-2.6,2064,0.116191126
corridor,NE_ASIA_SG,wind,mpi_esm1_2_lr,SSP1-2.6,2065,0.072102266
corridor,NE_ASIA_SG,wind,mpi_esm1_2_lr,SSP1-2.6,2066,0.212243445
corridor,NE_ASIA_SG,wind,mpi_esm1_2_lr,SSP1-2.6,2067,0.281891387
corridor,NE_ASIA_SG,wind,mpi_esm1_2_lr,SSP1-2.6,2068,0.413275596
corridor,NE_ASIA_SG,wind,mpi_esm1_2_lr,SSP1-2.6,2069,0.886596868
corridor,NE_ASIA_SG,wind,mpi_esm1_2_lr,SSP1-2.6,2070,0.604386641
corridor,NE_ASIA_SG,wind,mpi_esm1_2_lr,SSP1-2.6,2071,0.090216811
corridor,NE_ASIA_SG,wind,mpi_esm1_2_lr,SSP1-2.6,2072,0.56189198
corridor,NE_ASIA_SG,wind,mpi_esm1_2_lr,SSP1-2.6,2073,0.07609147
corridor,NE_ASIA_SG,wind,mpi_esm1_2_lr,SSP1-2.6,2074,0.222290604
corridor,NE_ASIA_SG,wind,mpi_esm1_2_lr,SSP1-2.6,2075,0.334737217
corridor,NE_ASIA_SG,wind,mpi_esm1_2_lr,SSP1-2.6,2076,0.194284613
corridor,NE_ASIA_SG,wind,mpi_esm1_2_lr,SSP1-2.6,2077,0.247590165
corridor,NE_ASIA_SG,wind,mpi_esm1_2_lr,SSP1-2.6,2078,0.374191778
corridor,NE_ASIA_SG,wind,mpi_esm1_2_lr,SSP1-2.6,2079,0.026382133
corridor,NE_ASIA_SG,wind,mpi_esm1_2_lr,SSP1-2.6,2080,0.683696168
corridor,NE_ASIA_SG,wind,mpi_esm1_2_lr,SSP1-2.6,2081,0.321442342
corridor,NE_ASIA_SG,wind,mpi_esm1_2_lr,SSP1-2.6,2082,0.076135959
corridor,NE_ASIA_SG,wind,mpi_esm1_2_lr,SSP1-2.6,2083,0.056827619
corridor,NE_ASIA_SG,wind,mpi_esm1_2_lr,SSP1-2.6,2084,0.036303239
corridor,NE_ASIA_SG,wind,mpi_esm1_2_lr,SSP1-2.6,2085,0.107189465
corridor,NE_ASIA_SG,wind,mpi_esm1_2_lr,SSP1-2.6,2086,0.49756792
corridor,NE_ASIA_SG,wind,mpi_esm1_2_lr,SSP1-2.6,2087,0.129196821
corridor,NE_ASIA_SG,wind,mpi_esm1_2_lr,SSP1-2.6,2088,0.810920631
corridor,NE_ASIA_SG,wind,mpi_esm1_2_lr,SSP1-2.6,2089,0.472149721
corridor,NE_ASIA_SG,wind,mpi_esm1_2_lr,SSP1-2.6,2090,0.416167398
corridor,NE_ASIA_SG,wind,mpi_esm1_2_lr,SSP1-2.6,2091,0.283411437
corridor,NE_ASIA_SG,wind,mpi_esm1_2_lr,SSP1-2.6,2092,0.547455214
corridor,NE_ASIA_SG,wind,mpi_esm1_2_lr,SSP1-2.6,2093,0.141787282
corridor,NE_ASIA_SG,wind,mpi_esm1_2_lr,SSP1-2.6,2094,0.374258512
corridor,NE_ASIA_SG,wind,mpi_esm1_2_lr,SSP1-2.6,2095,0.181731226
corridor,NE_ASIA_SG,wind,mpi_esm1_2_lr,SSP1-2.6,2096,0.417813501
corridor,NE_ASIA_SG,wind,mpi_esm1_2_lr,SSP1-2.6,2097,0.198392455
corridor,NE_ASIA_SG,wind,mpi_esm1_2_lr,SSP1-2.6,2098,0.606751987
corridor,NE_ASIA_SG,wind,mpi_esm1_2_lr,SSP1-2.6,2099,0.127291197
corridor,NE_ASIA_SG,wind,mpi_esm1_2_lr,SSP1-2.6,2100,0.525129019
corridor,NE_ASIA_SG,wind,mpi_esm1_2_lr,SSP2-4.5,2015,0.160191007
corridor,NE_ASIA_SG,wind,mpi_esm1_2_lr,SSP2-4.5,2016,0.578264029
corridor,NE_ASIA_SG,wind,mpi_esm1_2_lr,SSP2-4.5,2017,0.585241428
corridor,NE_ASIA_SG,wind,mpi_esm1_2_lr,SSP2-4.5,2018,0.199934749
corridor,NE_ASIA_SG,wind,mpi_esm1_2_lr,SSP2-4.5,2019,0.592752699
corridor,NE_ASIA_SG,wind,mpi_esm1_2_lr,SSP2-4.5,2020,0.077010915
corridor,NE_ASIA_SG,wind,mpi_esm1_2_lr,SSP2-4.5,2021,0.212688338
corridor,NE_ASIA_SG,wind,mpi_esm1_2_lr,SSP2-4.5,2022,0.300947621
corridor,NE_ASIA_SG,wind,mpi_esm1_2_lr,SSP2-4.5,2023,0.213296358
corridor,NE_ASIA_SG,wind,mpi_esm1_2_lr,SSP2-4.5,2024,0.471867956
corridor,NE_ASIA_SG,wind,mpi_esm1_2_lr,SSP2-4.5,2025,0.664714082
corridor,NE_ASIA_SG,wind,mpi_esm1_2_lr,SSP2-4.5,2026,0.943365168
corridor,NE_ASIA_SG,wind,mpi_esm1_2_lr,SSP2-4.5,2027,0.232619528
corridor,NE_ASIA_SG,wind,mpi_esm1_2_lr,SSP2-4.5,2028,0.210382311
corridor,NE_ASIA_SG,wind,mpi_esm1_2_lr,SSP2-4.5,2029,0.345511033
corridor,NE_ASIA_SG,wind,mpi_esm1_2_lr,SSP2-4.5,2030,0.649899158
corridor,NE_ASIA_SG,wind,mpi_esm1_2_lr,SSP2-4.5,2031,0.203849804
corridor,NE_ASIA_SG,wind,mpi_esm1_2_lr,SSP2-4.5,2032,0.566822873
corridor,NE_ASIA_SG,wind,mpi_esm1_2_lr,SSP2-4.5,2033,1.158114842
corridor,NE_ASIA_SG,wind,mpi_esm1_2_lr,SSP2-4.5,2034,0.6694077
corridor,NE_ASIA_SG,wind,mpi_esm1_2_lr,SSP2-4.5,2035,0.519871871
corridor,NE_ASIA_SG,wind,mpi_esm1_2_lr,SSP2-4.5,2036,0.76780312
corridor,NE_ASIA_SG,wind,mpi_esm1_2_lr,SSP2-4.5,2037,0.149691541
corridor,NE_ASIA_SG,wind,mpi_esm1_2_lr,SSP2-4.5,2038,0.212717997
corridor,NE_ASIA_SG,wind,mpi_esm1_2_lr,SSP2-4.5,2039,0.238262249
corridor,NE_ASIA_SG,wind,mpi_esm1_2_lr,SSP2-4.5,2040,0.015163424
corridor,NE_ASIA_SG,wind,mpi_esm1_2_lr,SSP2-4.5,2041,0.183607189
corridor,NE_ASIA_SG,wind,mpi_esm1_2_lr,SSP2-4.5,2042,0.125785977
corridor,NE_ASIA_SG,wind,mpi_esm1_2_lr,SSP2-4.5,2043,0.43722565
corridor,NE_ASIA_SG,wind,mpi_esm1_2_lr,SSP2-4.5,2044,0.472045913
corridor,NE_ASIA_SG,wind,mpi_esm1_2_lr,SSP2-4.5,2045,0.782699608
corridor,NE_ASIA_SG,wind,mpi_esm1_2_lr,SSP2-4.5,2046,1.121492763
corridor,NE_ASIA_SG,wind,mpi_esm1_2_lr,SSP2-4.5,2047,0.169303891
corridor,NE_ASIA_SG,wind,mpi_esm1_2_lr,SSP2-4.5,2048,0.09842508
corridor,NE_ASIA_SG,wind,mpi_esm1_2_lr,SSP2-4.5,2049,0.079020346
corridor,NE_ASIA_SG,wind,mpi_esm1_2_lr,SSP2-4.5,2050,0.41423953
corridor,NE_ASIA_SG,wind,mpi_esm1_2_lr,SSP2-4.5,2051,0.368474908
corridor,NE_ASIA_SG,wind,mpi_esm1_2_lr,SSP2-4.5,2052,0.306634832
corridor,NE_ASIA_SG,wind,mpi_esm1_2_lr,SSP2-4.5,2053,0.666604876
corridor,NE_ASIA_SG,wind,mpi_esm1_2_lr,SSP2-4.5,2054,0.20381273
corridor,NE_ASIA_SG,wind,mpi_esm1_2_lr,SSP2-4.5,2055,0.307220607
corridor,NE_ASIA_SG,wind,mpi_esm1_2_lr,SSP2-4.5,2056,0.357300688
corridor,NE_ASIA_SG,wind,mpi_esm1_2_lr,SSP2-4.5,2057,0.226109266
corridor,NE_ASIA_SG,wind,mpi_esm1_2_lr,SSP2-4.5,2058,0.205280876
corridor,NE_ASIA_SG,wind,mpi_esm1_2_lr,SSP2-4.5,2059,0.159798019
corridor,NE_ASIA_SG,wind,mpi_esm1_2_lr,SSP2-4.5,2060,0.386203879
corridor,NE_ASIA_SG,wind,mpi_esm1_2_lr,SSP2-4.5,2061,0.485696702
corridor,NE_ASIA_SG,wind,mpi_esm1_2_lr,SSP2-4.5,2062,0.191014652
corridor,NE_ASIA_SG,wind,mpi_esm1_2_lr,SSP2-4.5,2063,0.073778028
corridor,NE_ASIA_SG,wind,mpi_esm1_2_lr,SSP2-4.5,2064,0.189761538
corridor,NE_ASIA_SG,wind,mpi_esm1_2_lr,SSP2-4.5,2065,0.520309349
corridor,NE_ASIA_SG,wind,mpi_esm1_2_lr,SSP2-4.5,2066,0.894338
corridor,NE_ASIA_SG,wind,mpi_esm1_2_lr,SSP2-4.5,2067,0.83697651
corridor,NE_ASIA_SG,wind,mpi_esm1_2_lr,SSP2-4.5,2068,0.03172826
corridor,NE_ASIA_SG,wind,mpi_esm1_2_lr,SSP2-4.5,2069,0.300005932
corridor,NE_ASIA_SG,wind,mpi_esm1_2_lr,SSP2-4.5,2070,0.357782655
corridor,NE_ASIA_SG,wind,mpi_esm1_2_lr,SSP2-4.5,2071,0.130805849
corridor,NE_ASIA_SG,wind,mpi_esm1_2_lr,SSP2-4.5,2072,0.603222506
corridor,NE_ASIA_SG,wind,mpi_esm1_2_lr,SSP2-4.5,2073,0.08998695
corridor,NE_ASIA_SG,wind,mpi_esm1_2_lr,SSP2-4.5,2074,0.085478704
corridor,NE_ASIA_SG,wind,mpi_esm1_2_lr,SSP2-4.5,2075,0.176867066
corridor,NE_ASIA_SG,wind,mpi_esm1_2_lr,SSP2-4.5,2076,0.176155238
corridor,NE_ASIA_SG,wind,mpi_esm1_2_lr,SSP2-4.5,2077,0.15911585
corridor,NE_ASIA_SG,wind,mpi_esm1_2_lr,SSP2-4.5,2078,0.627713845
corridor,NE_ASIA_SG,wind,mpi_esm1_2_lr,SSP2-4.5,2079,1.321694448
corridor,NE_ASIA_SG,wind,mpi_esm1_2_lr,SSP2-4.5,2080,0.245877328
corridor,NE_ASIA_SG,wind,mpi_esm1_2_lr,SSP2-4.5,2081,0.258408471
corridor,NE_ASIA_SG,wind,mpi_esm1_2_lr,SSP2-4.5,2082,0.093442283
corridor,NE_ASIA_SG,wind,mpi_esm1_2_lr,SSP2-4.5,2083,0.780015423
corridor,NE_ASIA_SG,wind,mpi_esm1_2_lr,SSP2-4.5,2084,0.222401827
corridor,NE_ASIA_SG,wind,mpi_esm1_2_lr,SSP2-4.5,2085,1.192223277
corridor,NE_ASIA_SG,wind,mpi_esm1_2_lr,SSP2-4.5,2086,0.450817119
corridor,NE_ASIA_SG,wind,mpi_esm1_2_lr,SSP2-4.5,2087,0.133527109
corridor,NE_ASIA_SG,wind,mpi_esm1_2_lr,SSP2-4.5,2088,0.652575928
corridor,NE_ASIA_SG,wind,mpi_esm1_2_lr,SSP2-4.5,2089,0.18903488
corridor,NE_ASIA_SG,wind,mpi_esm1_2_lr,SSP2-4.5,2090,0.68296951
corridor,NE_ASIA_SG,wind,mpi_esm1_2_lr,SSP2-4.5,2091,0.075416716
corridor,NE_ASIA_SG,wind,mpi_esm1_2_lr,SSP2-4.5,2092,0.248887768
corridor,NE_ASIA_SG,wind,mpi_esm1_2_lr,SSP2-4.5,2093,0.07968027
corridor,NE_ASIA_SG,wind,mpi_esm1_2_lr,SSP2-4.5,2094,0.308807391
corridor,NE_ASIA_SG,wind,mpi_esm1_2_lr,SSP2-4.5,2095,0.075060802
corridor,NE_ASIA_SG,wind,mpi_esm1_2_lr,SSP2-4.5,2096,0.212495551
corridor,NE_ASIA_SG,wind,mpi_esm1_2_lr,SSP2-4.5,2097,0.335130205
corridor,NE_ASIA_SG,wind,mpi_esm1_2_lr,SSP2-4.5,2098,0.190072962
corridor,NE_ASIA_SG,wind,mpi_esm1_2_lr,SSP2-4.5,2099,0.304714379
corridor,NE_ASIA_SG,wind,mpi_esm1_2_lr,SSP2-4.5,2100,0.689427868
corridor,NE_ASIA_SG,wind,mpi_esm1_2_lr,SSP5-8.5,2015,0.189286985
corridor,NE_ASIA_SG,wind,mpi_esm1_2_lr,SSP5-8.5,2016,0.255828093
corridor,NE_ASIA_SG,wind,mpi_esm1_2_lr,SSP5-8.5,2017,0.340209396
corridor,NE_ASIA_SG,wind,mpi_esm1_2_lr,SSP5-8.5,2018,0.176318365
corridor,NE_ASIA_SG,wind,mpi_esm1_2_lr,SSP5-8.5,2019,0.310638866
corridor,NE_ASIA_SG,wind,mpi_esm1_2_lr,SSP5-8.5,2020,0.124162119
corridor,NE_ASIA_SG,wind,mpi_esm1_2_lr,SSP5-8.5,2021,0.202166627
corridor,NE_ASIA_SG,wind,mpi_esm1_2_lr,SSP5-8.5,2022,0.353993653
corridor,NE_ASIA_SG,wind,mpi_esm1_2_lr,SSP5-8.5,2023,0.104623917
corridor,NE_ASIA_SG,wind,mpi_esm1_2_lr,SSP5-8.5,2024,0.51506703
corridor,NE_ASIA_SG,wind,mpi_esm1_2_lr,SSP5-8.5,2025,0.546713726
corridor,NE_ASIA_SG,wind,mpi_esm1_2_lr,SSP5-8.5,2026,1.214445664
corridor,NE_ASIA_SG,wind,mpi_esm1_2_lr,SSP5-8.5,2027,0.08209752
corridor,NE_ASIA_SG,wind,mpi_esm1_2_lr,SSP5-8.5,2028,0.34752788
corridor,NE_ASIA_SG,wind,mpi_esm1_2_lr,SSP5-8.5,2029,0.473180389
corridor,NE_ASIA_SG,wind,mpi_esm1_2_lr,SSP5-8.5,2030,0.643255428
corridor,NE_ASIA_SG,wind,mpi_esm1_2_lr,SSP5-8.5,2031,0.75845296
corridor,NE_ASIA_SG,wind,mpi_esm1_2_lr,SSP5-8.5,2032,0.116376498
corridor,NE_ASIA_SG,wind,mpi_esm1_2_lr,SSP5-8.5,2033,0.637241962
corridor,NE_ASIA_SG,wind,mpi_esm1_2_lr,SSP5-8.5,2034,0.579635781
corridor,NE_ASIA_SG,wind,mpi_esm1_2_lr,SSP5-8.5,2035,0.509127714
corridor,NE_ASIA_SG,wind,mpi_esm1_2_lr,SSP5-8.5,2036,0.478496856
corridor,NE_ASIA_SG,wind,mpi_esm1_2_lr,SSP5-8.5,2037,0.179447443
corridor,NE_ASIA_SG,wind,mpi_esm1_2_lr,SSP5-8.5,2038,0.280334263
corridor,NE_ASIA_SG,wind,mpi_esm1_2_lr,SSP5-8.5,2039,0.655860719
corridor,NE_ASIA_SG,wind,mpi_esm1_2_lr,SSP5-8.5,2040,0.022074089
corridor,NE_ASIA_SG,wind,mpi_esm1_2_lr,SSP5-8.5,2041,0.255650136
corridor,NE_ASIA_SG,wind,mpi_esm1_2_lr,SSP5-8.5,2042,0.141883675
corridor,NE_ASIA_SG,wind,mpi_esm1_2_lr,SSP5-8.5,2043,0.393937596
corridor,NE_ASIA_SG,wind,mpi_esm1_2_lr,SSP5-8.5,2044,0.267232175
corridor,NE_ASIA_SG,wind,mpi_esm1_2_lr,SSP5-8.5,2045,0.544563412
corridor,NE_ASIA_SG,wind,mpi_esm1_2_lr,SSP5-8.5,2046,0.630783604
corridor,NE_ASIA_SG,wind,mpi_esm1_2_lr,SSP5-8.5,2047,0.301407344
corridor,NE_ASIA_SG,wind,mpi_esm1_2_lr,SSP5-8.5,2048,0.289765986
corridor,NE_ASIA_SG,wind,mpi_esm1_2_lr,SSP5-8.5,2049,0.114552438
corridor,NE_ASIA_SG,wind,mpi_esm1_2_lr,SSP5-8.5,2050,0.428298137
corridor,NE_ASIA_SG,wind,mpi_esm1_2_lr,SSP5-8.5,2051,0.601101851
corridor,NE_ASIA_SG,wind,mpi_esm1_2_lr,SSP5-8.5,2052,0.785747123
corridor,NE_ASIA_SG,wind,mpi_esm1_2_lr,SSP5-8.5,2053,0.080955629
corridor,NE_ASIA_SG,wind,mpi_esm1_2_lr,SSP5-8.5,2054,0.31549561
corridor,NE_ASIA_SG,wind,mpi_esm1_2_lr,SSP5-8.5,2055,0.735681872
corridor,NE_ASIA_SG,wind,mpi_esm1_2_lr,SSP5-8.5,2056,0.722653933
corridor,NE_ASIA_SG,wind,mpi_esm1_2_lr,SSP5-8.5,2057,0.332824178
corridor,NE_ASIA_SG,wind,mpi_esm1_2_lr,SSP5-8.5,2058,0.504152331
corridor,NE_ASIA_SG,wind,mpi_esm1_2_lr,SSP5-8.5,2059,0.247545676
corridor,NE_ASIA_SG,wind,mpi_esm1_2_lr,SSP5-8.5,2060,0.288082809
corridor,NE_ASIA_SG,wind,mpi_esm1_2_lr,SSP5-8.5,2061,0.936751097
corridor,NE_ASIA_SG,wind,mpi_esm1_2_lr,SSP5-8.5,2062,0.440465951
corridor,NE_ASIA_SG,wind,mpi_esm1_2_lr,SSP5-8.5,2063,0.990405149
corridor,NE_ASIA_SG,wind,mpi_esm1_2_lr,SSP5-8.5,2064,0.024609977
corridor,NE_ASIA_SG,wind,mpi_esm1_2_lr,SSP5-8.5,2065,0.245647467
corridor,NE_ASIA_SG,wind,mpi_esm1_2_lr,SSP5-8.5,2066,0.227644145
corridor,NE_ASIA_SG,wind,mpi_esm1_2_lr,SSP5-8.5,2067,0.60327441
corridor,NE_ASIA_SG,wind,mpi_esm1_2_lr,SSP5-8.5,2068,0.181708981
corridor,NE_ASIA_SG,wind,mpi_esm1_2_lr,SSP5-8.5,2069,0.354861193
corridor,NE_ASIA_SG,wind,mpi_esm1_2_lr,SSP5-8.5,2070,0.06100961
corridor,NE_ASIA_SG,wind,mpi_esm1_2_lr,SSP5-8.5,2071,0.582216159
corridor,NE_ASIA_SG,wind,mpi_esm1_2_lr,SSP5-8.5,2072,0.685520228
corridor,NE_ASIA_SG,wind,mpi_esm1_2_lr,SSP5-8.5,2073,0.350946138
corridor,NE_ASIA_SG,wind,mpi_esm1_2_lr,SSP5-8.5,2074,0.111386285
corridor,NE_ASIA_SG,wind,mpi_esm1_2_lr,SSP5-8.5,2075,0.767343398
corridor,NE_ASIA_SG,wind,mpi_esm1_2_lr,SSP5-8.5,2076,0.347438901
corridor,NE_ASIA_SG,wind,mpi_esm1_2_lr,SSP5-8.5,2077,0.1606359
corridor,NE_ASIA_SG,wind,mpi_esm1_2_lr,SSP5-8.5,2078,0.157010025
corridor,NE_ASIA_SG,wind,mpi_esm1_2_lr,SSP5-8.5,2079,0.3019338
corridor,NE_ASIA_SG,wind,mpi_esm1_2_lr,SSP5-8.5,2080,0.298100308
corridor,NE_ASIA_SG,wind,mpi_esm1_2_lr,SSP5-8.5,2081,0.37557836
corridor,NE_ASIA_SG,wind,mpi_esm1_2_lr,SSP5-8.5,2082,0.351872998
corridor,NE_ASIA_SG,wind,mpi_esm1_2_lr,SSP5-8.5,2083,0.266342389
corridor,NE_ASIA_SG,wind,mpi_esm1_2_lr,SSP5-8.5,2084,0.306642247
corridor,NE_ASIA_SG,wind,mpi_esm1_2_lr,SSP5-8.5,2085,0.410116858
corridor,NE_ASIA_SG,wind,mpi_esm1_2_lr,SSP5-8.5,2086,0.182502373
corridor,NE_ASIA_SG,wind,mpi_esm1_2_lr,SSP5-8.5,2087,0.031194388
corridor,NE_ASIA_SG,wind,mpi_esm1_2_lr,SSP5-8.5,2088,0.034004627
corridor,NE_ASIA_SG,wind,mpi_esm1_2_lr,SSP5-8.5,2089,0.114137205
corridor,NE_ASIA_SG,wind,mpi_esm1_2_lr,SSP5-8.5,2090,0.50001483
corridor,NE_ASIA_SG,wind,mpi_esm1_2_lr,SSP5-8.5,2091,0.130220074
corridor,NE_ASIA_SG,wind,mpi_esm1_2_lr,SSP5-8.5,2092,0.487587496
corridor,NE_ASIA_SG,wind,mpi_esm1_2_lr,SSP5-8.5,2093,0.315258334
corridor,NE_ASIA_SG,wind,mpi_esm1_2_lr,SSP5-8.5,2094,0.796076047
corridor,NE_ASIA_SG,wind,mpi_esm1_2_lr,SSP5-8.5,2095,0.434326433
corridor,NE_ASIA_SG,wind,mpi_esm1_2_lr,SSP5-8.5,2096,0.06883972
corridor,NE_ASIA_SG,wind,mpi_esm1_2_lr,SSP5-8.5,2097,0.903517618
corridor,NE_ASIA_SG,wind,mpi_esm1_2_lr,SSP5-8.5,2098,0.149980721
corridor,NE_ASIA_SG,wind,mpi_esm1_2_lr,SSP5-8.5,2099,0.207831593
corridor,NE_ASIA_SG,wind,mpi_esm1_2_lr,SSP5-8.5,2100,0.600545735
corridor,NE_ASIA_SG,wind,mri_esm2_0,SSP1-2.6,2015,0.182739649
corridor,NE_ASIA_SG,wind,mri_esm2_0,SSP1-2.6,2016,0.30465506
corridor,NE_ASIA_SG,wind,mri_esm2_0,SSP1-2.6,2017,0.863358643
corridor,NE_ASIA_SG,wind,mri_esm2_0,SSP1-2.6,2018,0.326388065
corridor,NE_ASIA_SG,wind,mri_esm2_0,SSP1-2.6,2019,0.383193439
corridor,NE_ASIA_SG,wind,mri_esm2_0,SSP1-2.6,2020,0.366591529
corridor,NE_ASIA_SG,wind,mri_esm2_0,SSP1-2.6,2021,0.186335864
corridor,NE_ASIA_SG,wind,mri_esm2_0,SSP1-2.6,2022,0.577040574
corridor,NE_ASIA_SG,wind,mri_esm2_0,SSP1-2.6,2023,0.029058904
corridor,NE_ASIA_SG,wind,mri_esm2_0,SSP1-2.6,2024,0.627973366
corridor,NE_ASIA_SG,wind,mri_esm2_0,SSP1-2.6,2025,0.664854965
corridor,NE_ASIA_SG,wind,mri_esm2_0,SSP1-2.6,2026,0.367874303
corridor,NE_ASIA_SG,wind,mri_esm2_0,SSP1-2.6,2027,0.578464231
corridor,NE_ASIA_SG,wind,mri_esm2_0,SSP1-2.6,2028,0.568016669
corridor,NE_ASIA_SG,wind,mri_esm2_0,SSP1-2.6,2029,0.484258216
corridor,NE_ASIA_SG,wind,mri_esm2_0,SSP1-2.6,2030,0.300250623
corridor,NE_ASIA_SG,wind,mri_esm2_0,SSP1-2.6,2031,0.114233598
corridor,NE_ASIA_SG,wind,mri_esm2_0,SSP1-2.6,2032,0.044170424
corridor,NE_ASIA_SG,wind,mri_esm2_0,SSP1-2.6,2033,0.534664551
corridor,NE_ASIA_SG,wind,mri_esm2_0,SSP1-2.6,2034,0.650744454
corridor,NE_ASIA_SG,wind,mri_esm2_0,SSP1-2.6,2035,0.756836517
corridor,NE_ASIA_SG,wind,mri_esm2_0,SSP1-2.6,2036,1.000815636
corridor,NE_ASIA_SG,wind,mri_esm2_0,SSP1-2.6,2037,0.507081208
corridor,NE_ASIA_SG,wind,mri_esm2_0,SSP1-2.6,2038,0.113766461
corridor,NE_ASIA_SG,wind,mri_esm2_0,SSP1-2.6,2039,0.196375608
corridor,NE_ASIA_SG,wind,mri_esm2_0,SSP1-2.6,2040,0.263821331
corridor,NE_ASIA_SG,wind,mri_esm2_0,SSP1-2.6,2041,0.357144976
corridor,NE_ASIA_SG,wind,mri_esm2_0,SSP1-2.6,2042,0.315584589
corridor,NE_ASIA_SG,wind,mri_esm2_0,SSP1-2.6,2043,0.166983035
corridor,NE_ASIA_SG,wind,mri_esm2_0,SSP1-2.6,2044,0.761789655
corridor,NE_ASIA_SG,wind,mri_esm2_0,SSP1-2.6,2045,0.135084233
corridor,NE_ASIA_SG,wind,mri_esm2_0,SSP1-2.6,2046,0.898468086
corridor,NE_ASIA_SG,wind,mri_esm2_0,SSP1-2.6,2047,0.736556828
corridor,NE_ASIA_SG,wind,mri_esm2_0,SSP1-2.6,2048,0.442645925
corridor,NE_ASIA_SG,wind,mri_esm2_0,SSP1-2.6,2049,0.547425555
corridor,NE_ASIA_SG,wind,mri_esm2_0,SSP1-2.6,2050,0.492355262
corridor,NE_ASIA_SG,wind,mri_esm2_0,SSP1-2.6,2051,0.946175406
corridor,NE_ASIA_SG,wind,mri_esm2_0,SSP1-2.6,2052,0.260996263
corridor,NE_ASIA_SG,wind,mri_esm2_0,SSP1-2.6,2053,0.450594673
corridor,NE_ASIA_SG,wind,mri_esm2_0,SSP1-2.6,2054,0.641564836
corridor,NE_ASIA_SG,wind,mri_esm2_0,SSP1-2.6,2055,0.492407166
corridor,NE_ASIA_SG,wind,mri_esm2_0,SSP1-2.6,2056,0.148512576
corridor,NE_ASIA_SG,wind,mri_esm2_0,SSP1-2.6,2057,0.929981315
corridor,NE_ASIA_SG,wind,mri_esm2_0,SSP1-2.6,2058,0.864040811
corridor,NE_ASIA_SG,wind,mri_esm2_0,SSP1-2.6,2059,0.667620714
corridor,NE_ASIA_SG,wind,mri_esm2_0,SSP1-2.6,2060,0.545445782
corridor,NE_ASIA_SG,wind,mri_esm2_0,SSP1-2.6,2061,0.07397823
corridor,NE_ASIA_SG,wind,mri_esm2_0,SSP1-2.6,2062,0.060579547
corridor,NE_ASIA_SG,wind,mri_esm2_0,SSP1-2.6,2063,0.053194329
corridor,NE_ASIA_SG,wind,mri_esm2_0,SSP1-2.6,2064,0.654867125
corridor,NE_ASIA_SG,wind,mri_esm2_0,SSP1-2.6,2065,0.721586191
corridor,NE_ASIA_SG,wind,mri_esm2_0,SSP1-2.6,2066,1.159212243
corridor,NE_ASIA_SG,wind,mri_esm2_0,SSP1-2.6,2067,1.099262961
corridor,NE_ASIA_SG,wind,mri_esm2_0,SSP1-2.6,2068,0.371566912
corridor,NE_ASIA_SG,wind,mri_esm2_0,SSP1-2.6,2069,0.583016965
corridor,NE_ASIA_SG,wind,mri_esm2_0,SSP1-2.6,2070,0.380791019
corridor,NE_ASIA_SG,wind,mri_esm2_0,SSP1-2.6,2071,0.157707023
corridor,NE_ASIA_SG,wind,mri_esm2_0,SSP1-2.6,2072,1.067594021
corridor,NE_ASIA_SG,wind,mri_esm2_0,SSP1-2.6,2073,0.412452545
corridor,NE_ASIA_SG,wind,mri_esm2_0,SSP1-2.6,2074,0.634305671
corridor,NE_ASIA_SG,wind,mri_esm2_0,SSP1-2.6,2075,0.657870151
corridor,NE_ASIA_SG,wind,mri_esm2_0,SSP1-2.6,2076,0.582193914
corridor,NE_ASIA_SG,wind,mri_esm2_0,SSP1-2.6,2077,0.449912504
corridor,NE_ASIA_SG,wind,mri_esm2_0,SSP1-2.6,2078,0.107938368
corridor,NE_ASIA_SG,wind,mri_esm2_0,SSP1-2.6,2079,0.389725946
corridor,NE_ASIA_SG,wind,mri_esm2_0,SSP1-2.6,2080,0.098484399
corridor,NE_ASIA_SG,wind,mri_esm2_0,SSP1-2.6,2081,0.797744394
corridor,NE_ASIA_SG,wind,mri_esm2_0,SSP1-2.6,2082,0.182027821
corridor,NE_ASIA_SG,wind,mri_esm2_0,SSP1-2.6,2083,0.702759817
corridor,NE_ASIA_SG,wind,mri_esm2_0,SSP1-2.6,2084,0.25903132
corridor,NE_ASIA_SG,wind,mri_esm2_0,SSP1-2.6,2085,0.12890764
corridor,NE_ASIA_SG,wind,mri_esm2_0,SSP1-2.6,2086,0.227392039
corridor,NE_ASIA_SG,wind,mri_esm2_0,SSP1-2.6,2087,0.407173152
corridor,NE_ASIA_SG,wind,mri_esm2_0,SSP1-2.6,2088,0.509772808
corridor,NE_ASIA_SG,wind,mri_esm2_0,SSP1-2.6,2089,0.242295943
corridor,NE_ASIA_SG,wind,mri_esm2_0,SSP1-2.6,2090,0.661458951
corridor,NE_ASIA_SG,wind,mri_esm2_0,SSP1-2.6,2091,0.610726361
corridor,NE_ASIA_SG,wind,mri_esm2_0,SSP1-2.6,2092,0.310171729
corridor,NE_ASIA_SG,wind,mri_esm2_0,SSP1-2.6,2093,0.284249318
corridor,NE_ASIA_SG,wind,mri_esm2_0,SSP1-2.6,2094,1.09269338
corridor,NE_ASIA_SG,wind,mri_esm2_0,SSP1-2.6,2095,0.049294104
corridor,NE_ASIA_SG,wind,mri_esm2_0,SSP1-2.6,2096,0.033945308
corridor,NE_ASIA_SG,wind,mri_esm2_0,SSP1-2.6,2097,0.774328212
corridor,NE_ASIA_SG,wind,mri_esm2_0,SSP1-2.6,2098,0.347090402
corridor,NE_ASIA_SG,wind,mri_esm2_0,SSP1-2.6,2099,0.389763021
corridor,NE_ASIA_SG,wind,mri_esm2_0,SSP1-2.6,2100,0.241398742
corridor,NE_ASIA_SG,wind,mri_esm2_0,SSP2-4.5,2015,0.233509313
corridor,NE_ASIA_SG,wind,mri_esm2_0,SSP2-4.5,2016,0.188352711
corridor,NE_ASIA_SG,wind,mri_esm2_0,SSP2-4.5,2017,0.639896488
corridor,NE_ASIA_SG,wind,mri_esm2_0,SSP2-4.5,2018,0.555070293
corridor,NE_ASIA_SG,wind,mri_esm2_0,SSP2-4.5,2019,0.141223751
corridor,NE_ASIA_SG,wind,mri_esm2_0,SSP2-4.5,2020,0.360941393
corridor,NE_ASIA_SG,wind,mri_esm2_0,SSP2-4.5,2021,0.019478882
corridor,NE_ASIA_SG,wind,mri_esm2_0,SSP2-4.5,2022,0.359806917
corridor,NE_ASIA_SG,wind,mri_esm2_0,SSP2-4.5,2023,0.586731819
corridor,NE_ASIA_SG,wind,mri_esm2_0,SSP2-4.5,2024,0.883645747
corridor,NE_ASIA_SG,wind,mri_esm2_0,SSP2-4.5,2025,0.123361312
corridor,NE_ASIA_SG,wind,mri_esm2_0,SSP2-4.5,2026,0.455243801
corridor,NE_ASIA_SG,wind,mri_esm2_0,SSP2-4.5,2027,0.089386345
corridor,NE_ASIA_SG,wind,mri_esm2_0,SSP2-4.5,2028,0.255353541
corridor,NE_ASIA_SG,wind,mri_esm2_0,SSP2-4.5,2029,0.226850753
corridor,NE_ASIA_SG,wind,mri_esm2_0,SSP2-4.5,2030,0.85327441
corridor,NE_ASIA_SG,wind,mri_esm2_0,SSP2-4.5,2031,0.194922292
corridor,NE_ASIA_SG,wind,mri_esm2_0,SSP2-4.5,2032,0.077767232
corridor,NE_ASIA_SG,wind,mri_esm2_0,SSP2-4.5,2033,0.723158145
corridor,NE_ASIA_SG,wind,mri_esm2_0,SSP2-4.5,2034,0.346015245
corridor,NE_ASIA_SG,wind,mri_esm2_0,SSP2-4.5,2035,0.930737632
corridor,NE_ASIA_SG,wind,mri_esm2_0,SSP2-4.5,2036,0.101650552
corridor,NE_ASIA_SG,wind,mri_esm2_0,SSP2-4.5,2037,0.369453672
corridor,NE_ASIA_SG,wind,mri_esm2_0,SSP2-4.5,2038,0.227125104
corridor,NE_ASIA_SG,wind,mri_esm2_0,SSP2-4.5,2039,0.429595741
corridor,NE_ASIA_SG,wind,mri_esm2_0,SSP2-4.5,2040,0.661651738
corridor,NE_ASIA_SG,wind,mri_esm2_0,SSP2-4.5,2041,0.728845355
corridor,NE_ASIA_SG,wind,mri_esm2_0,SSP2-4.5,2042,0.116910369
corridor,NE_ASIA_SG,wind,mri_esm2_0,SSP2-4.5,2043,0.142328568
corridor,NE_ASIA_SG,wind,mri_esm2_0,SSP2-4.5,2044,0.304091529
corridor,NE_ASIA_SG,wind,mri_esm2_0,SSP2-4.5,2045,0.426881896
corridor,NE_ASIA_SG,wind,mri_esm2_0,SSP2-4.5,2046,0.155712421
corridor,NE_ASIA_SG,wind,mri_esm2_0,SSP2-4.5,2047,0.235444596
corridor,NE_ASIA_SG,wind,mri_esm2_0,SSP2-4.5,2048,0.548849211
corridor,NE_ASIA_SG,wind,mri_esm2_0,SSP2-4.5,2049,0.364470874
corridor,NE_ASIA_SG,wind,mri_esm2_0,SSP2-4.5,2050,0.233479654
corridor,NE_ASIA_SG,wind,mri_esm2_0,SSP2-4.5,2051,0.343153102
corridor,NE_ASIA_SG,wind,mri_esm2_0,SSP2-4.5,2052,0.5299042
corridor,NE_ASIA_SG,wind,mri_esm2_0,SSP2-4.5,2053,0.603875015
corridor,NE_ASIA_SG,wind,mri_esm2_0,SSP2-4.5,2054,0.753455333
corridor,NE_ASIA_SG,wind,mri_esm2_0,SSP2-4.5,2055,0.745158085
corridor,NE_ASIA_SG,wind,mri_esm2_0,SSP2-4.5,2056,0.256399039
corridor,NE_ASIA_SG,wind,mri_esm2_0,SSP2-4.5,2057,0.442482797
corridor,NE_ASIA_SG,wind,mri_esm2_0,SSP2-4.5,2058,0.2152613
corridor,NE_ASIA_SG,wind,mri_esm2_0,SSP2-4.5,2059,0.090639459
corridor,NE_ASIA_SG,wind,mri_esm2_0,SSP2-4.5,2060,0.348766164
corridor,NE_ASIA_SG,wind,mri_esm2_0,SSP2-4.5,2061,0.325290663
corridor,NE_ASIA_SG,wind,mri_esm2_0,SSP2-4.5,2062,0.488988907
corridor,NE_ASIA_SG,wind,mri_esm2_0,SSP2-4.5,2063,0.183280935
corridor,NE_ASIA_SG,wind,mri_esm2_0,SSP2-4.5,2064,0.595340491
corridor,NE_ASIA_SG,wind,mri_esm2_0,SSP2-4.5,2065,0.126927868
corridor,NE_ASIA_SG,wind,mri_esm2_0,SSP2-4.5,2066,0.101932317
corridor,NE_ASIA_SG,wind,mri_esm2_0,SSP2-4.5,2067,0.174612943
corridor,NE_ASIA_SG,wind,mri_esm2_0,SSP2-4.5,2068,0.333461858
corridor,NE_ASIA_SG,wind,mri_esm2_0,SSP2-4.5,2069,0.117251453
corridor,NE_ASIA_SG,wind,mri_esm2_0,SSP2-4.5,2070,0.167909894
corridor,NE_ASIA_SG,wind,mri_esm2_0,SSP2-4.5,2071,0.029066319
corridor,NE_ASIA_SG,wind,mri_esm2_0,SSP2-4.5,2072,0.316355736
corridor,NE_ASIA_SG,wind,mri_esm2_0,SSP2-4.5,2073,0.12411763
corridor,NE_ASIA_SG,wind,mri_esm2_0,SSP2-4.5,2074,0.28593991
corridor,NE_ASIA_SG,wind,mri_esm2_0,SSP2-4.5,2075,0.465135247
corridor,NE_ASIA_SG,wind,mri_esm2_0,SSP2-4.5,2076,0.078419741
corridor,NE_ASIA_SG,wind,mri_esm2_0,SSP2-4.5,2077,0.364819374
corridor,NE_ASIA_SG,wind,mri_esm2_0,SSP2-4.5,2078,0.810972535
corridor,NE_ASIA_SG,wind,mri_esm2_0,SSP2-4.5,2079,0.968568336
corridor,NE_ASIA_SG,wind,mri_esm2_0,SSP2-4.5,2080,0.67152094
corridor,NE_ASIA_SG,wind,mri_esm2_0,SSP2-4.5,2081,0.123153696
corridor,NE_ASIA_SG,wind,mri_esm2_0,SSP2-4.5,2082,0.192505042
corridor,NE_ASIA_SG,wind,mri_esm2_0,SSP2-4.5,2083,1.088911793
corridor,NE_ASIA_SG,wind,mri_esm2_0,SSP2-4.5,2084,0.184074327
corridor,NE_ASIA_SG,wind,mri_esm2_0,SSP2-4.5,2085,0.671906513
corridor,NE_ASIA_SG,wind,mri_esm2_0,SSP2-4.5,2086,0.54497123
corridor,NE_ASIA_SG,wind,mri_esm2_0,SSP2-4.5,2087,0.416463993
corridor,NE_ASIA_SG,wind,mri_esm2_0,SSP2-4.5,2088,0.458498932
corridor,NE_ASIA_SG,wind,mri_esm2_0,SSP2-4.5,2089,0.517343398
corridor,NE_ASIA_SG,wind,mri_esm2_0,SSP2-4.5,2090,0.242770495
corridor,NE_ASIA_SG,wind,mri_esm2_0,SSP2-4.5,2091,1.312700202
corridor,NE_ASIA_SG,wind,mri_esm2_0,SSP2-4.5,2092,0.834062463
corridor,NE_ASIA_SG,wind,mri_esm2_0,SSP2-4.5,2093,0.096578776
corridor,NE_ASIA_SG,wind,mri_esm2_0,SSP2-4.5,2094,0.223551133
corridor,NE_ASIA_SG,wind,mri_esm2_0,SSP2-4.5,2095,0.260677423
corridor,NE_ASIA_SG,wind,mri_esm2_0,SSP2-4.5,2096,0.15491903
corridor,NE_ASIA_SG,wind,mri_esm2_0,SSP2-4.5,2097,0.607367422
corridor,NE_ASIA_SG,wind,mri_esm2_0,SSP2-4.5,2098,0.722772571
corridor,NE_ASIA_SG,wind,mri_esm2_0,SSP2-4.5,2099,0.129634298
corridor,NE_ASIA_SG,wind,mri_esm2_0,SSP2-4.5,2100,0.107752996
corridor,NE_ASIA_SG,wind,mri_esm2_0,SSP5-8.5,2015,0.063345296
corridor,NE_ASIA_SG,wind,mri_esm2_0,SSP5-8.5,2016,1.026745462
corridor,NE_ASIA_SG,wind,mri_esm2_0,SSP5-8.5,2017,0.516928165
corridor,NE_ASIA_SG,wind,mri_esm2_0,SSP5-8.5,2018,0.261300273
corridor,NE_ASIA_SG,wind,mri_esm2_0,SSP5-8.5,2019,0.172484874
corridor,NE_ASIA_SG,wind,mri_esm2_0,SSP5-8.5,2020,0.714297366
corridor,NE_ASIA_SG,wind,mri_esm2_0,SSP5-8.5,2021,0.390274647
corridor,NE_ASIA_SG,wind,mri_esm2_0,SSP5-8.5,2022,0.076729149
corridor,NE_ASIA_SG,wind,mri_esm2_0,SSP5-8.5,2023,0.512642366
corridor,NE_ASIA_SG,wind,mri_esm2_0,SSP5-8.5,2024,0.417086843
corridor,NE_ASIA_SG,wind,mri_esm2_0,SSP5-8.5,2025,0.478897259
corridor,NE_ASIA_SG,wind,mri_esm2_0,SSP5-8.5,2026,0.757689228
corridor,NE_ASIA_SG,wind,mri_esm2_0,SSP5-8.5,2027,0.51359147
corridor,NE_ASIA_SG,wind,mri_esm2_0,SSP5-8.5,2028,0.319974196
corridor,NE_ASIA_SG,wind,mri_esm2_0,SSP5-8.5,2029,0.276990153
corridor,NE_ASIA_SG,wind,mri_esm2_0,SSP5-8.5,2030,0.224737513
corridor,NE_ASIA_SG,wind,mri_esm2_0,SSP5-8.5,2031,0.119164492
corridor,NE_ASIA_SG,wind,mri_esm2_0,SSP5-8.5,2032,0.470874362
corridor,NE_ASIA_SG,wind,mri_esm2_0,SSP5-8.5,2033,0.501853719
corridor,NE_ASIA_SG,wind,mri_esm2_0,SSP5-8.5,2034,0.856054989
corridor,NE_ASIA_SG,wind,mri_esm2_0,SSP5-8.5,2035,0.329717345
corridor,NE_ASIA_SG,wind,mri_esm2_0,SSP5-8.5,2036,0.558844466
corridor,NE_ASIA_SG,wind,mri_esm2_0,SSP5-8.5,2037,0.397830407
corridor,NE_ASIA_SG,wind,mri_esm2_0,SSP5-8.5,2038,0.102102859
corridor,NE_ASIA_SG,wind,mri_esm2_0,SSP5-8.5,2039,0.604334737
corridor,NE_ASIA_SG,wind,mri_esm2_0,SSP5-8.5,2040,0.60990331
corridor,NE_ASIA_SG,wind,mri_esm2_0,SSP5-8.5,2041,0.402101376
corridor,NE_ASIA_SG,wind,mri_esm2_0,SSP5-8.5,2042,0.38644857
corridor,NE_ASIA_SG,wind,mri_esm2_0,SSP5-8.5,2043,0.406135069
corridor,NE_ASIA_SG,wind,mri_esm2_0,SSP5-8.5,2044,0.269768063
corridor,NE_ASIA_SG,wind,mri_esm2_0,SSP5-8.5,2045,0.533062937
corridor,NE_ASIA_SG,wind,mri_esm2_0,SSP5-8.5,2046,0.47251305
corridor,NE_ASIA_SG,wind,mri_esm2_0,SSP5-8.5,2047,0.157373354
corridor,NE_ASIA_SG,wind,mri_esm2_0,SSP5-8.5,2048,0.106744572
corridor,NE_ASIA_SG,wind,mri_esm2_0,SSP5-8.5,2049,0.2267247
corridor,NE_ASIA_SG,wind,mri_esm2_0,SSP5-8.5,2050,0.539691838
corridor,NE_ASIA_SG,wind,mri_esm2_0,SSP5-8.5,2051,0.681582928
corridor,NE_ASIA_SG,wind,mri_esm2_0,SSP5-8.5,2052,0.652598173
corridor,NE_ASIA_SG,wind,mri_esm2_0,SSP5-8.5,2053,0.180455867
corridor,NE_ASIA_SG,wind,mri_esm2_0,SSP5-8.5,2054,0.514785265
corridor,NE_ASIA_SG,wind,mri_esm2_0,SSP5-8.5,2055,0.39248428
corridor,NE_ASIA_SG,wind,mri_esm2_0,SSP5-8.5,2056,0.576158204
corridor,NE_ASIA_SG,wind,mri_esm2_0,SSP5-8.5,2057,0.461042235
corridor,NE_ASIA_SG,wind,mri_esm2_0,SSP5-8.5,2058,0.41814717
corridor,NE_ASIA_SG,wind,mri_esm2_0,SSP5-8.5,2059,0.50425614
corridor,NE_ASIA_SG,wind,mri_esm2_0,SSP5-8.5,2060,0.451098885
corridor,NE_ASIA_SG,wind,mri_esm2_0,SSP5-8.5,2061,0.629537905
corridor,NE_ASIA_SG,wind,mri_esm2_0,SSP5-8.5,2062,0.330918555
corridor,NE_ASIA_SG,wind,mri_esm2_0,SSP5-8.5,2063,0.013962214
corridor,NE_ASIA_SG,wind,mri_esm2_0,SSP5-8.5,2064,0.609710523
corridor,NE_ASIA_SG,wind,mri_esm2_0,SSP5-8.5,2065,0.951514118
corridor,NE_ASIA_SG,wind,mri_esm2_0,SSP5-8.5,2066,0.493089334
corridor,NE_ASIA_SG,wind,mri_esm2_0,SSP5-8.5,2067,0.122241666
corridor,NE_ASIA_SG,wind,mri_esm2_0,SSP5-8.5,2068,0.967626646
corridor,NE_ASIA_SG,wind,mri_esm2_0,SSP5-8.5,2069,0.371248072
corridor,NE_ASIA_SG,wind,mri_esm2_0,SSP5-8.5,2070,0.736764444
corridor,NE_ASIA_SG,wind,mri_esm2_0,SSP5-8.5,2071,0.111364041
corridor,NE_ASIA_SG,wind,mri_esm2_0,SSP5-8.5,2072,0.099411259
corridor,NE_ASIA_SG,wind,mri_esm2_0,SSP5-8.5,2073,0.462732827
corridor,NE_ASIA_SG,wind,mri_esm2_0,SSP5-8.5,2074,0.526663898
corridor,NE_ASIA_SG,wind,mri_esm2_0,SSP5-8.5,2075,0.384461383
corridor,NE_ASIA_SG,wind,mri_esm2_0,SSP5-8.5,2076,0.648861075
corridor,NE_ASIA_SG,wind,mri_esm2_0,SSP5-8.5,2077,0.334440622
corridor,NE_ASIA_SG,wind,mri_esm2_0,SSP5-8.5,2078,0.381866176
corridor,NE_ASIA_SG,wind,mri_esm2_0,SSP5-8.5,2079,0.279741072
corridor,NE_ASIA_SG,wind,mri_esm2_0,SSP5-8.5,2080,1.288831712
corridor,NE_ASIA_SG,wind,mri_esm2_0,SSP5-8.5,2081,0.137330941
corridor,NE_ASIA_SG,wind,mri_esm2_0,SSP5-8.5,2082,0.320567386
corridor,NE_ASIA_SG,wind,mri_esm2_0,SSP5-8.5,2083,0.35505398
corridor,NE_ASIA_SG,wind,mri_esm2_0,SSP5-8.5,2084,0.085056056
corridor,NE_ASIA_SG,wind,mri_esm2_0,SSP5-8.5,2085,0.461776308
corridor,NE_ASIA_SG,wind,mri_esm2_0,SSP5-8.5,2086,0.670089868
corridor,NE_ASIA_SG,wind,mri_esm2_0,SSP5-8.5,2087,0.473261953
corridor,NE_ASIA_SG,wind,mri_esm2_0,SSP5-8.5,2088,0.602844347
corridor,NE_ASIA_SG,wind,mri_esm2_0,SSP5-8.5,2089,0.337525211
corridor,NE_ASIA_SG,wind,mri_esm2_0,SSP5-8.5,2090,0.797173449
corridor,NE_ASIA_SG,wind,mri_esm2_0,SSP5-8.5,2091,0.49604787
corridor,NE_ASIA_SG,wind,mri_esm2_0,SSP5-8.5,2092,0.582275478
corridor,NE_ASIA_SG,wind,mri_esm2_0,SSP5-8.5,2093,0.20709752
corridor,NE_ASIA_SG,wind,mri_esm2_0,SSP5-8.5,2094,0.74151738
corridor,NE_ASIA_SG,wind,mri_esm2_0,SSP5-8.5,2095,0.65642425
corridor,NE_ASIA_SG,wind,mri_esm2_0,SSP5-8.5,2096,0.419385455
corridor,NE_ASIA_SG,wind,mri_esm2_0,SSP5-8.5,2097,1.626416242
corridor,NE_ASIA_SG,wind,mri_esm2_0,SSP5-8.5,2098,0.332950231
corridor,NE_ASIA_SG,wind,mri_esm2_0,SSP5-8.5,2099,0.054343635
corridor,NE_ASIA_SG,wind,mri_esm2_0,SSP5-8.5,2100,0.145138807
corridor,RT_NY,wave,masnum,SSP1-2.6,2026,11.837071015969515
corridor,RT_NY,wave,masnum,SSP1-2.6,2027,9.763336731226165
corridor,RT_NY,wave,masnum,SSP1-2.6,2028,9.532279986407978
corridor,RT_NY,wave,masnum,SSP1-2.6,2029,11.907237512741524
corridor,RT_NY,wave,masnum,SSP1-2.6,2030,8.528032619775333
corridor,RT_NY,wave,masnum,SSP1-2.6,2031,7.348623853210671
corridor,RT_NY,wave,masnum,SSP1-2.6,2032,14.889058783553466
corridor,RT_NY,wave,masnum,SSP1-2.6,2033,10.71729527692779
corridor,RT_NY,wave,masnum,SSP1-2.6,2034,8.055555555555154
corridor,RT_NY,wave,masnum,SSP1-2.6,2035,10.565579340808188
corridor,RT_NY,wave,masnum,SSP1-2.6,2036,6.405368671423393
corridor,RT_NY,wave,masnum,SSP1-2.6,2037,9.345225959904395
corridor,RT_NY,wave,masnum,SSP1-2.6,2038,9.821440706761337
corridor,RT_NY,wave,masnum,SSP1-2.6,2039,10.632347944274034
corridor,RT_NY,wave,masnum,SSP1-2.6,2040,7.668535507984682
corridor,RT_NY,wave,masnum,SSP1-2.6,2041,7.240910635405706
corridor,RT_NY,wave,masnum,SSP1-2.6,2042,9.240231056744369
corridor,RT_NY,wave,masnum,SSP1-2.6,2043,8.371729527692441
corridor,RT_NY,wave,masnum,SSP1-2.6,2044,11.767414203193448
corridor,RT_NY,wave,masnum,SSP1-2.6,2045,7.475535168195366
corridor,RT_NY,wave,masnum,SSP1-2.6,2046,4.907407407407166
corridor,RT_NY,wave,masnum,SSP1-2.6,2047,8.367652055725033
corridor,RT_NY,wave,masnum,SSP1-2.6,2048,12.002718314644346
corridor,RT_NY,wave,masnum,SSP1-2.6,2049,9.43425076452555
corridor,RT_NY,wave,masnum,SSP1-2.6,2050,4.457696228338217
corridor,RT_NY,wave,masnum,SSP1-2.6,2051,9.802752293577528
corridor,RT_NY,wave,masnum,SSP1-2.6,2052,8.95939517499107
corridor,RT_NY,wave,masnum,SSP1-2.6,2053,7.211688752972795
corridor,RT_NY,wave,masnum,SSP1-2.6,2054,9.340808698606436
corridor,RT_NY,wave,masnum,SSP1-2.6,2055,6.68093781855217
corridor,RT_NY,wave,masnum,SSP1-2.6,2056,15.038566089024076
corridor,RT_NY,wave,masnum,SSP1-2.6,2057,7.014271151885499
corridor,RT_NY,wave,masnum,SSP1-2.6,2058,4.769113149846874
corridor,RT_NY,wave,masnum,SSP1-2.6,2059,6.455997281685045
corridor,RT_NY,wave,masnum,SSP1-2.6,2060,6.757220523275238
corridor,RT_NY,wave,masnum,SSP1-2.6,2061,8.445124023105267
corridor,RT_NY,wave,masnum,SSP1-2.6,2062,6.656812776078521
corridor,RT_NY,wave,masnum,SSP1-2.6,2063,9.272341148487463
corridor,RT_NY,wave,masnum,SSP1-2.6,2064,11.17346245327842
corridor,RT_NY,wave,masnum,SSP1-2.6,2065,13.524804621134226
corridor,RT_NY,wave,masnum,SSP1-2.6,2066,8.269452939177313
corridor,RT_NY,wave,masnum,SSP1-2.6,2067,5.259429153924308
corridor,RT_NY,wave,masnum,SSP1-2.6,2068,9.488617057423932
corridor,RT_NY,wave,masnum,SSP1-2.6,2069,6.971797485558623
corridor,RT_NY,wave,masnum,SSP1-2.6,2070,6.124193000339487
corridor,RT_NY,wave,masnum,SSP1-2.6,2071,4.980122324158795
corridor,RT_NY,wave,masnum,SSP1-2.6,2072,6.536357458375474
corridor,RT_NY,wave,masnum,SSP1-2.6,2073,7.781345565748866
corridor,RT_NY,wave,masnum,SSP1-2.6,2074,8.315154604145023
corridor,RT_NY,wave,masnum,SSP1-2.6,2075,7.765885151205872
corridor,RT_NY,wave,masnum,SSP1-2.6,2076,6.848623853210672
corridor,RT_NY,wave,masnum,SSP1-2.6,2077,9.415222562011095
corridor,RT_NY,wave,masnum,SSP1-2.6,2078,10.295107033638626
corridor,RT_NY,wave,masnum,SSP1-2.6,2079,8.93934760448477
corridor,RT_NY,wave,masnum,SSP1-2.6,2080,10.953788651035822
corridor,RT_NY,wave,masnum,SSP1-2.6,2081,8.685355079850076
corridor,RT_NY,wave,masnum,SSP1-2.6,2082,7.540604825008128
corridor,RT_NY,wave,masnum,SSP1-2.6,2083,11.320081549438807
corridor,RT_NY,wave,masnum,SSP1-2.6,2084,10.226129799523784
corridor,RT_NY,wave,masnum,SSP1-2.6,2085,8.572884811416507
corridor,RT_NY,wave,masnum,SSP1-2.6,2086,8.839279646618667
corridor,RT_NY,wave,masnum,SSP1-2.6,2087,8.624023105674045
corridor,RT_NY,wave,masnum,SSP1-2.6,2088,10.206931702344054
corridor,RT_NY,wave,masnum,SSP1-2.6,2089,8.887529731566
corridor,RT_NY,wave,masnum,SSP1-2.6,2090,8.899422358137512
corridor,RT_NY,wave,masnum,SSP1-2.6,2091,10.44597349643172
corridor,RT_NY,wave,masnum,SSP1-2.6,2092,10.224600747535993
corridor,RT_NY,wave,masnum,SSP1-2.6,2093,4.486918110771106
corridor,RT_NY,wave,masnum,SSP1-2.6,2094,13.841148487936804
corridor,RT_NY,wave,masnum,SSP1-2.6,2095,14.226639483519534
corridor,RT_NY,wave,masnum,SSP1-2.6,2096,8.930173292558173
corridor,RT_NY,wave,masnum,SSP1-2.6,2097,6.74804621134864
corridor,RT_NY,wave,masnum,SSP1-2.6,2098,4.895684675500963
corridor,RT_NY,wave,masnum,SSP1-2.6,2099,13.484879374786994
corridor,RT_NY,wave,masnum,SSP1-2.6,2100,5.38192320761102
corridor,RT_NY,wave,masnum,SSP2-4.5,2026,11.939517499149954
corridor,RT_NY,wave,masnum,SSP2-4.5,2027,6.402140672782565
corridor,RT_NY,wave,masnum,SSP2-4.5,2028,13.219503907576645
corridor,RT_NY,wave,masnum,SSP2-4.5,2029,7.446822969758385
corridor,RT_NY,wave,masnum,SSP2-4.5,2030,13.8589874277941
corridor,RT_NY,wave,masnum,SSP2-4.5,2031,12.482500849472714
corridor,RT_NY,wave,masnum,SSP2-4.5,2032,10.27964661909568
corridor,RT_NY,wave,masnum,SSP2-4.5,2033,6.917770981990834
corridor,RT_NY,wave,masnum,SSP2-4.5,2034,7.994903160040389
corridor,RT_NY,wave,masnum,SSP2-4.5,2035,9.463642541623742
corridor,RT_NY,wave,masnum,SSP2-4.5,2036,7.389908256880369
corridor,RT_NY,wave,masnum,SSP2-4.5,2037,12.060652395514191
corridor,RT_NY,wave,masnum,SSP2-4.5,2038,10.3098878695204
corridor,RT_NY,wave,masnum,SSP2-4.5,2039,10.988107373427953
corridor,RT_NY,wave,masnum,SSP2-4.5,2040,11.42762487257844
corridor,RT_NY,wave,masnum,SSP2-4.5,2041,11.331974176010306
corridor,RT_NY,wave,masnum,SSP2-4.5,2042,9.37461773700259
corridor,RT_NY,wave,masnum,SSP2-4.5,2043,5.975365273530127
corridor,RT_NY,wave,masnum,SSP2-4.5,2044,6.983350322799546
corridor,RT_NY,wave,masnum,SSP2-4.5,2045,10.940706761807158
corridor,RT_NY,wave,masnum,SSP2-4.5,2046,5.490146109411909
corridor,RT_NY,wave,masnum,SSP2-4.5,2047,12.295786612299768
corridor,RT_NY,wave,masnum,SSP2-4.5,2048,9.640502888208848
corridor,RT_NY,wave,masnum,SSP2-4.5,2049,6.699116547740075
corridor,RT_NY,wave,masnum,SSP2-4.5,2050,12.5910635406042
corridor,RT_NY,wave,masnum,SSP2-4.5,2051,8.381923207610884
corridor,RT_NY,wave,masnum,SSP2-4.5,2052,11.749575263336167
corridor,RT_NY,wave,masnum,SSP2-4.5,2053,8.211518858307455
corridor,RT_NY,wave,masnum,SSP2-4.5,2054,9.064559972816404
corridor,RT_NY,wave,masnum,SSP2-4.5,2055,10.954128440366423
corridor,RT_NY,wave,masnum,SSP2-4.5,2056,12.299014610940604
corridor,RT_NY,wave,masnum,SSP2-4.5,2057,10.335541963981829
corridor,RT_NY,wave,masnum,SSP2-4.5,2058,8.263506625891555
corridor,RT_NY,wave,masnum,SSP2-4.5,2059,7.919300033978548
corridor,RT_NY,wave,masnum,SSP2-4.5,2060,11.941896024464238
corridor,RT_NY,wave,masnum,SSP2-4.5,2061,8.758749575262911
corridor,RT_NY,wave,masnum,SSP2-4.5,2062,7.714067278287076
corridor,RT_NY,wave,masnum,SSP2-4.5,2063,4.434590553856396
corridor,RT_NY,wave,masnum,SSP2-4.5,2064,7.317193340128763
corridor,RT_NY,wave,masnum,SSP2-4.5,2065,15.25993883791971
corridor,RT_NY,wave,masnum,SSP2-4.5,2066,9.709140332993076
corridor,RT_NY,wave,masnum,SSP2-4.5,2067,10.900951410125202
corridor,RT_NY,wave,masnum,SSP2-4.5,2068,6.738362215426109
corridor,RT_NY,wave,masnum,SSP2-4.5,2069,8.503737682636334
corridor,RT_NY,wave,masnum,SSP2-4.5,2070,6.700815494393149
corridor,RT_NY,wave,masnum,SSP2-4.5,2071,8.521236833163046
corridor,RT_NY,wave,masnum,SSP2-4.5,2072,9.627251104314862
corridor,RT_NY,wave,masnum,SSP2-4.5,2073,8.9262657152561
corridor,RT_NY,wave,masnum,SSP2-4.5,2074,5.4726469588852265
corridor,RT_NY,wave,masnum,SSP2-4.5,2075,9.364593951749445
corridor,RT_NY,wave,masnum,SSP2-4.5,2076,9.427624872578535
corridor,RT_NY,wave,masnum,SSP2-4.5,2077,8.58069996602065
corridor,RT_NY,wave,masnum,SSP2-4.5,2078,8.078491335371679
corridor,RT_NY,wave,masnum,SSP2-4.5,2079,4.732755691471064
corridor,RT_NY,wave,masnum,SSP2-4.5,2080,13.848114169214435
corridor,RT_NY,wave,masnum,SSP2-4.5,2081,7.9726469588851
corridor,RT_NY,wave,masnum,SSP2-4.5,2082,8.52871219843655
corridor,RT_NY,wave,masnum,SSP2-4.5,2083,8.9286442405704
corridor,RT_NY,wave,masnum,SSP2-4.5,2084,8.469588854909567
corridor,RT_NY,wave,masnum,SSP2-4.5,2085,12.509174311926
corridor,RT_NY,wave,masnum,SSP2-4.5,2086,4.926605504586934
corridor,RT_NY,wave,masnum,SSP2-4.5,2087,9.490655793407612
corridor,RT_NY,wave,masnum,SSP2-4.5,2088,12.01902820251384
corridor,RT_NY,wave,masnum,SSP2-4.5,2089,5.525823989126474
corridor,RT_NY,wave,masnum,SSP2-4.5,2090,9.286952089703911
corridor,RT_NY,wave,masnum,SSP2-4.5,2091,5.766564729867201
corridor,RT_NY,wave,masnum,SSP2-4.5,2092,9.075942915392018
corridor,RT_NY,wave,masnum,SSP2-4.5,2093,9.350662589194226
corridor,RT_NY,wave,masnum,SSP2-4.5,2094,7.786442405708093
corridor,RT_NY,wave,masnum,SSP2-4.5,2095,10.072714916751124
corridor,RT_NY,wave,masnum,SSP2-4.5,2096,12.626061841657569
corridor,RT_NY,wave,masnum,SSP2-4.5,2097,5.750764525993596
corridor,RT_NY,wave,masnum,SSP2-4.5,2098,10.112470268433068
corridor,RT_NY,wave,masnum,SSP2-4.5,2099,8.627081209649605
corridor,RT_NY,wave,masnum,SSP2-4.5,2100,6.048589874277662
corridor,RT_NY,wave,masnum,SSP5-8.5,2026,13.150356778796509
corridor,RT_NY,wave,masnum,SSP5-8.5,2027,7.506795786611928
corridor,RT_NY,wave,masnum,SSP5-8.5,2028,9.9680598029217
corridor,RT_NY,wave,masnum,SSP5-8.5,2029,8.121644580359792
corridor,RT_NY,wave,masnum,SSP5-8.5,2030,10.525654094460918
corridor,RT_NY,wave,masnum,SSP5-8.5,2031,7.148318042813102
corridor,RT_NY,wave,masnum,SSP5-8.5,2032,12.549269452938564
corridor,RT_NY,wave,masnum,SSP5-8.5,2033,8.486068637444369
corridor,RT_NY,wave,masnum,SSP5-8.5,2034,12.16258919469869
corridor,RT_NY,wave,masnum,SSP5-8.5,2035,8.746177370030143
corridor,RT_NY,wave,masnum,SSP5-8.5,2036,10.24753652735256
corridor,RT_NY,wave,masnum,SSP5-8.5,2037,7.704213387699256
corridor,RT_NY,wave,masnum,SSP5-8.5,2038,10.950560652394966
corridor,RT_NY,wave,masnum,SSP5-8.5,2039,7.942235813795077
corridor,RT_NY,wave,masnum,SSP5-8.5,2040,7.180428134556209
corridor,RT_NY,wave,masnum,SSP5-8.5,2041,6.078321440706475
corridor,RT_NY,wave,masnum,SSP5-8.5,2042,6.907407407407063
corridor,RT_NY,wave,masnum,SSP5-8.5,2043,4.421508664627721
corridor,RT_NY,wave,masnum,SSP5-8.5,2044,13.511213047909596
corridor,RT_NY,wave,masnum,SSP5-8.5,2045,4.66309887869498
corridor,RT_NY,wave,masnum,SSP5-8.5,2046,9.55011892626526
corridor,RT_NY,wave,masnum,SSP5-8.5,2047,13.383112470267774
corridor,RT_NY,wave,masnum,SSP5-8.5,2048,7.959395174991108
corridor,RT_NY,wave,masnum,SSP5-8.5,2049,4.551478083587963
corridor,RT_NY,wave,masnum,SSP5-8.5,2050,6.244478423377212
corridor,RT_NY,wave,masnum,SSP5-8.5,2051,7.257730207271145
corridor,RT_NY,wave,masnum,SSP5-8.5,2052,8.057764186204176
corridor,RT_NY,wave,masnum,SSP5-8.5,2053,4.158341828066398
corridor,RT_NY,wave,masnum,SSP5-8.5,2054,10.202344546380749
corridor,RT_NY,wave,masnum,SSP5-8.5,2055,12.07645259938777
corridor,RT_NY,wave,masnum,SSP5-8.5,2056,4.296975874957328
corridor,RT_NY,wave,masnum,SSP5-8.5,2057,5.857118586476114
corridor,RT_NY,wave,masnum,SSP5-8.5,2058,8.531430513081474
corridor,RT_NY,wave,masnum,SSP5-8.5,2059,8.116547740400549
corridor,RT_NY,wave,masnum,SSP5-8.5,2060,6.535847774379568
corridor,RT_NY,wave,masnum,SSP5-8.5,2061,8.781515460414132
corridor,RT_NY,wave,masnum,SSP5-8.5,2062,4.267753992524429
corridor,RT_NY,wave,masnum,SSP5-8.5,2063,7.287801563030576
corridor,RT_NY,wave,masnum,SSP5-8.5,2064,8.106184165816812
corridor,RT_NY,wave,masnum,SSP5-8.5,2065,5.8693510023782345
corridor,RT_NY,wave,masnum,SSP5-8.5,2066,6.896704043492699
corridor,RT_NY,wave,masnum,SSP5-8.5,2067,7.122154264355763
corridor,RT_NY,wave,masnum,SSP5-8.5,2068,10.236323479442245
corridor,RT_NY,wave,masnum,SSP5-8.5,2069,8.27828746177332
corridor,RT_NY,wave,masnum,SSP5-8.5,2070,8.676010873258168
corridor,RT_NY,wave,masnum,SSP5-8.5,2071,6.34403669724741
corridor,RT_NY,wave,masnum,SSP5-8.5,2072,10.909955827386485
corridor,RT_NY,wave,masnum,SSP5-8.5,2073,7.822629969418575
corridor,RT_NY,wave,masnum,SSP5-8.5,2074,6.268263676520249
corridor,RT_NY,wave,masnum,SSP5-8.5,2075,7.317363234794115
corridor,RT_NY,wave,masnum,SSP5-8.5,2076,10.634556574923026
corridor,RT_NY,wave,masnum,SSP5-8.5,2077,10.024634726469092
corridor,RT_NY,wave,masnum,SSP5-8.5,2078,9.861875637104532
corridor,RT_NY,wave,masnum,SSP5-8.5,2079,2.0118926265714365
corridor,RT_NY,wave,masnum,SSP5-8.5,2080,9.380733944953676
corridor,RT_NY,wave,masnum,SSP5-8.5,2081,7.453448861705382
corridor,RT_NY,wave,masnum,SSP5-8.5,2082,9.945973496431725
corridor,RT_NY,wave,masnum,SSP5-8.5,2083,7.2324159021403105
corridor,RT_NY,wave,masnum,SSP5-8.5,2084,5.786782195038799
corridor,RT_NY,wave,masnum,SSP5-8.5,2085,7.086986068637122
corridor,RT_NY,wave,masnum,SSP5-8.5,2086,5.5349983010530925
corridor,RT_NY,wave,masnum,SSP5-8.5,2087,5.907747196737729
corridor,RT_NY,wave,masnum,SSP5-8.5,2088,9.633537206931242
corridor,RT_NY,wave,masnum,SSP5-8.5,2089,6.475365273530075
corridor,RT_NY,wave,masnum,SSP5-8.5,2090,6.912504247366302
corridor,RT_NY,wave,masnum,SSP5-8.5,2091,5.288651036357199
corridor,RT_NY,wave,masnum,SSP5-8.5,2092,9.514101257220055
corridor,RT_NY,wave,masnum,SSP5-8.5,2093,6.244308528711905
corridor,RT_NY,wave,masnum,SSP5-8.5,2094,6.025314305130538
corridor,RT_NY,wave,masnum,SSP5-8.5,2095,9.77879714576915
corridor,RT_NY,wave,masnum,SSP5-8.5,2096,4.066938498130976
corridor,RT_NY,wave,masnum,SSP5-8.5,2097,9.836221542643074
corridor,RT_NY,wave,masnum,SSP5-8.5,2098,9.113489636424973
corridor,RT_NY,wave,masnum,SSP5-8.5,2099,4.477913693509801
corridor,RT_NY,wave,masnum,SSP5-8.5,2100,9.227488956846305
corridor,RT_NY,wind,access_cm2,SSP1-2.6,2015,1.9539585457015776
corridor,RT_NY,wind,access_cm2,SSP1-2.6,2016,1.4160720353380252
corridor,RT_NY,wind,access_cm2,SSP1-2.6,2017,2.123173632347849
corridor,RT_NY,wind,access_cm2,SSP1-2.6,2018,3.434760448521749
corridor,RT_NY,wind,access_cm2,SSP1-2.6,2019,2.1853550798503925
corridor,RT_NY,wind,access_cm2,SSP1-2.6,2020,1.449031600407686
corridor,RT_NY,wind,access_cm2,SSP1-2.6,2021,2.1275908936458467
corridor,RT_NY,wind,access_cm2,SSP1-2.6,2022,3.954128440366795
corridor,RT_NY,wind,access_cm2,SSP1-2.6,2023,0.9813115868161252
corridor,RT_NY,wind,access_cm2,SSP1-2.6,2024,1.7653754672102453
corridor,RT_NY,wind,access_cm2,SSP1-2.6,2025,1.8528712198436132
corridor,RT_NY,wind,access_cm2,SSP1-2.6,2026,1.16666666666661
corridor,RT_NY,wind,access_cm2,SSP1-2.6,2027,2.65324498810725
corridor,RT_NY,wind,access_cm2,SSP1-2.6,2028,1.8037716615697372
corridor,RT_NY,wind,access_cm2,SSP1-2.6,2029,1.705572545022005
corridor,RT_NY,wind,access_cm2,SSP1-2.6,2030,2.039925246347167
corridor,RT_NY,wind,access_cm2,SSP1-2.6,2031,2.13744478423368
corridor,RT_NY,wind,access_cm2,SSP1-2.6,2032,3.16275908936444
corridor,RT_NY,wind,access_cm2,SSP1-2.6,2033,2.5397553516818414
corridor,RT_NY,wind,access_cm2,SSP1-2.6,2034,2.156133197417504
corridor,RT_NY,wind,access_cm2,SSP1-2.6,2035,1.6236833163437931
corridor,RT_NY,wind,access_cm2,SSP1-2.6,2036,1.6500169894664536
corridor,RT_NY,wind,access_cm2,SSP1-2.6,2037,2.1024464831803287
corridor,RT_NY,wind,access_cm2,SSP1-2.6,2038,2.0125722052326616
corridor,RT_NY,wind,access_cm2,SSP1-2.6,2039,2.169554875976792
corridor,RT_NY,wind,access_cm2,SSP1-2.6,2040,1.819571865443344
corridor,RT_NY,wind,access_cm2,SSP1-2.6,2041,1.7142371729526942
corridor,RT_NY,wind,access_cm2,SSP1-2.6,2042,2.162079510703271
corridor,RT_NY,wind,access_cm2,SSP1-2.6,2043,1.0212368331633908
corridor,RT_NY,wind,access_cm2,SSP1-2.6,2044,1.3058103975534596
corridor,RT_NY,wind,access_cm2,SSP1-2.6,2045,2.2215426435608894
corridor,RT_NY,wind,access_cm2,SSP1-2.6,2046,1.9515800203872635
corridor,RT_NY,wind,access_cm2,SSP1-2.6,2047,2.362895005096731
corridor,RT_NY,wind,access_cm2,SSP1-2.6,2048,1.6520557254501491
corridor,RT_NY,wind,access_cm2,SSP1-2.6,2049,1.666496772001279
corridor,RT_NY,wind,access_cm2,SSP1-2.6,2050,1.9835202174650743
corridor,RT_NY,wind,access_cm2,SSP1-2.6,2051,1.2793068297654888
corridor,RT_NY,wind,access_cm2,SSP1-2.6,2052,2.329935440027077
corridor,RT_NY,wind,access_cm2,SSP1-2.6,2053,1.6919809717974124
corridor,RT_NY,wind,access_cm2,SSP1-2.6,2054,1.6522256201154524
corridor,RT_NY,wind,access_cm2,SSP1-2.6,2055,1.0428134556574422
corridor,RT_NY,wind,access_cm2,SSP1-2.6,2056,1.7198436969078377
corridor,RT_NY,wind,access_cm2,SSP1-2.6,2057,1.88600067957857
corridor,RT_NY,wind,access_cm2,SSP1-2.6,2058,1.5074753652734605
corridor,RT_NY,wind,access_cm2,SSP1-2.6,2059,1.2116887529731035
corridor,RT_NY,wind,access_cm2,SSP1-2.6,2060,3.1015970098537498
corridor,RT_NY,wind,access_cm2,SSP1-2.6,2061,2.22935779816504
corridor,RT_NY,wind,access_cm2,SSP1-2.6,2062,2.312266394835089
corridor,RT_NY,wind,access_cm2,SSP1-2.6,2063,1.631328576282629
corridor,RT_NY,wind,access_cm2,SSP1-2.6,2064,2.0713557594290557
corridor,RT_NY,wind,access_cm2,SSP1-2.6,2065,1.1749915052666815
corridor,RT_NY,wind,access_cm2,SSP1-2.6,2066,0.8679918450560233
corridor,RT_NY,wind,access_cm2,SSP1-2.6,2067,1.2570506286101994
corridor,RT_NY,wind,access_cm2,SSP1-2.6,2068,2.32127081209639
corridor,RT_NY,wind,access_cm2,SSP1-2.6,2069,2.3666326877335
corridor,RT_NY,wind,access_cm2,SSP1-2.6,2070,2.316683656133084
corridor,RT_NY,wind,access_cm2,SSP1-2.6,2071,1.8430173292557763
corridor,RT_NY,wind,access_cm2,SSP1-2.6,2072,2.142201834862282
corridor,RT_NY,wind,access_cm2,SSP1-2.6,2073,2.0382262996940907
corridor,RT_NY,wind,access_cm2,SSP1-2.6,2074,0.9118246687053624
corridor,RT_NY,wind,access_cm2,SSP1-2.6,2075,2.183486238532011
corridor,RT_NY,wind,access_cm2,SSP1-2.6,2076,2.108562691131396
corridor,RT_NY,wind,access_cm2,SSP1-2.6,2077,1.7400611620794315
corridor,RT_NY,wind,access_cm2,SSP1-2.6,2078,2.2470268433570126
corridor,RT_NY,wind,access_cm2,SSP1-2.6,2079,2.098199116547648
corridor,RT_NY,wind,access_cm2,SSP1-2.6,2080,3.2145769622832323
corridor,RT_NY,wind,access_cm2,SSP1-2.6,2081,1.0582738702004253
corridor,RT_NY,wind,access_cm2,SSP1-2.6,2082,1.8601766904518329
corridor,RT_NY,wind,access_cm2,SSP1-2.6,2083,1.8632347944273675
corridor,RT_NY,wind,access_cm2,SSP1-2.6,2084,1.4792728508324149
corridor,RT_NY,wind,access_cm2,SSP1-2.6,2085,1.3752973156642256
corridor,RT_NY,wind,access_cm2,SSP1-2.6,2086,2.154774040095041
corridor,RT_NY,wind,access_cm2,SSP1-2.6,2087,2.5013591573223515
corridor,RT_NY,wind,access_cm2,SSP1-2.6,2088,2.2432891607202503
corridor,RT_NY,wind,access_cm2,SSP1-2.6,2089,1.6788990825687278
corridor,RT_NY,wind,access_cm2,SSP1-2.6,2090,1.5501189262656423
corridor,RT_NY,wind,access_cm2,SSP1-2.6,2091,2.0373768263675567
corridor,RT_NY,wind,access_cm2,SSP1-2.6,2092,1.5581039755350927
corridor,RT_NY,wind,access_cm2,SSP1-2.6,2093,2.023275569147046
corridor,RT_NY,wind,access_cm2,SSP1-2.6,2094,1.5208970438327527
corridor,RT_NY,wind,access_cm2,SSP1-2.6,2095,2.6841658171932203
corridor,RT_NY,wind,access_cm2,SSP1-2.6,2096,1.7110091743118496
corridor,RT_NY,wind,access_cm2,SSP1-2.6,2097,0.8720693170234075
corridor,RT_NY,wind,access_cm2,SSP1-2.6,2098,1.2431192660549824
corridor,RT_NY,wind,access_cm2,SSP1-2.6,2099,1.913863404689004
corridor,RT_NY,wind,access_cm2,SSP1-2.6,2100,2.176860346585029
corridor,RT_NY,wind,access_cm2,SSP2-4.5,2015,1.6731226639482766
corridor,RT_NY,wind,access_cm2,SSP2-4.5,2016,2.455317703024012
corridor,RT_NY,wind,access_cm2,SSP2-4.5,2017,2.2602786272509965
corridor,RT_NY,wind,access_cm2,SSP2-4.5,2018,1.617397213727411
corridor,RT_NY,wind,access_cm2,SSP2-4.5,2019,2.2264695888548065
corridor,RT_NY,wind,access_cm2,SSP2-4.5,2020,1.6143391097518782
corridor,RT_NY,wind,access_cm2,SSP2-4.5,2021,1.948012232415816
corridor,RT_NY,wind,access_cm2,SSP2-4.5,2022,1.2373428474345305
corridor,RT_NY,wind,access_cm2,SSP2-4.5,2023,1.578151546041383
corridor,RT_NY,wind,access_cm2,SSP2-4.5,2024,2.473666326877216
corridor,RT_NY,wind,access_cm2,SSP2-4.5,2025,2.080530071355658
corridor,RT_NY,wind,access_cm2,SSP2-4.5,2026,1.9728168535507
corridor,RT_NY,wind,access_cm2,SSP2-4.5,2027,1.5548759768942524
corridor,RT_NY,wind,access_cm2,SSP2-4.5,2028,3.1630988786950667
corridor,RT_NY,wind,access_cm2,SSP2-4.5,2029,1.991165477403921
corridor,RT_NY,wind,access_cm2,SSP2-4.5,2030,2.587835541963853
corridor,RT_NY,wind,access_cm2,SSP2-4.5,2031,2.680088345225834
corridor,RT_NY,wind,access_cm2,SSP2-4.5,2032,3.582398912673982
corridor,RT_NY,wind,access_cm2,SSP2-4.5,2033,2.9848793747874813
corridor,RT_NY,wind,access_cm2,SSP2-4.5,2034,1.6517159361195275
corridor,RT_NY,wind,access_cm2,SSP2-4.5,2035,1.1975874957525798
corridor,RT_NY,wind,access_cm2,SSP2-4.5,2036,2.0406048250083977
corridor,RT_NY,wind,access_cm2,SSP2-4.5,2037,3.0992184845394446
corridor,RT_NY,wind,access_cm2,SSP2-4.5,2038,1.7742099898062342
corridor,RT_NY,wind,access_cm2,SSP2-4.5,2039,3.7830445124021344
corridor,RT_NY,wind,access_cm2,SSP2-4.5,2040,2.1207951070335382
corridor,RT_NY,wind,access_cm2,SSP2-4.5,2041,2.5183486238530897
corridor,RT_NY,wind,access_cm2,SSP2-4.5,2042,2.7995242949370223
corridor,RT_NY,wind,access_cm2,SSP2-4.5,2043,1.69300033978925
corridor,RT_NY,wind,access_cm2,SSP2-4.5,2044,2.933231396534015
corridor,RT_NY,wind,access_cm2,SSP2-4.5,2045,1.667516139993123
corridor,RT_NY,wind,access_cm2,SSP2-4.5,2046,1.9213387699625368
corridor,RT_NY,wind,access_cm2,SSP2-4.5,2047,2.3484539585456057
corridor,RT_NY,wind,access_cm2,SSP2-4.5,2048,2.0052667346244397
corridor,RT_NY,wind,access_cm2,SSP2-4.5,2049,2.7354740061160774
corridor,RT_NY,wind,access_cm2,SSP2-4.5,2050,2.500339789330499
corridor,RT_NY,wind,access_cm2,SSP2-4.5,2051,2.7643560992183502
corridor,RT_NY,wind,access_cm2,SSP2-4.5,2052,1.8654434250763683
corridor,RT_NY,wind,access_cm2,SSP2-4.5,2053,2.202684335711759
corridor,RT_NY,wind,access_cm2,SSP2-4.5,2054,1.6851851851851072
corridor,RT_NY,wind,access_cm2,SSP2-4.5,2055,2.162759089364496
corridor,RT_NY,wind,access_cm2,SSP2-4.5,2056,2.681277607882981
corridor,RT_NY,wind,access_cm2,SSP2-4.5,2057,2.983690112130335
corridor,RT_NY,wind,access_cm2,SSP2-4.5,2058,1.731396534148748
corridor,RT_NY,wind,access_cm2,SSP2-4.5,2059,1.186034658511663
corridor,RT_NY,wind,access_cm2,SSP2-4.5,2060,2.593272171253697
corridor,RT_NY,wind,access_cm2,SSP2-4.5,2061,2.108222901800784
corridor,RT_NY,wind,access_cm2,SSP2-4.5,2062,2.128270472307074
corridor,RT_NY,wind,access_cm2,SSP2-4.5,2063,3.2354740061160587
corridor,RT_NY,wind,access_cm2,SSP2-4.5,2064,0.7886510363574246
corridor,RT_NY,wind,access_cm2,SSP2-4.5,2065,1.328576282704664
corridor,RT_NY,wind,access_cm2,SSP2-4.5,2066,2.281005776418514
corridor,RT_NY,wind,access_cm2,SSP2-4.5,2067,2.031770302412409
corridor,RT_NY,wind,access_cm2,SSP2-4.5,2068,1.6950390757729417
corridor,RT_NY,wind,access_cm2,SSP2-4.5,2069,1.6156982670743434
corridor,RT_NY,wind,access_cm2,SSP2-4.5,2070,1.4160720353380234
corridor,RT_NY,wind,access_cm2,SSP2-4.5,2071,1.3921168875296672
corridor,RT_NY,wind,access_cm2,SSP2-4.5,2072,0.9430852871219396
corridor,RT_NY,wind,access_cm2,SSP2-4.5,2073,2.191131498470852
corridor,RT_NY,wind,access_cm2,SSP2-4.5,2074,2.300543662928873
corridor,RT_NY,wind,access_cm2,SSP2-4.5,2075,2.270472307169443
corridor,RT_NY,wind,access_cm2,SSP2-4.5,2076,2.6179068977232927
corridor,RT_NY,wind,access_cm2,SSP2-4.5,2077,1.3158341828065994
corridor,RT_NY,wind,access_cm2,SSP2-4.5,2078,2.1177370030580063
corridor,RT_NY,wind,access_cm2,SSP2-4.5,2079,3.5011892626569967
corridor,RT_NY,wind,access_cm2,SSP2-4.5,2080,3.4034998301051744
corridor,RT_NY,wind,access_cm2,SSP2-4.5,2081,2.411994563370606
corridor,RT_NY,wind,access_cm2,SSP2-4.5,2082,1.3790349983009895
corridor,RT_NY,wind,access_cm2,SSP2-4.5,2083,1.5227658851511312
corridor,RT_NY,wind,access_cm2,SSP2-4.5,2084,1.5825688073393784
corridor,RT_NY,wind,access_cm2,SSP2-4.5,2085,2.0331294597348792
corridor,RT_NY,wind,access_cm2,SSP2-4.5,2086,1.5411145090043532
corridor,RT_NY,wind,access_cm2,SSP2-4.5,2087,1.353380903839555
corridor,RT_NY,wind,access_cm2,SSP2-4.5,2088,1.8702004757049824
corridor,RT_NY,wind,access_cm2,SSP2-4.5,2089,1.3136255521576032
corridor,RT_NY,wind,access_cm2,SSP2-4.5,2090,1.5725450220862314
corridor,RT_NY,wind,access_cm2,SSP2-4.5,2091,1.0635406048249667
corridor,RT_NY,wind,access_cm2,SSP2-4.5,2092,1.9497111790688928
corridor,RT_NY,wind,access_cm2,SSP2-4.5,2093,1.8299354400271004
corridor,RT_NY,wind,access_cm2,SSP2-4.5,2094,1.6938498131157878
corridor,RT_NY,wind,access_cm2,SSP2-4.5,2095,1.8102276588514377
corridor,RT_NY,wind,access_cm2,SSP2-4.5,2096,1.7140672782873814
corridor,RT_NY,wind,access_cm2,SSP2-4.5,2097,1.760958205912253
corridor,RT_NY,wind,access_cm2,SSP2-4.5,2098,1.9522595990485043
corridor,RT_NY,wind,access_cm2,SSP2-4.5,2099,1.219164118246637
corridor,RT_NY,wind,access_cm2,SSP2-4.5,2100,1.963132857628183
corridor,RT_NY,wind,access_cm2,SSP5-8.5,2015,1.3481141692150234
corridor,RT_NY,wind,access_cm2,SSP5-8.5,2016,2.1055045871558598
corridor,RT_NY,wind,access_cm2,SSP5-8.5,2017,3.2252803261976206
corridor,RT_NY,wind,access_cm2,SSP5-8.5,2018,2.196738022425996
corridor,RT_NY,wind,access_cm2,SSP5-8.5,2019,2.406897723411378
corridor,RT_NY,wind,access_cm2,SSP5-8.5,2020,1.910975195378778
corridor,RT_NY,wind,access_cm2,SSP5-8.5,2021,1.788141352361456
corridor,RT_NY,wind,access_cm2,SSP5-8.5,2022,1.4949031600407163
corridor,RT_NY,wind,access_cm2,SSP5-8.5,2023,0.8972137274889176
corridor,RT_NY,wind,access_cm2,SSP5-8.5,2024,2.4833503227997453
corridor,RT_NY,wind,access_cm2,SSP5-8.5,2025,1.9176010873257652
corridor,RT_NY,wind,access_cm2,SSP5-8.5,2026,1.611960584437573
corridor,RT_NY,wind,access_cm2,SSP5-8.5,2027,2.6386340468908043
corridor,RT_NY,wind,access_cm2,SSP5-8.5,2028,1.6158681617396458
corridor,RT_NY,wind,access_cm2,SSP5-8.5,2029,2.689092762487148
corridor,RT_NY,wind,access_cm2,SSP5-8.5,2030,2.51308188922857
corridor,RT_NY,wind,access_cm2,SSP5-8.5,2031,1.232585796805926
corridor,RT_NY,wind,access_cm2,SSP5-8.5,2032,1.3418280665986442
corridor,RT_NY,wind,access_cm2,SSP5-8.5,2033,2.079510703363815
corridor,RT_NY,wind,access_cm2,SSP5-8.5,2034,2.758579680597904
corridor,RT_NY,wind,access_cm2,SSP5-8.5,2035,1.706931702344471
corridor,RT_NY,wind,access_cm2,SSP5-8.5,2036,1.5022086306489268
corridor,RT_NY,wind,access_cm2,SSP5-8.5,2037,2.4330615018687323
corridor,RT_NY,wind,access_cm2,SSP5-8.5,2038,1.7589194699285655
corridor,RT_NY,wind,access_cm2,SSP5-8.5,2039,1.99626231736315
corridor,RT_NY,wind,access_cm2,SSP5-8.5,2040,1.806829765545278
corridor,RT_NY,wind,access_cm2,SSP5-8.5,2041,1.506286102616306
corridor,RT_NY,wind,access_cm2,SSP5-8.5,2042,2.470438328236381
corridor,RT_NY,wind,access_cm2,SSP5-8.5,2043,4.060142711518672
corridor,RT_NY,wind,access_cm2,SSP5-8.5,2044,1.9051987767583165
corridor,RT_NY,wind,access_cm2,SSP5-8.5,2045,3.163948352021595
corridor,RT_NY,wind,access_cm2,SSP5-8.5,2046,2.252463472646852
corridor,RT_NY,wind,access_cm2,SSP5-8.5,2047,1.3200815494392817
corridor,RT_NY,wind,access_cm2,SSP5-8.5,2048,1.3311247026842763
corridor,RT_NY,wind,access_cm2,SSP5-8.5,2049,2.036697247706325
corridor,RT_NY,wind,access_cm2,SSP5-8.5,2050,0.9874277947671992
corridor,RT_NY,wind,access_cm2,SSP5-8.5,2051,1.6017669045191292
corridor,RT_NY,wind,access_cm2,SSP5-8.5,2052,1.3712198436968412
corridor,RT_NY,wind,access_cm2,SSP5-8.5,2053,1.9286442405707536
corridor,RT_NY,wind,access_cm2,SSP5-8.5,2054,1.7923887189941454
corridor,RT_NY,wind,access_cm2,SSP5-8.5,2055,1.2499150526672846
corridor,RT_NY,wind,access_cm2,SSP5-8.5,2056,2.144070676180676
corridor,RT_NY,wind,access_cm2,SSP5-8.5,2057,3.160550458715449
corridor,RT_NY,wind,access_cm2,SSP5-8.5,2058,1.6213047910294844
corridor,RT_NY,wind,access_cm2,SSP5-8.5,2059,2.131158681617308
corridor,RT_NY,wind,access_cm2,SSP5-8.5,2060,2.389568467550014
corridor,RT_NY,wind,access_cm2,SSP5-8.5,2061,1.6355759429153198
corridor,RT_NY,wind,access_cm2,SSP5-8.5,2062,1.013421678559244
corridor,RT_NY,wind,access_cm2,SSP5-8.5,2063,2.117227319062084
corridor,RT_NY,wind,access_cm2,SSP5-8.5,2064,2.291029561671671
corridor,RT_NY,wind,access_cm2,SSP5-8.5,2065,2.8248386000678374
corridor,RT_NY,wind,access_cm2,SSP5-8.5,2066,1.9160720353380087
corridor,RT_NY,wind,access_cm2,SSP5-8.5,2067,2.049439347604388
corridor,RT_NY,wind,access_cm2,SSP5-8.5,2068,1.160040774719625
corridor,RT_NY,wind,access_cm2,SSP5-8.5,2069,1.4726469588854196
corridor,RT_NY,wind,access_cm2,SSP5-8.5,2070,1.5749235474005332
corridor,RT_NY,wind,access_cm2,SSP5-8.5,2071,2.019707781175577
corridor,RT_NY,wind,access_cm2,SSP5-8.5,2072,2.349813115868054
corridor,RT_NY,wind,access_cm2,SSP5-8.5,2073,2.690282025144283
corridor,RT_NY,wind,access_cm2,SSP5-8.5,2074,2.5552157662248183
corridor,RT_NY,wind,access_cm2,SSP5-8.5,2075,1.118586476384592
corridor,RT_NY,wind,access_cm2,SSP5-8.5,2076,1.5482500849472682
corridor,RT_NY,wind,access_cm2,SSP5-8.5,2077,1.402990146109342
corridor,RT_NY,wind,access_cm2,SSP5-8.5,2078,1.5536867142370985
corridor,RT_NY,wind,access_cm2,SSP5-8.5,2079,2.6021066938497017
corridor,RT_NY,wind,access_cm2,SSP5-8.5,2080,1.9424057084606687
corridor,RT_NY,wind,access_cm2,SSP5-8.5,2081,2.2037037037036065
corridor,RT_NY,wind,access_cm2,SSP5-8.5,2082,0.792388718994187
corridor,RT_NY,wind,access_cm2,SSP5-8.5,2083,2.072205232755608
corridor,RT_NY,wind,access_cm2,SSP5-8.5,2084,1.7336051647977464
corridor,RT_NY,wind,access_cm2,SSP5-8.5,2085,1.1721032959564528
corridor,RT_NY,wind,access_cm2,SSP5-8.5,2086,1.2859327217124772
corridor,RT_NY,wind,access_cm2,SSP5-8.5,2087,1.5390757730206652
corridor,RT_NY,wind,access_cm2,SSP5-8.5,2088,1.4004417261297393
corridor,RT_NY,wind,access_cm2,SSP5-8.5,2089,1.9330615018687531
corridor,RT_NY,wind,access_cm2,SSP5-8.5,2090,1.148487937478718
corridor,RT_NY,wind,access_cm2,SSP5-8.5,2091,2.418280665986986
corridor,RT_NY,wind,access_cm2,SSP5-8.5,2092,1.201664967719955
corridor,RT_NY,wind,access_cm2,SSP5-8.5,2093,1.7444784233774215
corridor,RT_NY,wind,access_cm2,SSP5-8.5,2094,1.547910295616647
corridor,RT_NY,wind,access_cm2,SSP5-8.5,2095,2.794087665647168
corridor,RT_NY,wind,access_cm2,SSP5-8.5,2096,1.4483520217464552
corridor,RT_NY,wind,access_cm2,SSP5-8.5,2097,1.560312606184096
corridor,RT_NY,wind,access_cm2,SSP5-8.5,2098,1.3666326877335415
corridor,RT_NY,wind,access_cm2,SSP5-8.5,2099,1.3854909955826802
corridor,RT_NY,wind,access_cm2,SSP5-8.5,2100,1.4841997961263358
corridor,RT_NY,wind,cmcc_cm2_sr5,SSP1-2.6,2015,1.269283044512345
corridor,RT_NY,wind,cmcc_cm2_sr5,SSP1-2.6,2016,1.3951749915052076
corridor,RT_NY,wind,cmcc_cm2_sr5,SSP1-2.6,2017,1.565919130139243
corridor,RT_NY,wind,cmcc_cm2_sr5,SSP1-2.6,2018,1.7312266394834448
corridor,RT_NY,wind,cmcc_cm2_sr5,SSP1-2.6,2019,1.542643560992113
corridor,RT_NY,wind,cmcc_cm2_sr5,SSP1-2.6,2020,3.1688752973155143
corridor,RT_NY,wind,cmcc_cm2_sr5,SSP1-2.6,2021,2.4884471627589733
corridor,RT_NY,wind,cmcc_cm2_sr5,SSP1-2.6,2022,1.4481821270811417
corridor,RT_NY,wind,cmcc_cm2_sr5,SSP1-2.6,2023,2.23207611280996
corridor,RT_NY,wind,cmcc_cm2_sr5,SSP1-2.6,2024,1.1841658171932845
corridor,RT_NY,wind,cmcc_cm2_sr5,SSP1-2.6,2025,1.2677539925245729
corridor,RT_NY,wind,cmcc_cm2_sr5,SSP1-2.6,2026,2.773360516479657
corridor,RT_NY,wind,cmcc_cm2_sr5,SSP1-2.6,2027,1.991845056065145
corridor,RT_NY,wind,cmcc_cm2_sr5,SSP1-2.6,2028,1.8134556574922756
corridor,RT_NY,wind,cmcc_cm2_sr5,SSP1-2.6,2029,0.8469249065578939
corridor,RT_NY,wind,cmcc_cm2_sr5,SSP1-2.6,2030,1.8148148148147296
corridor,RT_NY,wind,cmcc_cm2_sr5,SSP1-2.6,2031,1.0674481821270296
corridor,RT_NY,wind,cmcc_cm2_sr5,SSP1-2.6,2032,2.2003058103974578
corridor,RT_NY,wind,cmcc_cm2_sr5,SSP1-2.6,2033,1.679068977234036
corridor,RT_NY,wind,cmcc_cm2_sr5,SSP1-2.6,2034,1.900781515460329
corridor,RT_NY,wind,cmcc_cm2_sr5,SSP1-2.6,2035,1.7437988447161967
corridor,RT_NY,wind,cmcc_cm2_sr5,SSP1-2.6,2036,1.7303771661569043
corridor,RT_NY,wind,cmcc_cm2_sr5,SSP1-2.6,2037,1.1836561331973643
corridor,RT_NY,wind,cmcc_cm2_sr5,SSP1-2.6,2038,1.7067618076791624
corridor,RT_NY,wind,cmcc_cm2_sr5,SSP1-2.6,2039,1.63166836561324
corridor,RT_NY,wind,cmcc_cm2_sr5,SSP1-2.6,2040,1.0496092422697427
corridor,RT_NY,wind,cmcc_cm2_sr5,SSP1-2.6,2041,2.1046551138293315
corridor,RT_NY,wind,cmcc_cm2_sr5,SSP1-2.6,2042,1.9860686374446936
corridor,RT_NY,wind,cmcc_cm2_sr5,SSP1-2.6,2043,1.6960584437647983
corridor,RT_NY,wind,cmcc_cm2_sr5,SSP1-2.6,2044,2.0450220863063966
corridor,RT_NY,wind,cmcc_cm2_sr5,SSP1-2.6,2045,1.7701325178388667
corridor,RT_NY,wind,cmcc_cm2_sr5,SSP1-2.6,2046,2.1162079510702414
corridor,RT_NY,wind,cmcc_cm2_sr5,SSP1-2.6,2047,1.933061501868759
corridor,RT_NY,wind,cmcc_cm2_sr5,SSP1-2.6,2048,2.458545701664858
corridor,RT_NY,wind,cmcc_cm2_sr5,SSP1-2.6,2049,2.822120285422904
corridor,RT_NY,wind,cmcc_cm2_sr5,SSP1-2.6,2050,2.5880054366291776
corridor,RT_NY,wind,cmcc_cm2_sr5,SSP1-2.6,2051,1.7517838939856496
corridor,RT_NY,wind,cmcc_cm2_sr5,SSP1-2.6,2052,1.9194699286441512
corridor,RT_NY,wind,cmcc_cm2_sr5,SSP1-2.6,2053,3.266904519197948
corridor,RT_NY,wind,cmcc_cm2_sr5,SSP1-2.6,2054,2.266904519197997
corridor,RT_NY,wind,cmcc_cm2_sr5,SSP1-2.6,2055,1.7672443085286305
corridor,RT_NY,wind,cmcc_cm2_sr5,SSP1-2.6,2056,1.2665647298674183
corridor,RT_NY,wind,cmcc_cm2_sr5,SSP1-2.6,2057,1.70200475705055
corridor,RT_NY,wind,cmcc_cm2_sr5,SSP1-2.6,2058,1.821100917431108
corridor,RT_NY,wind,cmcc_cm2_sr5,SSP1-2.6,2059,2.0290519877674926
corridor,RT_NY,wind,cmcc_cm2_sr5,SSP1-2.6,2060,1.4780835881752603
corridor,RT_NY,wind,cmcc_cm2_sr5,SSP1-2.6,2061,1.3574583758069392
corridor,RT_NY,wind,cmcc_cm2_sr5,SSP1-2.6,2062,2.50679578661219
corridor,RT_NY,wind,cmcc_cm2_sr5,SSP1-2.6,2063,1.6641182466869786
corridor,RT_NY,wind,cmcc_cm2_sr5,SSP1-2.6,2064,1.676690451919736
corridor,RT_NY,wind,cmcc_cm2_sr5,SSP1-2.6,2065,2.2414203194018683
corridor,RT_NY,wind,cmcc_cm2_sr5,SSP1-2.6,2066,1.4097859327216509
corridor,RT_NY,wind,cmcc_cm2_sr5,SSP1-2.6,2067,2.775908936459268
corridor,RT_NY,wind,cmcc_cm2_sr5,SSP1-2.6,2068,1.5073054706081537
corridor,RT_NY,wind,cmcc_cm2_sr5,SSP1-2.6,2069,1.8527013251783095
corridor,RT_NY,wind,cmcc_cm2_sr5,SSP1-2.6,2070,1.0985389058783033
corridor,RT_NY,wind,cmcc_cm2_sr5,SSP1-2.6,2071,1.8435270132517
corridor,RT_NY,wind,cmcc_cm2_sr5,SSP1-2.6,2072,1.2121984369690262
corridor,RT_NY,wind,cmcc_cm2_sr5,SSP1-2.6,2073,1.3666326877335435
corridor,RT_NY,wind,cmcc_cm2_sr5,SSP1-2.6,2074,0.8644240570845642
corridor,RT_NY,wind,cmcc_cm2_sr5,SSP1-2.6,2075,1.6574923547399956
corridor,RT_NY,wind,cmcc_cm2_sr5,SSP1-2.6,2076,1.4920149507304823
corridor,RT_NY,wind,cmcc_cm2_sr5,SSP1-2.6,2077,0.8073394495412445
corridor,RT_NY,wind,cmcc_cm2_sr5,SSP1-2.6,2078,1.6090723751273468
corridor,RT_NY,wind,cmcc_cm2_sr5,SSP1-2.6,2079,0.8948352021746099
corridor,RT_NY,wind,cmcc_cm2_sr5,SSP1-2.6,2080,1.3295956506965096
corridor,RT_NY,wind,cmcc_cm2_sr5,SSP1-2.6,2081,1.561331974175936
corridor,RT_NY,wind,cmcc_cm2_sr5,SSP1-2.6,2082,1.4818212708120364
corridor,RT_NY,wind,cmcc_cm2_sr5,SSP1-2.6,2083,1.1940197077811252
corridor,RT_NY,wind,cmcc_cm2_sr5,SSP1-2.6,2084,1.4001019367991168
corridor,RT_NY,wind,cmcc_cm2_sr5,SSP1-2.6,2085,1.48250084947326
corridor,RT_NY,wind,cmcc_cm2_sr5,SSP1-2.6,2086,1.6873938158341053
corridor,RT_NY,wind,cmcc_cm2_sr5,SSP1-2.6,2087,1.989636425416156
corridor,RT_NY,wind,cmcc_cm2_sr5,SSP1-2.6,2088,1.031090723751233
corridor,RT_NY,wind,cmcc_cm2_sr5,SSP1-2.6,2089,2.2172952769282044
corridor,RT_NY,wind,cmcc_cm2_sr5,SSP1-2.6,2090,0.9109751953788252
corridor,RT_NY,wind,cmcc_cm2_sr5,SSP1-2.6,2091,1.004587155963253
corridor,RT_NY,wind,cmcc_cm2_sr5,SSP1-2.6,2092,1.328406388039355
corridor,RT_NY,wind,cmcc_cm2_sr5,SSP1-2.6,2093,1.703873598368932
corridor,RT_NY,wind,cmcc_cm2_sr5,SSP1-2.6,2094,1.8253482840637976
corridor,RT_NY,wind,cmcc_cm2_sr5,SSP1-2.6,2095,1.5485898742778814
corridor,RT_NY,wind,cmcc_cm2_sr5,SSP1-2.6,2096,2.336221542643455
corridor,RT_NY,wind,cmcc_cm2_sr5,SSP1-2.6,2097,1.3919469928643573
corridor,RT_NY,wind,cmcc_cm2_sr5,SSP1-2.6,2098,1.1506965681277048
corridor,RT_NY,wind,cmcc_cm2_sr5,SSP1-2.6,2099,1.8355419639822417
corridor,RT_NY,wind,cmcc_cm2_sr5,SSP1-2.6,2100,1.5744138634046148
corridor,RT_NY,wind,cmcc_cm2_sr5,SSP2-4.5,2015,2.123683316343767
corridor,RT_NY,wind,cmcc_cm2_sr5,SSP2-4.5,2016,2.996941896024329
corridor,RT_NY,wind,cmcc_cm2_sr5,SSP2-4.5,2017,1.51376146788984
corridor,RT_NY,wind,cmcc_cm2_sr5,SSP2-4.5,2018,2.3253482840637743
corridor,RT_NY,wind,cmcc_cm2_sr5,SSP2-4.5,2019,1.8003737682635963
corridor,RT_NY,wind,cmcc_cm2_sr5,SSP2-4.5,2020,1.286782195039016
corridor,RT_NY,wind,cmcc_cm2_sr5,SSP2-4.5,2021,1.3754672103295351
corridor,RT_NY,wind,cmcc_cm2_sr5,SSP2-4.5,2022,1.9055385660889423
corridor,RT_NY,wind,cmcc_cm2_sr5,SSP2-4.5,2023,1.602106693849741
corridor,RT_NY,wind,cmcc_cm2_sr5,SSP2-4.5,2024,2.894495412843902
corridor,RT_NY,wind,cmcc_cm2_sr5,SSP2-4.5,2025,2.55793408086974
corridor,RT_NY,wind,cmcc_cm2_sr5,SSP2-4.5,2026,1.8790349983009689
corridor,RT_NY,wind,cmcc_cm2_sr5,SSP2-4.5,2027,2.2696228338429063
corridor,RT_NY,wind,cmcc_cm2_sr5,SSP2-4.5,2028,1.9950730547059927
corridor,RT_NY,wind,cmcc_cm2_sr5,SSP2-4.5,2029,1.372239211688691
corridor,RT_NY,wind,cmcc_cm2_sr5,SSP2-4.5,2030,1.7895005096839198
corridor,RT_NY,wind,cmcc_cm2_sr5,SSP2-4.5,2031,1.5485898742778768
corridor,RT_NY,wind,cmcc_cm2_sr5,SSP2-4.5,2032,2.787971457696102
corridor,RT_NY,wind,cmcc_cm2_sr5,SSP2-4.5,2033,2.5550458715595123
corridor,RT_NY,wind,cmcc_cm2_sr5,SSP2-4.5,2034,0.9984709480121888
corridor,RT_NY,wind,cmcc_cm2_sr5,SSP2-4.5,2035,1.783214407067538
corridor,RT_NY,wind,cmcc_cm2_sr5,SSP2-4.5,2036,2.022426095820508
corridor,RT_NY,wind,cmcc_cm2_sr5,SSP2-4.5,2037,2.189092762487162
corridor,RT_NY,wind,cmcc_cm2_sr5,SSP2-4.5,2038,1.188243289160667
corridor,RT_NY,wind,cmcc_cm2_sr5,SSP2-4.5,2039,2.199116547740305
corridor,RT_NY,wind,cmcc_cm2_sr5,SSP2-4.5,2040,2.0101936799183644
corridor,RT_NY,wind,cmcc_cm2_sr5,SSP2-4.5,2041,1.2098199116547237
corridor,RT_NY,wind,cmcc_cm2_sr5,SSP2-4.5,2042,1.2130479102955634
corridor,RT_NY,wind,cmcc_cm2_sr5,SSP2-4.5,2043,1.5249745158001295
corridor,RT_NY,wind,cmcc_cm2_sr5,SSP2-4.5,2044,1.9041794087664785
corridor,RT_NY,wind,cmcc_cm2_sr5,SSP2-4.5,2045,2.654434250764404
corridor,RT_NY,wind,cmcc_cm2_sr5,SSP2-4.5,2046,1.3540604825007896
corridor,RT_NY,wind,cmcc_cm2_sr5,SSP2-4.5,2047,1.2043832823648803
corridor,RT_NY,wind,cmcc_cm2_sr5,SSP2-4.5,2048,3.090383961943467
corridor,RT_NY,wind,cmcc_cm2_sr5,SSP2-4.5,2049,1.548589874277877
corridor,RT_NY,wind,cmcc_cm2_sr5,SSP2-4.5,2050,1.2480462113489057
corridor,RT_NY,wind,cmcc_cm2_sr5,SSP2-4.5,2051,2.093272171253725
corridor,RT_NY,wind,cmcc_cm2_sr5,SSP2-4.5,2052,1.719164118246605
corridor,RT_NY,wind,cmcc_cm2_sr5,SSP2-4.5,2053,1.6476384641521502
corridor,RT_NY,wind,cmcc_cm2_sr5,SSP2-4.5,2054,1.4712878015629645
corridor,RT_NY,wind,cmcc_cm2_sr5,SSP2-4.5,2055,2.380224260958097
corridor,RT_NY,wind,cmcc_cm2_sr5,SSP2-4.5,2056,1.245667686034602
corridor,RT_NY,wind,cmcc_cm2_sr5,SSP2-4.5,2057,0.985389058783512
corridor,RT_NY,wind,cmcc_cm2_sr5,SSP2-4.5,2058,1.4962623173631662
corridor,RT_NY,wind,cmcc_cm2_sr5,SSP2-4.5,2059,1.1455997281684835
corridor,RT_NY,wind,cmcc_cm2_sr5,SSP2-4.5,2060,1.414712878015568
corridor,RT_NY,wind,cmcc_cm2_sr5,SSP2-4.5,2061,1.04587155963298
corridor,RT_NY,wind,cmcc_cm2_sr5,SSP2-4.5,2062,1.6435609921847738
corridor,RT_NY,wind,cmcc_cm2_sr5,SSP2-4.5,2063,3.3973836221541185
corridor,RT_NY,wind,cmcc_cm2_sr5,SSP2-4.5,2064,1.517329255861296
corridor,RT_NY,wind,cmcc_cm2_sr5,SSP2-4.5,2065,2.388379204892856
corridor,RT_NY,wind,cmcc_cm2_sr5,SSP2-4.5,2066,2.0282025144409546
corridor,RT_NY,wind,cmcc_cm2_sr5,SSP2-4.5,2067,0.8199116547740044
corridor,RT_NY,wind,cmcc_cm2_sr5,SSP2-4.5,2068,1.1180767923886634
corridor,RT_NY,wind,cmcc_cm2_sr5,SSP2-4.5,2069,1.42660550458709
corridor,RT_NY,wind,cmcc_cm2_sr5,SSP2-4.5,2070,1.1326877336051129
corridor,RT_NY,wind,cmcc_cm2_sr5,SSP2-4.5,2071,1.4804621134895672
corridor,RT_NY,wind,cmcc_cm2_sr5,SSP2-4.5,2072,1.811247026843275
corridor,RT_NY,wind,cmcc_cm2_sr5,SSP2-4.5,2073,2.669894665307394
corridor,RT_NY,wind,cmcc_cm2_sr5,SSP2-4.5,2074,1.7256201155282898
corridor,RT_NY,wind,cmcc_cm2_sr5,SSP2-4.5,2075,1.6564729867481436
corridor,RT_NY,wind,cmcc_cm2_sr5,SSP2-4.5,2076,1.6032959565068892
corridor,RT_NY,wind,cmcc_cm2_sr5,SSP2-4.5,2077,2.4444444444443314
corridor,RT_NY,wind,cmcc_cm2_sr5,SSP2-4.5,2078,2.0706761807678253
corridor,RT_NY,wind,cmcc_cm2_sr5,SSP2-4.5,2079,4.030750934420476
corridor,RT_NY,wind,cmcc_cm2_sr5,SSP2-4.5,2080,1.6196058443764167
corridor,RT_NY,wind,cmcc_cm2_sr5,SSP2-4.5,2081,1.374957526333609
corridor,RT_NY,wind,cmcc_cm2_sr5,SSP2-4.5,2082,1.8010533469248244
corridor,RT_NY,wind,cmcc_cm2_sr5,SSP2-4.5,2083,2.6360856269111976
corridor,RT_NY,wind,cmcc_cm2_sr5,SSP2-4.5,2084,1.4740061162078786
corridor,RT_NY,wind,cmcc_cm2_sr5,SSP2-4.5,2085,2.873258579680456
corridor,RT_NY,wind,cmcc_cm2_sr5,SSP2-4.5,2086,1.3849813115867562
corridor,RT_NY,wind,cmcc_cm2_sr5,SSP2-4.5,2087,2.6304791029560497
corridor,RT_NY,wind,cmcc_cm2_sr5,SSP2-4.5,2088,1.434250764525924
corridor,RT_NY,wind,cmcc_cm2_sr5,SSP2-4.5,2089,1.76622494053679
corridor,RT_NY,wind,cmcc_cm2_sr5,SSP2-4.5,2090,1.652395514780764
corridor,RT_NY,wind,cmcc_cm2_sr5,SSP2-4.5,2091,1.64135236153577
corridor,RT_NY,wind,cmcc_cm2_sr5,SSP2-4.5,2092,1.4041794087665076
corridor,RT_NY,wind,cmcc_cm2_sr5,SSP2-4.5,2093,1.6950390757729423
corridor,RT_NY,wind,cmcc_cm2_sr5,SSP2-4.5,2094,0.9206591913013482
corridor,RT_NY,wind,cmcc_cm2_sr5,SSP2-4.5,2095,1.4904858987427112
corridor,RT_NY,wind,cmcc_cm2_sr5,SSP2-4.5,2096,2.237852531430416
corridor,RT_NY,wind,cmcc_cm2_sr5,SSP2-4.5,2097,1.4478423377505307
corridor,RT_NY,wind,cmcc_cm2_sr5,SSP2-4.5,2098,2.4918450560651406
corridor,RT_NY,wind,cmcc_cm2_sr5,SSP2-4.5,2099,1.3712198436968432
corridor,RT_NY,wind,cmcc_cm2_sr5,SSP2-4.5,2100,0.9452939177709396
corridor,RT_NY,wind,cmcc_cm2_sr5,SSP5-8.5,2015,2.852531430512953
corridor,RT_NY,wind,cmcc_cm2_sr5,SSP5-8.5,2016,1.924906557933996
corridor,RT_NY,wind,cmcc_cm2_sr5,SSP5-8.5,2017,2.0399252463471718
corridor,RT_NY,wind,cmcc_cm2_sr5,SSP5-8.5,2018,3.099218484539442
corridor,RT_NY,wind,cmcc_cm2_sr5,SSP5-8.5,2019,2.1065239551477144
corridor,RT_NY,wind,cmcc_cm2_sr5,SSP5-8.5,2020,2.1841658171932474
corridor,RT_NY,wind,cmcc_cm2_sr5,SSP5-8.5,2021,1.7449881073733458
corridor,RT_NY,wind,cmcc_cm2_sr5,SSP5-8.5,2022,1.9111450900440805
corridor,RT_NY,wind,cmcc_cm2_sr5,SSP5-8.5,2023,1.8097179748555023
corridor,RT_NY,wind,cmcc_cm2_sr5,SSP5-8.5,2024,1.844036697247616
corridor,RT_NY,wind,cmcc_cm2_sr5,SSP5-8.5,2025,3.027353041114376
corridor,RT_NY,wind,cmcc_cm2_sr5,SSP5-8.5,2026,1.8012232415901313
corridor,RT_NY,wind,cmcc_cm2_sr5,SSP5-8.5,2027,1.9357798165136837
corridor,RT_NY,wind,cmcc_cm2_sr5,SSP5-8.5,2028,2.1839959225279326
corridor,RT_NY,wind,cmcc_cm2_sr5,SSP5-8.5,2029,2.4342507645258875
corridor,RT_NY,wind,cmcc_cm2_sr5,SSP5-8.5,2030,1.9347604485218213
corridor,RT_NY,wind,cmcc_cm2_sr5,SSP5-8.5,2031,2.25246347264685
corridor,RT_NY,wind,cmcc_cm2_sr5,SSP5-8.5,2032,2.177030241250322
corridor,RT_NY,wind,cmcc_cm2_sr5,SSP5-8.5,2033,1.9398572884810528
corridor,RT_NY,wind,cmcc_cm2_sr5,SSP5-8.5,2034,1.344036697247644
corridor,RT_NY,wind,cmcc_cm2_sr5,SSP5-8.5,2035,1.5907237512741386
corridor,RT_NY,wind,cmcc_cm2_sr5,SSP5-8.5,2036,1.5934420659190551
corridor,RT_NY,wind,cmcc_cm2_sr5,SSP5-8.5,2037,1.921848453958462
corridor,RT_NY,wind,cmcc_cm2_sr5,SSP5-8.5,2038,2.170574243968651
corridor,RT_NY,wind,cmcc_cm2_sr5,SSP5-8.5,2039,2.536527353040996
corridor,RT_NY,wind,cmcc_cm2_sr5,SSP5-8.5,2040,2.4495412844035718
corridor,RT_NY,wind,cmcc_cm2_sr5,SSP5-8.5,2041,2.0803601766903554
corridor,RT_NY,wind,cmcc_cm2_sr5,SSP5-8.5,2042,1.4700985389058103
corridor,RT_NY,wind,cmcc_cm2_sr5,SSP5-8.5,2043,1.7878015630308322
corridor,RT_NY,wind,cmcc_cm2_sr5,SSP5-8.5,2044,1.0980292218823884
corridor,RT_NY,wind,cmcc_cm2_sr5,SSP5-8.5,2045,1.0744138634046456
corridor,RT_NY,wind,cmcc_cm2_sr5,SSP5-8.5,2046,1.48301053346918
corridor,RT_NY,wind,cmcc_cm2_sr5,SSP5-8.5,2047,1.1845056065239026
corridor,RT_NY,wind,cmcc_cm2_sr5,SSP5-8.5,2048,1.603126061841587
corridor,RT_NY,wind,cmcc_cm2_sr5,SSP5-8.5,2049,1.9767244308527787
corridor,RT_NY,wind,cmcc_cm2_sr5,SSP5-8.5,2050,2.278627251104209
corridor,RT_NY,wind,cmcc_cm2_sr5,SSP5-8.5,2051,1.3484539585456414
corridor,RT_NY,wind,cmcc_cm2_sr5,SSP5-8.5,2052,1.8367312266394
corridor,RT_NY,wind,cmcc_cm2_sr5,SSP5-8.5,2053,1.5623513421677877
corridor,RT_NY,wind,cmcc_cm2_sr5,SSP5-8.5,2054,2.1022765885150165
corridor,RT_NY,wind,cmcc_cm2_sr5,SSP5-8.5,2055,1.7006455997280905
corridor,RT_NY,wind,cmcc_cm2_sr5,SSP5-8.5,2056,2.7697927285081985
corridor,RT_NY,wind,cmcc_cm2_sr5,SSP5-8.5,2057,2.179918450560556
corridor,RT_NY,wind,cmcc_cm2_sr5,SSP5-8.5,2058,1.3875297315663686
corridor,RT_NY,wind,cmcc_cm2_sr5,SSP5-8.5,2059,1.700475705062782
corridor,RT_NY,wind,cmcc_cm2_sr5,SSP5-8.5,2060,2.922358137954336
corridor,RT_NY,wind,cmcc_cm2_sr5,SSP5-8.5,2061,1.4498810737342125
corridor,RT_NY,wind,cmcc_cm2_sr5,SSP5-8.5,2062,1.650186884131763
corridor,RT_NY,wind,cmcc_cm2_sr5,SSP5-8.5,2063,1.9109751953787784
corridor,RT_NY,wind,cmcc_cm2_sr5,SSP5-8.5,2064,3.0725450220861714
corridor,RT_NY,wind,cmcc_cm2_sr5,SSP5-8.5,2065,2.065069656812687
corridor,RT_NY,wind,cmcc_cm2_sr5,SSP5-8.5,2066,1.8788651036356612
corridor,RT_NY,wind,cmcc_cm2_sr5,SSP5-8.5,2067,2.90825688073381
corridor,RT_NY,wind,cmcc_cm2_sr5,SSP5-8.5,2068,1.126061841658121
corridor,RT_NY,wind,cmcc_cm2_sr5,SSP5-8.5,2069,1.559293238192252
corridor,RT_NY,wind,cmcc_cm2_sr5,SSP5-8.5,2070,1.5652395514780164
corridor,RT_NY,wind,cmcc_cm2_sr5,SSP5-8.5,2071,1.0124023105674052
corridor,RT_NY,wind,cmcc_cm2_sr5,SSP5-8.5,2072,3.0090044172611536
corridor,RT_NY,wind,cmcc_cm2_sr5,SSP5-8.5,2073,1.4964322120284712
corridor,RT_NY,wind,cmcc_cm2_sr5,SSP5-8.5,2074,1.4634726469588215
corridor,RT_NY,wind,cmcc_cm2_sr5,SSP5-8.5,2075,2.2060822290179027
corridor,RT_NY,wind,cmcc_cm2_sr5,SSP5-8.5,2076,1.5033978933060823
corridor,RT_NY,wind,cmcc_cm2_sr5,SSP5-8.5,2077,1.6308188922867064
corridor,RT_NY,wind,cmcc_cm2_sr5,SSP5-8.5,2078,2.422358137954365
corridor,RT_NY,wind,cmcc_cm2_sr5,SSP5-8.5,2079,3.5312606184164097
corridor,RT_NY,wind,cmcc_cm2_sr5,SSP5-8.5,2080,2.0626911314983847
corridor,RT_NY,wind,cmcc_cm2_sr5,SSP5-8.5,2081,0.966530750934374
corridor,RT_NY,wind,cmcc_cm2_sr5,SSP5-8.5,2082,2.200475705062762
corridor,RT_NY,wind,cmcc_cm2_sr5,SSP5-8.5,2083,1.0910635406047753
corridor,RT_NY,wind,cmcc_cm2_sr5,SSP5-8.5,2084,1.8878695208969625
corridor,RT_NY,wind,cmcc_cm2_sr5,SSP5-8.5,2085,1.7850832483859151
corridor,RT_NY,wind,cmcc_cm2_sr5,SSP5-8.5,2086,1.7324159021406027
corridor,RT_NY,wind,cmcc_cm2_sr5,SSP5-8.5,2087,1.2193340129119434
corridor,RT_NY,wind,cmcc_cm2_sr5,SSP5-8.5,2088,2.180428134556481
corridor,RT_NY,wind,cmcc_cm2_sr5,SSP5-8.5,2089,2.6382942575601867
corridor,RT_NY,wind,cmcc_cm2_sr5,SSP5-8.5,2090,1.8119266055045005
corridor,RT_NY,wind,cmcc_cm2_sr5,SSP5-8.5,2091,2.021916411824584
corridor,RT_NY,wind,cmcc_cm2_sr5,SSP5-8.5,2092,1.5326197757389708
corridor,RT_NY,wind,cmcc_cm2_sr5,SSP5-8.5,2093,1.5448521916411109
corridor,RT_NY,wind,cmcc_cm2_sr5,SSP5-8.5,2094,3.813795446822806
corridor,RT_NY,wind,cmcc_cm2_sr5,SSP5-8.5,2095,1.2283384301732434
corridor,RT_NY,wind,cmcc_cm2_sr5,SSP5-8.5,2096,1.812096500169814
corridor,RT_NY,wind,cmcc_cm2_sr5,SSP5-8.5,2097,1.638634046890855
corridor,RT_NY,wind,cmcc_cm2_sr5,SSP5-8.5,2098,1.295786612300314
corridor,RT_NY,wind,cmcc_cm2_sr5,SSP5-8.5,2099,1.3978933061501206
corridor,RT_NY,wind,cmcc_cm2_sr5,SSP5-8.5,2100,2.10193679918441
corridor,RT_NY,wind,ipsl_cm6a_lr,SSP1-2.6,2015,2.1529051987766543
corridor,RT_NY,wind,ipsl_cm6a_lr,SSP1-2.6,2016,2.4512402310566355
corridor,RT_NY,wind,ipsl_cm6a_lr,SSP1-2.6,2017,3.51902820251429
corridor,RT_NY,wind,ipsl_cm6a_lr,SSP1-2.6,2018,2.9063880394154222
corridor,RT_NY,wind,ipsl_cm6a_lr,SSP1-2.6,2019,3.1838260278625787
corridor,RT_NY,wind,ipsl_cm6a_lr,SSP1-2.6,2020,1.8644240570845168
corridor,RT_NY,wind,ipsl_cm6a_lr,SSP1-2.6,2021,2.0562351342166867
corridor,RT_NY,wind,ipsl_cm6a_lr,SSP1-2.6,2022,3.169384981311441
corridor,RT_NY,wind,ipsl_cm6a_lr,SSP1-2.6,2023,2.127590893645835
corridor,RT_NY,wind,ipsl_cm6a_lr,SSP1-2.6,2024,2.481821270811977
corridor,RT_NY,wind,ipsl_cm6a_lr,SSP1-2.6,2025,2.6722731906216826
corridor,RT_NY,wind,ipsl_cm6a_lr,SSP1-2.6,2026,2.39891267414192
corridor,RT_NY,wind,ipsl_cm6a_lr,SSP1-2.6,2027,2.82891607203521
corridor,RT_NY,wind,ipsl_cm6a_lr,SSP1-2.6,2028,2.395344886170464
corridor,RT_NY,wind,ipsl_cm6a_lr,SSP1-2.6,2029,2.83639143730874
corridor,RT_NY,wind,ipsl_cm6a_lr,SSP1-2.6,2030,2.2276588515119533
corridor,RT_NY,wind,ipsl_cm6a_lr,SSP1-2.6,2031,2.063200815494298
corridor,RT_NY,wind,ipsl_cm6a_lr,SSP1-2.6,2032,2.647638464152098
corridor,RT_NY,wind,ipsl_cm6a_lr,SSP1-2.6,2033,1.4819911654773332
corridor,RT_NY,wind,ipsl_cm6a_lr,SSP1-2.6,2034,1.7714916751613168
corridor,RT_NY,wind,ipsl_cm6a_lr,SSP1-2.6,2035,2.3747876316682563
corridor,RT_NY,wind,ipsl_cm6a_lr,SSP1-2.6,2036,3.079340808698464
corridor,RT_NY,wind,ipsl_cm6a_lr,SSP1-2.6,2037,1.5457016649676596
corridor,RT_NY,wind,ipsl_cm6a_lr,SSP1-2.6,2038,1.508324838600006
corridor,RT_NY,wind,ipsl_cm6a_lr,SSP1-2.6,2039,2.5786612300372607
corridor,RT_NY,wind,ipsl_cm6a_lr,SSP1-2.6,2040,1.37631668365607
corridor,RT_NY,wind,ipsl_cm6a_lr,SSP1-2.6,2041,4.480462113489425
corridor,RT_NY,wind,ipsl_cm6a_lr,SSP1-2.6,2042,2.600917431192541
corridor,RT_NY,wind,ipsl_cm6a_lr,SSP1-2.6,2043,2.8452259599047265
corridor,RT_NY,wind,ipsl_cm6a_lr,SSP1-2.6,2044,2.3442065919129016
corridor,RT_NY,wind,ipsl_cm6a_lr,SSP1-2.6,2045,1.7653754672102469
corridor,RT_NY,wind,ipsl_cm6a_lr,SSP1-2.6,2046,2.5983690112129407
corridor,RT_NY,wind,ipsl_cm6a_lr,SSP1-2.6,2047,1.6021066938497404
corridor,RT_NY,wind,ipsl_cm6a_lr,SSP1-2.6,2048,2.379714576962167
corridor,RT_NY,wind,ipsl_cm6a_lr,SSP1-2.6,2049,2.153754672103201
corridor,RT_NY,wind,ipsl_cm6a_lr,SSP1-2.6,2050,2.8386000679577283
corridor,RT_NY,wind,ipsl_cm6a_lr,SSP1-2.6,2051,2.4571865443423957
corridor,RT_NY,wind,ipsl_cm6a_lr,SSP1-2.6,2052,3.495242949371226
corridor,RT_NY,wind,ipsl_cm6a_lr,SSP1-2.6,2053,3.2264695888547537
corridor,RT_NY,wind,ipsl_cm6a_lr,SSP1-2.6,2054,3.0032279986407007
corridor,RT_NY,wind,ipsl_cm6a_lr,SSP1-2.6,2055,2.325008494733156
corridor,RT_NY,wind,ipsl_cm6a_lr,SSP1-2.6,2056,1.4481821270811417
corridor,RT_NY,wind,ipsl_cm6a_lr,SSP1-2.6,2057,2.388209310227554
corridor,RT_NY,wind,ipsl_cm6a_lr,SSP1-2.6,2058,2.807849133537081
corridor,RT_NY,wind,ipsl_cm6a_lr,SSP1-2.6,2059,2.1454298335031265
corridor,RT_NY,wind,ipsl_cm6a_lr,SSP1-2.6,2060,1.8836221542642748
corridor,RT_NY,wind,ipsl_cm6a_lr,SSP1-2.6,2061,3.1721032959563544
corridor,RT_NY,wind,ipsl_cm6a_lr,SSP1-2.6,2062,1.8139653414881936
corridor,RT_NY,wind,ipsl_cm6a_lr,SSP1-2.6,2063,1.153584777437937
corridor,RT_NY,wind,ipsl_cm6a_lr,SSP1-2.6,2064,2.5536867142370654
corridor,RT_NY,wind,ipsl_cm6a_lr,SSP1-2.6,2065,2.932042133876868
corridor,RT_NY,wind,ipsl_cm6a_lr,SSP1-2.6,2066,1.999490316003989
corridor,RT_NY,wind,ipsl_cm6a_lr,SSP1-2.6,2067,3.1646279306828173
corridor,RT_NY,wind,ipsl_cm6a_lr,SSP1-2.6,2068,4.30105334692471
corridor,RT_NY,wind,ipsl_cm6a_lr,SSP1-2.6,2069,3.859157322459896
corridor,RT_NY,wind,ipsl_cm6a_lr,SSP1-2.6,2070,0.946653075093399
corridor,RT_NY,wind,ipsl_cm6a_lr,SSP1-2.6,2071,2.612640163098761
corridor,RT_NY,wind,ipsl_cm6a_lr,SSP1-2.6,2072,2.913183826027728
corridor,RT_NY,wind,ipsl_cm6a_lr,SSP1-2.6,2073,3.1323479442743998
corridor,RT_NY,wind,ipsl_cm6a_lr,SSP1-2.6,2074,2.19860686374438
corridor,RT_NY,wind,ipsl_cm6a_lr,SSP1-2.6,2075,2.713897383622029
corridor,RT_NY,wind,ipsl_cm6a_lr,SSP1-2.6,2076,2.003058103975455
corridor,RT_NY,wind,ipsl_cm6a_lr,SSP1-2.6,2077,3.3156642881411926
corridor,RT_NY,wind,ipsl_cm6a_lr,SSP1-2.6,2078,3.0873258579679184
corridor,RT_NY,wind,ipsl_cm6a_lr,SSP1-2.6,2079,3.632687733605004
corridor,RT_NY,wind,ipsl_cm6a_lr,SSP1-2.6,2080,2.940366972476923
corridor,RT_NY,wind,ipsl_cm6a_lr,SSP1-2.6,2081,3.16021066938484
corridor,RT_NY,wind,ipsl_cm6a_lr,SSP1-2.6,2082,1.4716275908935827
corridor,RT_NY,wind,ipsl_cm6a_lr,SSP1-2.6,2083,2.035338090383867
corridor,RT_NY,wind,ipsl_cm6a_lr,SSP1-2.6,2084,1.8046211348962864
corridor,RT_NY,wind,ipsl_cm6a_lr,SSP1-2.6,2085,3.186714237172808
corridor,RT_NY,wind,ipsl_cm6a_lr,SSP1-2.6,2086,3.209819911654634
corridor,RT_NY,wind,ipsl_cm6a_lr,SSP1-2.6,2087,1.8698606863743603
corridor,RT_NY,wind,ipsl_cm6a_lr,SSP1-2.6,2088,1.6325178389397832
corridor,RT_NY,wind,ipsl_cm6a_lr,SSP1-2.6,2089,2.4610941216444697
corridor,RT_NY,wind,ipsl_cm6a_lr,SSP1-2.6,2090,4.353380903839414
corridor,RT_NY,wind,ipsl_cm6a_lr,SSP1-2.6,2091,2.4765545361874466
corridor,RT_NY,wind,ipsl_cm6a_lr,SSP1-2.6,2092,1.990655793407993
corridor,RT_NY,wind,ipsl_cm6a_lr,SSP1-2.6,2093,1.7922188243288326
corridor,RT_NY,wind,ipsl_cm6a_lr,SSP1-2.6,2094,2.548419979612528
corridor,RT_NY,wind,ipsl_cm6a_lr,SSP1-2.6,2095,1.9063880394154804
corridor,RT_NY,wind,ipsl_cm6a_lr,SSP1-2.6,2096,2.871049949031466
corridor,RT_NY,wind,ipsl_cm6a_lr,SSP1-2.6,2097,3.10805300713543
corridor,RT_NY,wind,ipsl_cm6a_lr,SSP1-2.6,2098,2.798504926945169
corridor,RT_NY,wind,ipsl_cm6a_lr,SSP1-2.6,2099,1.7742099898062342
corridor,RT_NY,wind,ipsl_cm6a_lr,SSP1-2.6,2100,2.5453618756369822
corridor,RT_NY,wind,ipsl_cm6a_lr,SSP2-4.5,2015,2.310567448182022
corridor,RT_NY,wind,ipsl_cm6a_lr,SSP2-4.5,2016,3.760278627250924
corridor,RT_NY,wind,ipsl_cm6a_lr,SSP2-4.5,2017,2.568297655453507
corridor,RT_NY,wind,ipsl_cm6a_lr,SSP2-4.5,2018,1.828066598708716
corridor,RT_NY,wind,ipsl_cm6a_lr,SSP2-4.5,2019,2.5285423037715447
corridor,RT_NY,wind,ipsl_cm6a_lr,SSP2-4.5,2020,1.5355079850491946
corridor,RT_NY,wind,ipsl_cm6a_lr,SSP2-4.5,2021,3.9085966700643695
corridor,RT_NY,wind,ipsl_cm6a_lr,SSP2-4.5,2022,3.492524634726312
corridor,RT_NY,wind,ipsl_cm6a_lr,SSP2-4.5,2023,2.995412844036554
corridor,RT_NY,wind,ipsl_cm6a_lr,SSP2-4.5,2024,3.782534828406215
corridor,RT_NY,wind,ipsl_cm6a_lr,SSP2-4.5,2025,2.8250084947331366
corridor,RT_NY,wind,ipsl_cm6a_lr,SSP2-4.5,2026,3.237512742099755
corridor,RT_NY,wind,ipsl_cm6a_lr,SSP2-4.5,2027,1.658511722731833
corridor,RT_NY,wind,ipsl_cm6a_lr,SSP2-4.5,2028,2.3805640502887027
corridor,RT_NY,wind,ipsl_cm6a_lr,SSP2-4.5,2029,3.314135236153428
corridor,RT_NY,wind,ipsl_cm6a_lr,SSP2-4.5,2030,2.637614678898964
corridor,RT_NY,wind,ipsl_cm6a_lr,SSP2-4.5,2031,2.38396194359486
corridor,RT_NY,wind,ipsl_cm6a_lr,SSP2-4.5,2032,2.314475025484094
corridor,RT_NY,wind,ipsl_cm6a_lr,SSP2-4.5,2033,2.558783554196272
corridor,RT_NY,wind,ipsl_cm6a_lr,SSP2-4.5,2034,2.3448861705741404
corridor,RT_NY,wind,ipsl_cm6a_lr,SSP2-4.5,2035,2.14237172952759
corridor,RT_NY,wind,ipsl_cm6a_lr,SSP2-4.5,2036,2.266904519197997
corridor,RT_NY,wind,ipsl_cm6a_lr,SSP2-4.5,2037,2.3720693170233416
corridor,RT_NY,wind,ipsl_cm6a_lr,SSP2-4.5,2038,3.536187563710328
corridor,RT_NY,wind,ipsl_cm6a_lr,SSP2-4.5,2039,3.2769283044510877
corridor,RT_NY,wind,ipsl_cm6a_lr,SSP2-4.5,2040,1.7424396873937344
corridor,RT_NY,wind,ipsl_cm6a_lr,SSP2-4.5,2041,3.409616038056253
corridor,RT_NY,wind,ipsl_cm6a_lr,SSP2-4.5,2042,1.244138634046838
corridor,RT_NY,wind,ipsl_cm6a_lr,SSP2-4.5,2043,2.051308188922772
corridor,RT_NY,wind,ipsl_cm6a_lr,SSP2-4.5,2044,2.993883792048785
corridor,RT_NY,wind,ipsl_cm6a_lr,SSP2-4.5,2045,1.5744138634046196
corridor,RT_NY,wind,ipsl_cm6a_lr,SSP2-4.5,2046,1.6950390757729448
corridor,RT_NY,wind,ipsl_cm6a_lr,SSP2-4.5,2047,1.3387699626231115
corridor,RT_NY,wind,ipsl_cm6a_lr,SSP2-4.5,2048,3.8572884811415142
corridor,RT_NY,wind,ipsl_cm6a_lr,SSP2-4.5,2049,3.3319741760107178
corridor,RT_NY,wind,ipsl_cm6a_lr,SSP2-4.5,2050,4.393815834182606
corridor,RT_NY,wind,ipsl_cm6a_lr,SSP2-4.5,2051,2.7714916751612746
corridor,RT_NY,wind,ipsl_cm6a_lr,SSP2-4.5,2052,2.7804960924225712
corridor,RT_NY,wind,ipsl_cm6a_lr,SSP2-4.5,2053,2.8260278627249784
corridor,RT_NY,wind,ipsl_cm6a_lr,SSP2-4.5,2054,1.3645939517498502
corridor,RT_NY,wind,ipsl_cm6a_lr,SSP2-4.5,2055,1.350832483859943
corridor,RT_NY,wind,ipsl_cm6a_lr,SSP2-4.5,2056,2.2232415902139597
corridor,RT_NY,wind,ipsl_cm6a_lr,SSP2-4.5,2057,1.1092422697926754
corridor,RT_NY,wind,ipsl_cm6a_lr,SSP2-4.5,2058,2.4955827387018887
corridor,RT_NY,wind,ipsl_cm6a_lr,SSP2-4.5,2059,4.191131498470749
corridor,RT_NY,wind,ipsl_cm6a_lr,SSP2-4.5,2060,4.728508324838392
corridor,RT_NY,wind,ipsl_cm6a_lr,SSP2-4.5,2061,3.1948691811075696
corridor,RT_NY,wind,ipsl_cm6a_lr,SSP2-4.5,2062,1.3588175331293986
corridor,RT_NY,wind,ipsl_cm6a_lr,SSP2-4.5,2063,1.922697927284995
corridor,RT_NY,wind,ipsl_cm6a_lr,SSP2-4.5,2064,1.4801223241589507
corridor,RT_NY,wind,ipsl_cm6a_lr,SSP2-4.5,2065,2.0487597689431647
corridor,RT_NY,wind,ipsl_cm6a_lr,SSP2-4.5,2066,1.3953448861705078
corridor,RT_NY,wind,ipsl_cm6a_lr,SSP2-4.5,2067,1.8610261637783765
corridor,RT_NY,wind,ipsl_cm6a_lr,SSP2-4.5,2068,2.491335372069199
corridor,RT_NY,wind,ipsl_cm6a_lr,SSP2-4.5,2069,2.316853550798406
corridor,RT_NY,wind,ipsl_cm6a_lr,SSP2-4.5,2070,2.8666326877334702
corridor,RT_NY,wind,ipsl_cm6a_lr,SSP2-4.5,2071,2.6326877336050574
corridor,RT_NY,wind,ipsl_cm6a_lr,SSP2-4.5,2072,2.180937818552404
corridor,RT_NY,wind,ipsl_cm6a_lr,SSP2-4.5,2073,1.1394835202174134
corridor,RT_NY,wind,ipsl_cm6a_lr,SSP2-4.5,2074,3.780156303091905
corridor,RT_NY,wind,ipsl_cm6a_lr,SSP2-4.5,2075,2.871049949031473
corridor,RT_NY,wind,ipsl_cm6a_lr,SSP2-4.5,2076,1.569656812776007
corridor,RT_NY,wind,ipsl_cm6a_lr,SSP2-4.5,2077,1.713387699626162
corridor,RT_NY,wind,ipsl_cm6a_lr,SSP2-4.5,2078,2.285932721712431
corridor,RT_NY,wind,ipsl_cm6a_lr,SSP2-4.5,2079,2.3965341488276137
corridor,RT_NY,wind,ipsl_cm6a_lr,SSP2-4.5,2080,3.7928984029899695
corridor,RT_NY,wind,ipsl_cm6a_lr,SSP2-4.5,2081,2.7524634726468378
corridor,RT_NY,wind,ipsl_cm6a_lr,SSP2-4.5,2082,1.606184165817121
corridor,RT_NY,wind,ipsl_cm6a_lr,SSP2-4.5,2083,2.71984369690779
corridor,RT_NY,wind,ipsl_cm6a_lr,SSP2-4.5,2084,2.649847094801098
corridor,RT_NY,wind,ipsl_cm6a_lr,SSP2-4.5,2085,1.2808358817532532
corridor,RT_NY,wind,ipsl_cm6a_lr,SSP2-4.5,2086,2.3803941556234056
corridor,RT_NY,wind,ipsl_cm6a_lr,SSP2-4.5,2087,3.002548419979477
corridor,RT_NY,wind,ipsl_cm6a_lr,SSP2-4.5,2088,3.95599728168518
corridor,RT_NY,wind,ipsl_cm6a_lr,SSP2-4.5,2089,2.0358477743797905
corridor,RT_NY,wind,ipsl_cm6a_lr,SSP2-4.5,2090,4.015970098538727
corridor,RT_NY,wind,ipsl_cm6a_lr,SSP2-4.5,2091,1.9627930682975685
corridor,RT_NY,wind,ipsl_cm6a_lr,SSP2-4.5,2092,1.6788990825687289
corridor,RT_NY,wind,ipsl_cm6a_lr,SSP2-4.5,2093,2.4322120285421867
corridor,RT_NY,wind,ipsl_cm6a_lr,SSP2-4.5,2094,1.9911654774039225
corridor,RT_NY,wind,ipsl_cm6a_lr,SSP2-4.5,2095,1.440366972476996
corridor,RT_NY,wind,ipsl_cm6a_lr,SSP2-4.5,2096,1.9184505606523083
corridor,RT_NY,wind,ipsl_cm6a_lr,SSP2-4.5,2097,2.0954808019027253
corridor,RT_NY,wind,ipsl_cm6a_lr,SSP2-4.5,2098,2.296975874957421
corridor,RT_NY,wind,ipsl_cm6a_lr,SSP2-4.5,2099,2.070336391437212
corridor,RT_NY,wind,ipsl_cm6a_lr,SSP2-4.5,2100,1.2031940197077275
corridor,RT_NY,wind,ipsl_cm6a_lr,SSP5-8.5,2015,2.2757390417939845
corridor,RT_NY,wind,ipsl_cm6a_lr,SSP5-8.5,2016,1.8290859667005608
corridor,RT_NY,wind,ipsl_cm6a_lr,SSP5-8.5,2017,3.620625212368153
corridor,RT_NY,wind,ipsl_cm6a_lr,SSP5-8.5,2018,3.0287121984368297
corridor,RT_NY,wind,ipsl_cm6a_lr,SSP5-8.5,2019,3.2052327556913225
corridor,RT_NY,wind,ipsl_cm6a_lr,SSP5-8.5,2020,2.087495752633271
corridor,RT_NY,wind,ipsl_cm6a_lr,SSP5-8.5,2021,2.056065239551385
corridor,RT_NY,wind,ipsl_cm6a_lr,SSP5-8.5,2022,2.4135236153583604
corridor,RT_NY,wind,ipsl_cm6a_lr,SSP5-8.5,2023,1.8494733265374632
corridor,RT_NY,wind,ipsl_cm6a_lr,SSP5-8.5,2024,2.293747876316577
corridor,RT_NY,wind,ipsl_cm6a_lr,SSP5-8.5,2025,3.045701664967576
corridor,RT_NY,wind,ipsl_cm6a_lr,SSP5-8.5,2026,1.7614678899081708
corridor,RT_NY,wind,ipsl_cm6a_lr,SSP5-8.5,2027,2.2025144410464472
corridor,RT_NY,wind,ipsl_cm6a_lr,SSP5-8.5,2028,1.3649337410804658
corridor,RT_NY,wind,ipsl_cm6a_lr,SSP5-8.5,2029,2.096839959225189
corridor,RT_NY,wind,ipsl_cm6a_lr,SSP5-8.5,2030,2.155623513421581
corridor,RT_NY,wind,ipsl_cm6a_lr,SSP5-8.5,2031,2.2990146109411063
corridor,RT_NY,wind,ipsl_cm6a_lr,SSP5-8.5,2032,2.0846075433230395
corridor,RT_NY,wind,ipsl_cm6a_lr,SSP5-8.5,2033,1.6393136255520804
corridor,RT_NY,wind,ipsl_cm6a_lr,SSP5-8.5,2034,1.9029901461093228
corridor,RT_NY,wind,ipsl_cm6a_lr,SSP5-8.5,2035,1.8238192320760265
corridor,RT_NY,wind,ipsl_cm6a_lr,SSP5-8.5,2036,3.0402650356777468
corridor,RT_NY,wind,ipsl_cm6a_lr,SSP5-8.5,2037,3.9215086646277486
corridor,RT_NY,wind,ipsl_cm6a_lr,SSP5-8.5,2038,2.628610261637665
corridor,RT_NY,wind,ipsl_cm6a_lr,SSP5-8.5,2039,3.863744478423195
corridor,RT_NY,wind,ipsl_cm6a_lr,SSP5-8.5,2040,3.0555555555554115
corridor,RT_NY,wind,ipsl_cm6a_lr,SSP5-8.5,2041,3.0115528372407687
corridor,RT_NY,wind,ipsl_cm6a_lr,SSP5-8.5,2042,2.7302072714915475
corridor,RT_NY,wind,ipsl_cm6a_lr,SSP5-8.5,2043,2.2252803261976632
corridor,RT_NY,wind,ipsl_cm6a_lr,SSP5-8.5,2044,2.0030581039754427
corridor,RT_NY,wind,ipsl_cm6a_lr,SSP5-8.5,2045,2.454977913693403
corridor,RT_NY,wind,ipsl_cm6a_lr,SSP5-8.5,2046,3.109072375127284
corridor,RT_NY,wind,ipsl_cm6a_lr,SSP5-8.5,2047,2.7804960924225712
corridor,RT_NY,wind,ipsl_cm6a_lr,SSP5-8.5,2048,2.9575263336729822
corridor,RT_NY,wind,ipsl_cm6a_lr,SSP5-8.5,2049,3.987767584097676
corridor,RT_NY,wind,ipsl_cm6a_lr,SSP5-8.5,2050,3.09225280326183
corridor,RT_NY,wind,ipsl_cm6a_lr,SSP5-8.5,2051,1.7259599048589078
corridor,RT_NY,wind,ipsl_cm6a_lr,SSP5-8.5,2052,1.5922528032619063
corridor,RT_NY,wind,ipsl_cm6a_lr,SSP5-8.5,2053,2.0657492354739087
corridor,RT_NY,wind,ipsl_cm6a_lr,SSP5-8.5,2054,2.4359497111789565
corridor,RT_NY,wind,ipsl_cm6a_lr,SSP5-8.5,2055,2.061331974175914
corridor,RT_NY,wind,ipsl_cm6a_lr,SSP5-8.5,2056,1.83571185864756
corridor,RT_NY,wind,ipsl_cm6a_lr,SSP5-8.5,2057,2.732076112809927
corridor,RT_NY,wind,ipsl_cm6a_lr,SSP5-8.5,2058,1.8569486918109896
corridor,RT_NY,wind,ipsl_cm6a_lr,SSP5-8.5,2059,3.741590214067104
corridor,RT_NY,wind,ipsl_cm6a_lr,SSP5-8.5,2060,1.8554196398232263
corridor,RT_NY,wind,ipsl_cm6a_lr,SSP5-8.5,2061,3.7753992524633024
corridor,RT_NY,wind,ipsl_cm6a_lr,SSP5-8.5,2062,2.853890587835416
corridor,RT_NY,wind,ipsl_cm6a_lr,SSP5-8.5,2063,2.483010533469128
corridor,RT_NY,wind,ipsl_cm6a_lr,SSP5-8.5,2064,2.186544342507552
corridor,RT_NY,wind,ipsl_cm6a_lr,SSP5-8.5,2065,2.264016309887765
corridor,RT_NY,wind,ipsl_cm6a_lr,SSP5-8.5,2066,2.069486918110681
corridor,RT_NY,wind,ipsl_cm6a_lr,SSP5-8.5,2067,2.1044852191640206
corridor,RT_NY,wind,ipsl_cm6a_lr,SSP5-8.5,2068,2.475365273530299
corridor,RT_NY,wind,ipsl_cm6a_lr,SSP5-8.5,2069,2.8583078491334133
corridor,RT_NY,wind,ipsl_cm6a_lr,SSP5-8.5,2070,2.03312945973487
corridor,RT_NY,wind,ipsl_cm6a_lr,SSP5-8.5,2071,2.141692150866369
corridor,RT_NY,wind,ipsl_cm6a_lr,SSP5-8.5,2072,3.2057424396872456
corridor,RT_NY,wind,ipsl_cm6a_lr,SSP5-8.5,2073,1.8557594291538404
corridor,RT_NY,wind,ipsl_cm6a_lr,SSP5-8.5,2074,1.914542983350239
corridor,RT_NY,wind,ipsl_cm6a_lr,SSP5-8.5,2075,2.8435270132516504
corridor,RT_NY,wind,ipsl_cm6a_lr,SSP5-8.5,2076,4.058103975534978
corridor,RT_NY,wind,ipsl_cm6a_lr,SSP5-8.5,2077,2.2952769283043466
corridor,RT_NY,wind,ipsl_cm6a_lr,SSP5-8.5,2078,2.33571185864753
corridor,RT_NY,wind,ipsl_cm6a_lr,SSP5-8.5,2079,2.885321100917292
corridor,RT_NY,wind,ipsl_cm6a_lr,SSP5-8.5,2080,2.496602106693734
corridor,RT_NY,wind,ipsl_cm6a_lr,SSP5-8.5,2081,1.7256201155282922
corridor,RT_NY,wind,ipsl_cm6a_lr,SSP5-8.5,2082,2.966700645599593
corridor,RT_NY,wind,ipsl_cm6a_lr,SSP5-8.5,2083,2.0317703024124123
corridor,RT_NY,wind,ipsl_cm6a_lr,SSP5-8.5,2084,1.4289840299013994
corridor,RT_NY,wind,ipsl_cm6a_lr,SSP5-8.5,2085,1.7859327217124557
corridor,RT_NY,wind,ipsl_cm6a_lr,SSP5-8.5,2086,4.963982330954577
corridor,RT_NY,wind,ipsl_cm6a_lr,SSP5-8.5,2087,1.73904179408758
corridor,RT_NY,wind,ipsl_cm6a_lr,SSP5-8.5,2088,2.5946313285761624
corridor,RT_NY,wind,ipsl_cm6a_lr,SSP5-8.5,2089,2.9639823309546705
corridor,RT_NY,wind,ipsl_cm6a_lr,SSP5-8.5,2090,1.884471627590813
corridor,RT_NY,wind,ipsl_cm6a_lr,SSP5-8.5,2091,3.6732925586135
corridor,RT_NY,wind,ipsl_cm6a_lr,SSP5-8.5,2092,1.238532110091685
corridor,RT_NY,wind,ipsl_cm6a_lr,SSP5-8.5,2093,3.460924226979111
corridor,RT_NY,wind,ipsl_cm6a_lr,SSP5-8.5,2094,1.435100237852467
corridor,RT_NY,wind,ipsl_cm6a_lr,SSP5-8.5,2095,2.1371049949030625
corridor,RT_NY,wind,ipsl_cm6a_lr,SSP5-8.5,2096,2.6389738362214303
corridor,RT_NY,wind,ipsl_cm6a_lr,SSP5-8.5,2097,2.8260278627249766
corridor,RT_NY,wind,ipsl_cm6a_lr,SSP5-8.5,2098,3.249235474005971
corridor,RT_NY,wind,ipsl_cm6a_lr,SSP5-8.5,2099,1.3972137274888947
corridor,RT_NY,wind,ipsl_cm6a_lr,SSP5-8.5,2100,2.230377166156876
corridor,RT_NY,wind,mpi_esm1_2_lr,SSP1-2.6,2015,2.8972137274888325
corridor,RT_NY,wind,mpi_esm1_2_lr,SSP1-2.6,2016,4.036697247706239
corridor,RT_NY,wind,mpi_esm1_2_lr,SSP1-2.6,2017,3.020047570506147
corridor,RT_NY,wind,mpi_esm1_2_lr,SSP1-2.6,2018,2.3282364933740034
corridor,RT_NY,wind,mpi_esm1_2_lr,SSP1-2.6,2019,2.508664627930561
corridor,RT_NY,wind,mpi_esm1_2_lr,SSP1-2.6,2020,2.8365613319740506
corridor,RT_NY,wind,mpi_esm1_2_lr,SSP1-2.6,2021,1.9040095141011688
corridor,RT_NY,wind,mpi_esm1_2_lr,SSP1-2.6,2022,2.068467550118834
corridor,RT_NY,wind,mpi_esm1_2_lr,SSP1-2.6,2023,1.0071355759428708
corridor,RT_NY,wind,mpi_esm1_2_lr,SSP1-2.6,2024,2.527353041114404
corridor,RT_NY,wind,mpi_esm1_2_lr,SSP1-2.6,2025,1.3233095480801291
corridor,RT_NY,wind,mpi_esm1_2_lr,SSP1-2.6,2026,2.7490655793406846
corridor,RT_NY,wind,mpi_esm1_2_lr,SSP1-2.6,2027,1.612810057764115
corridor,RT_NY,wind,mpi_esm1_2_lr,SSP1-2.6,2028,1.3200815494392817
corridor,RT_NY,wind,mpi_esm1_2_lr,SSP1-2.6,2029,2.8387699626230463
corridor,RT_NY,wind,mpi_esm1_2_lr,SSP1-2.6,2030,2.343017329255754
corridor,RT_NY,wind,mpi_esm1_2_lr,SSP1-2.6,2031,2.268943255181686
corridor,RT_NY,wind,mpi_esm1_2_lr,SSP1-2.6,2032,1.8523615358476824
corridor,RT_NY,wind,mpi_esm1_2_lr,SSP1-2.6,2033,1.6841658171932612
corridor,RT_NY,wind,mpi_esm1_2_lr,SSP1-2.6,2034,2.0344886170573293
corridor,RT_NY,wind,mpi_esm1_2_lr,SSP1-2.6,2035,2.468399592252687
corridor,RT_NY,wind,mpi_esm1_2_lr,SSP1-2.6,2036,2.68841318382591
corridor,RT_NY,wind,mpi_esm1_2_lr,SSP1-2.6,2037,1.7443085287121178
corridor,RT_NY,wind,mpi_esm1_2_lr,SSP1-2.6,2038,3.1498470948010864
corridor,RT_NY,wind,mpi_esm1_2_lr,SSP1-2.6,2039,2.706761807679112
corridor,RT_NY,wind,mpi_esm1_2_lr,SSP1-2.6,2040,2.9541284403668286
corridor,RT_NY,wind,mpi_esm1_2_lr,SSP1-2.6,2041,3.523105674481652
corridor,RT_NY,wind,mpi_esm1_2_lr,SSP1-2.6,2042,2.4663608562690023
corridor,RT_NY,wind,mpi_esm1_2_lr,SSP1-2.6,2043,1.121984369690744
corridor,RT_NY,wind,mpi_esm1_2_lr,SSP1-2.6,2044,1.604485219164048
corridor,RT_NY,wind,mpi_esm1_2_lr,SSP1-2.6,2045,1.298844716275843
corridor,RT_NY,wind,mpi_esm1_2_lr,SSP1-2.6,2046,2.429663608562576
corridor,RT_NY,wind,mpi_esm1_2_lr,SSP1-2.6,2047,2.0564050288819926
corridor,RT_NY,wind,mpi_esm1_2_lr,SSP1-2.6,2048,1.860346585117142
corridor,RT_NY,wind,mpi_esm1_2_lr,SSP1-2.6,2049,1.3766564729866826
corridor,RT_NY,wind,mpi_esm1_2_lr,SSP1-2.6,2050,2.450390757730089
corridor,RT_NY,wind,mpi_esm1_2_lr,SSP1-2.6,2051,1.71083927964654
corridor,RT_NY,wind,mpi_esm1_2_lr,SSP1-2.6,2052,2.2827047230715896
corridor,RT_NY,wind,mpi_esm1_2_lr,SSP1-2.6,2053,1.5757730207270764
corridor,RT_NY,wind,mpi_esm1_2_lr,SSP1-2.6,2054,1.7417601087325063
corridor,RT_NY,wind,mpi_esm1_2_lr,SSP1-2.6,2055,1.5270132517838229
corridor,RT_NY,wind,mpi_esm1_2_lr,SSP1-2.6,2056,2.6107713217803736
corridor,RT_NY,wind,mpi_esm1_2_lr,SSP1-2.6,2057,2.8010533469247823
corridor,RT_NY,wind,mpi_esm1_2_lr,SSP1-2.6,2058,1.9077471967379327
corridor,RT_NY,wind,mpi_esm1_2_lr,SSP1-2.6,2059,1.9215086646278452
corridor,RT_NY,wind,mpi_esm1_2_lr,SSP1-2.6,2060,1.2089704383281803
corridor,RT_NY,wind,mpi_esm1_2_lr,SSP1-2.6,2061,3.4466530750932844
corridor,RT_NY,wind,mpi_esm1_2_lr,SSP1-2.6,2062,1.6775399252462733
corridor,RT_NY,wind,mpi_esm1_2_lr,SSP1-2.6,2063,2.219673802242512
corridor,RT_NY,wind,mpi_esm1_2_lr,SSP1-2.6,2064,1.5891946992863688
corridor,RT_NY,wind,mpi_esm1_2_lr,SSP1-2.6,2065,3.0096839959223853
corridor,RT_NY,wind,mpi_esm1_2_lr,SSP1-2.6,2066,1.347944274549724
corridor,RT_NY,wind,mpi_esm1_2_lr,SSP1-2.6,2067,1.576282704722996
corridor,RT_NY,wind,mpi_esm1_2_lr,SSP1-2.6,2068,1.7915392456676047
corridor,RT_NY,wind,mpi_esm1_2_lr,SSP1-2.6,2069,1.1510363574583238
corridor,RT_NY,wind,mpi_esm1_2_lr,SSP1-2.6,2070,1.7181447502547678
corridor,RT_NY,wind,mpi_esm1_2_lr,SSP1-2.6,2071,1.9860686374446987
corridor,RT_NY,wind,mpi_esm1_2_lr,SSP1-2.6,2072,1.3826027862724442
corridor,RT_NY,wind,mpi_esm1_2_lr,SSP1-2.6,2073,1.503397893306081
corridor,RT_NY,wind,mpi_esm1_2_lr,SSP1-2.6,2074,1.3668025823988603
corridor,RT_NY,wind,mpi_esm1_2_lr,SSP1-2.6,2075,1.7704723071694664
corridor,RT_NY,wind,mpi_esm1_2_lr,SSP1-2.6,2076,3.783214407067449
corridor,RT_NY,wind,mpi_esm1_2_lr,SSP1-2.6,2077,2.787801563030791
corridor,RT_NY,wind,mpi_esm1_2_lr,SSP1-2.6,2078,2.9311926605503222
corridor,RT_NY,wind,mpi_esm1_2_lr,SSP1-2.6,2079,1.909106354060396
corridor,RT_NY,wind,mpi_esm1_2_lr,SSP1-2.6,2080,1.7927285083247564
corridor,RT_NY,wind,mpi_esm1_2_lr,SSP1-2.6,2081,1.7601087325857196
corridor,RT_NY,wind,mpi_esm1_2_lr,SSP1-2.6,2082,2.276078831124601
corridor,RT_NY,wind,mpi_esm1_2_lr,SSP1-2.6,2083,2.014950730546963
corridor,RT_NY,wind,mpi_esm1_2_lr,SSP1-2.6,2084,3.468059802922029
corridor,RT_NY,wind,mpi_esm1_2_lr,SSP1-2.6,2085,1.47638464152219
corridor,RT_NY,wind,mpi_esm1_2_lr,SSP1-2.6,2086,1.306999660210613
corridor,RT_NY,wind,mpi_esm1_2_lr,SSP1-2.6,2087,1.989466530750845
corridor,RT_NY,wind,mpi_esm1_2_lr,SSP1-2.6,2088,2.065239551477993
corridor,RT_NY,wind,mpi_esm1_2_lr,SSP1-2.6,2089,2.9850492694527984
corridor,RT_NY,wind,mpi_esm1_2_lr,SSP1-2.6,2090,1.3175331294596762
corridor,RT_NY,wind,mpi_esm1_2_lr,SSP1-2.6,2091,1.6695548759768184
corridor,RT_NY,wind,mpi_esm1_2_lr,SSP1-2.6,2092,2.823139653414751
corridor,RT_NY,wind,mpi_esm1_2_lr,SSP1-2.6,2093,1.4481821270811448
corridor,RT_NY,wind,mpi_esm1_2_lr,SSP1-2.6,2094,2.4165817193339003
corridor,RT_NY,wind,mpi_esm1_2_lr,SSP1-2.6,2095,2.6004077471966216
corridor,RT_NY,wind,mpi_esm1_2_lr,SSP1-2.6,2096,3.952769283044343
corridor,RT_NY,wind,mpi_esm1_2_lr,SSP1-2.6,2097,1.5623513421677888
corridor,RT_NY,wind,mpi_esm1_2_lr,SSP1-2.6,2098,1.0548759768942788
corridor,RT_NY,wind,mpi_esm1_2_lr,SSP1-2.6,2099,1.9243968739380717
corridor,RT_NY,wind,mpi_esm1_2_lr,SSP1-2.6,2100,1.9408766564729047
corridor,RT_NY,wind,mpi_esm1_2_lr,SSP2-4.5,2015,1.4943934760447848
corridor,RT_NY,wind,mpi_esm1_2_lr,SSP2-4.5,2016,2.3093781855248743
corridor,RT_NY,wind,mpi_esm1_2_lr,SSP2-4.5,2017,1.8523615358476824
corridor,RT_NY,wind,mpi_esm1_2_lr,SSP2-4.5,2018,2.023955147808268
corridor,RT_NY,wind,mpi_esm1_2_lr,SSP2-4.5,2019,1.2862725110430968
corridor,RT_NY,wind,mpi_esm1_2_lr,SSP2-4.5,2020,1.6573224600746816
corridor,RT_NY,wind,mpi_esm1_2_lr,SSP2-4.5,2021,1.7473666326876542
corridor,RT_NY,wind,mpi_esm1_2_lr,SSP2-4.5,2022,3.302582398912533
corridor,RT_NY,wind,mpi_esm1_2_lr,SSP2-4.5,2023,2.102786272510948
corridor,RT_NY,wind,mpi_esm1_2_lr,SSP2-4.5,2024,2.7962962962961715
corridor,RT_NY,wind,mpi_esm1_2_lr,SSP2-4.5,2025,1.9176010873257687
corridor,RT_NY,wind,mpi_esm1_2_lr,SSP2-4.5,2026,2.077302072714818
corridor,RT_NY,wind,mpi_esm1_2_lr,SSP2-4.5,2027,1.916241930003307
corridor,RT_NY,wind,mpi_esm1_2_lr,SSP2-4.5,2028,1.6194359497111026
corridor,RT_NY,wind,mpi_esm1_2_lr,SSP2-4.5,2029,2.310567448182028
corridor,RT_NY,wind,mpi_esm1_2_lr,SSP2-4.5,2030,1.306999660210607
corridor,RT_NY,wind,mpi_esm1_2_lr,SSP2-4.5,2031,1.5615018688412468
corridor,RT_NY,wind,mpi_esm1_2_lr,SSP2-4.5,2032,1.6196058443764143
corridor,RT_NY,wind,mpi_esm1_2_lr,SSP2-4.5,2033,2.555215766224827
corridor,RT_NY,wind,mpi_esm1_2_lr,SSP2-4.5,2034,2.3066598708799457
corridor,RT_NY,wind,mpi_esm1_2_lr,SSP2-4.5,2035,2.8275569147127526
corridor,RT_NY,wind,mpi_esm1_2_lr,SSP2-4.5,2036,2.047400611620702
corridor,RT_NY,wind,mpi_esm1_2_lr,SSP2-4.5,2037,2.057254502208539
corridor,RT_NY,wind,mpi_esm1_2_lr,SSP2-4.5,2038,1.3878695208969758
corridor,RT_NY,wind,mpi_esm1_2_lr,SSP2-4.5,2039,2.7217125382261687
corridor,RT_NY,wind,mpi_esm1_2_lr,SSP2-4.5,2040,2.327896704043388
corridor,RT_NY,wind,mpi_esm1_2_lr,SSP2-4.5,2041,2.605674481821153
corridor,RT_NY,wind,mpi_esm1_2_lr,SSP2-4.5,2042,1.6151885830784196
corridor,RT_NY,wind,mpi_esm1_2_lr,SSP2-4.5,2043,2.1505266734623625
corridor,RT_NY,wind,mpi_esm1_2_lr,SSP2-4.5,2044,2.7460074753651464
corridor,RT_NY,wind,mpi_esm1_2_lr,SSP2-4.5,2045,3.155453618756229
corridor,RT_NY,wind,mpi_esm1_2_lr,SSP2-4.5,2046,2.0299014610940294
corridor,RT_NY,wind,mpi_esm1_2_lr,SSP2-4.5,2047,1.3518518518517924
corridor,RT_NY,wind,mpi_esm1_2_lr,SSP2-4.5,2048,2.065409446143297
corridor,RT_NY,wind,mpi_esm1_2_lr,SSP2-4.5,2049,2.234114848793645
corridor,RT_NY,wind,mpi_esm1_2_lr,SSP2-4.5,2050,2.352191641182355
corridor,RT_NY,wind,mpi_esm1_2_lr,SSP2-4.5,2051,2.460924226979168
corridor,RT_NY,wind,mpi_esm1_2_lr,SSP2-4.5,2052,1.2195039075772454
corridor,RT_NY,wind,mpi_esm1_2_lr,SSP2-4.5,2053,1.7045531770301747
corridor,RT_NY,wind,mpi_esm1_2_lr,SSP2-4.5,2054,2.239721372748789
corridor,RT_NY,wind,mpi_esm1_2_lr,SSP2-4.5,2055,1.8888888888888011
corridor,RT_NY,wind,mpi_esm1_2_lr,SSP2-4.5,2056,1.7550118926264895
corridor,RT_NY,wind,mpi_esm1_2_lr,SSP2-4.5,2057,1.1337071015969606
corridor,RT_NY,wind,mpi_esm1_2_lr,SSP2-4.5,2058,2.6557934080868777
corridor,RT_NY,wind,mpi_esm1_2_lr,SSP2-4.5,2059,3.089704383282228
corridor,RT_NY,wind,mpi_esm1_2_lr,SSP2-4.5,2060,1.1671763506625366
corridor,RT_NY,wind,mpi_esm1_2_lr,SSP2-4.5,2061,1.3640842677539302
corridor,RT_NY,wind,mpi_esm1_2_lr,SSP2-4.5,2062,1.3961943594970487
corridor,RT_NY,wind,mpi_esm1_2_lr,SSP2-4.5,2063,2.2570506286101617
corridor,RT_NY,wind,mpi_esm1_2_lr,SSP2-4.5,2064,1.4894665307508683
corridor,RT_NY,wind,mpi_esm1_2_lr,SSP2-4.5,2065,2.503227998640729
corridor,RT_NY,wind,mpi_esm1_2_lr,SSP2-4.5,2066,2.695718654434137
corridor,RT_NY,wind,mpi_esm1_2_lr,SSP2-4.5,2067,1.4249065579340152
corridor,RT_NY,wind,mpi_esm1_2_lr,SSP2-4.5,2068,2.430682976554428
corridor,RT_NY,wind,mpi_esm1_2_lr,SSP2-4.5,2069,2.6004077471966105
corridor,RT_NY,wind,mpi_esm1_2_lr,SSP2-4.5,2070,1.8992524634725585
corridor,RT_NY,wind,mpi_esm1_2_lr,SSP2-4.5,2071,1.5878355419639174
corridor,RT_NY,wind,mpi_esm1_2_lr,SSP2-4.5,2072,1.7470268433570375
corridor,RT_NY,wind,mpi_esm1_2_lr,SSP2-4.5,2073,2.956167176350526
corridor,RT_NY,wind,mpi_esm1_2_lr,SSP2-4.5,2074,2.260788311246924
corridor,RT_NY,wind,mpi_esm1_2_lr,SSP2-4.5,2075,2.4656812776077706
corridor,RT_NY,wind,mpi_esm1_2_lr,SSP2-4.5,2076,1.6131498470947256
corridor,RT_NY,wind,mpi_esm1_2_lr,SSP2-4.5,2077,2.083418280665893
corridor,RT_NY,wind,mpi_esm1_2_lr,SSP2-4.5,2078,3.036527353040978
corridor,RT_NY,wind,mpi_esm1_2_lr,SSP2-4.5,2079,2.338600067957758
corridor,RT_NY,wind,mpi_esm1_2_lr,SSP2-4.5,2080,3.146449201494942
corridor,RT_NY,wind,mpi_esm1_2_lr,SSP2-4.5,2081,1.756031260618334
corridor,RT_NY,wind,mpi_esm1_2_lr,SSP2-4.5,2082,1.5966700645599037
corridor,RT_NY,wind,mpi_esm1_2_lr,SSP2-4.5,2083,1.7864424057083852
corridor,RT_NY,wind,mpi_esm1_2_lr,SSP2-4.5,2084,1.6199456337070282
corridor,RT_NY,wind,mpi_esm1_2_lr,SSP2-4.5,2085,1.3177030241249823
corridor,RT_NY,wind,mpi_esm1_2_lr,SSP2-4.5,2086,1.9828406388038535
corridor,RT_NY,wind,mpi_esm1_2_lr,SSP2-4.5,2087,1.4979612640162387
corridor,RT_NY,wind,mpi_esm1_2_lr,SSP2-4.5,2088,2.599218484539472
corridor,RT_NY,wind,mpi_esm1_2_lr,SSP2-4.5,2089,2.207101597009754
corridor,RT_NY,wind,mpi_esm1_2_lr,SSP2-4.5,2090,2.5725450220862056
corridor,RT_NY,wind,mpi_esm1_2_lr,SSP2-4.5,2091,1.5905538566088306
corridor,RT_NY,wind,mpi_esm1_2_lr,SSP2-4.5,2092,1.517669045191916
corridor,RT_NY,wind,mpi_esm1_2_lr,SSP2-4.5,2093,1.2587495752632798
corridor,RT_NY,wind,mpi_esm1_2_lr,SSP2-4.5,2094,1.6185864763845657
corridor,RT_NY,wind,mpi_esm1_2_lr,SSP2-4.5,2095,0.9906557934080404
corridor,RT_NY,wind,mpi_esm1_2_lr,SSP2-4.5,2096,1.8571185864763016
corridor,RT_NY,wind,mpi_esm1_2_lr,SSP2-4.5,2097,1.95039075773012
corridor,RT_NY,wind,mpi_esm1_2_lr,SSP2-4.5,2098,1.2397213727488374
corridor,RT_NY,wind,mpi_esm1_2_lr,SSP2-4.5,2099,1.21899422358133
corridor,RT_NY,wind,mpi_esm1_2_lr,SSP2-4.5,2100,2.3285762827046232
corridor,RT_NY,wind,mpi_esm1_2_lr,SSP5-8.5,2015,2.3977234114847708
corridor,RT_NY,wind,mpi_esm1_2_lr,SSP5-8.5,2016,2.6471287801561862
corridor,RT_NY,wind,mpi_esm1_2_lr,SSP5-8.5,2017,1.206422018348574
corridor,RT_NY,wind,mpi_esm1_2_lr,SSP5-8.5,2018,1.5626911314983984
corridor,RT_NY,wind,mpi_esm1_2_lr,SSP5-8.5,2019,1.5759429153923823
corridor,RT_NY,wind,mpi_esm1_2_lr,SSP5-8.5,2020,2.139993204213285
corridor,RT_NY,wind,mpi_esm1_2_lr,SSP5-8.5,2021,3.31719334012896
corridor,RT_NY,wind,mpi_esm1_2_lr,SSP5-8.5,2022,2.6331974176009743
corridor,RT_NY,wind,mpi_esm1_2_lr,SSP5-8.5,2023,1.5531770302411871
corridor,RT_NY,wind,mpi_esm1_2_lr,SSP5-8.5,2024,1.7818552497450764
corridor,RT_NY,wind,mpi_esm1_2_lr,SSP5-8.5,2025,2.0416241930002506
corridor,RT_NY,wind,mpi_esm1_2_lr,SSP5-8.5,2026,1.9384981311585905
corridor,RT_NY,wind,mpi_esm1_2_lr,SSP5-8.5,2027,2.233265375467108
corridor,RT_NY,wind,mpi_esm1_2_lr,SSP5-8.5,2028,1.6867142371728765
corridor,RT_NY,wind,mpi_esm1_2_lr,SSP5-8.5,2029,1.4068977234114184
corridor,RT_NY,wind,mpi_esm1_2_lr,SSP5-8.5,2030,1.9065579340807808
corridor,RT_NY,wind,mpi_esm1_2_lr,SSP5-8.5,2031,1.878355419639737
corridor,RT_NY,wind,mpi_esm1_2_lr,SSP5-8.5,2032,1.078661230037327
corridor,RT_NY,wind,mpi_esm1_2_lr,SSP5-8.5,2033,2.415732246007372
corridor,RT_NY,wind,mpi_esm1_2_lr,SSP5-8.5,2034,2.61739721372737
corridor,RT_NY,wind,mpi_esm1_2_lr,SSP5-8.5,2035,1.8910975195378024
corridor,RT_NY,wind,mpi_esm1_2_lr,SSP5-8.5,2036,1.7286782195038335
corridor,RT_NY,wind,mpi_esm1_2_lr,SSP5-8.5,2037,2.533299354400151
corridor,RT_NY,wind,mpi_esm1_2_lr,SSP5-8.5,2038,1.2077811756710275
corridor,RT_NY,wind,mpi_esm1_2_lr,SSP5-8.5,2039,1.920489296635996
corridor,RT_NY,wind,mpi_esm1_2_lr,SSP5-8.5,2040,1.1663268773359956
corridor,RT_NY,wind,mpi_esm1_2_lr,SSP5-8.5,2041,1.7689432551817128
corridor,RT_NY,wind,mpi_esm1_2_lr,SSP5-8.5,2042,1.994053686714146
corridor,RT_NY,wind,mpi_esm1_2_lr,SSP5-8.5,2043,1.7884811416920678
corridor,RT_NY,wind,mpi_esm1_2_lr,SSP5-8.5,2044,3.353720693170086
corridor,RT_NY,wind,mpi_esm1_2_lr,SSP5-8.5,2045,2.0215766224939644
corridor,RT_NY,wind,mpi_esm1_2_lr,SSP5-8.5,2046,1.8630648997620636
corridor,RT_NY,wind,mpi_esm1_2_lr,SSP5-8.5,2047,1.5241250424735924
corridor,RT_NY,wind,mpi_esm1_2_lr,SSP5-8.5,2048,2.3785253143050347
corridor,RT_NY,wind,mpi_esm1_2_lr,SSP5-8.5,2049,2.052837240910553
corridor,RT_NY,wind,mpi_esm1_2_lr,SSP5-8.5,2050,1.97995242949362
corridor,RT_NY,wind,mpi_esm1_2_lr,SSP5-8.5,2051,1.864763846415138
corridor,RT_NY,wind,mpi_esm1_2_lr,SSP5-8.5,2052,2.418280665986982
corridor,RT_NY,wind,mpi_esm1_2_lr,SSP5-8.5,2053,1.555215766224869
corridor,RT_NY,wind,mpi_esm1_2_lr,SSP5-8.5,2054,1.8627251104314495
corridor,RT_NY,wind,mpi_esm1_2_lr,SSP5-8.5,2055,1.5620115528371674
corridor,RT_NY,wind,mpi_esm1_2_lr,SSP5-8.5,2056,2.190112130478997
corridor,RT_NY,wind,mpi_esm1_2_lr,SSP5-8.5,2057,2.0118926265714387
corridor,RT_NY,wind,mpi_esm1_2_lr,SSP5-8.5,2058,2.455657492354628
corridor,RT_NY,wind,mpi_esm1_2_lr,SSP5-8.5,2059,1.959395174991421
corridor,RT_NY,wind,mpi_esm1_2_lr,SSP5-8.5,2060,1.8722392116886664
corridor,RT_NY,wind,mpi_esm1_2_lr,SSP5-8.5,2061,1.7966360856268382
corridor,RT_NY,wind,mpi_esm1_2_lr,SSP5-8.5,2062,2.3992524634725463
corridor,RT_NY,wind,mpi_esm1_2_lr,SSP5-8.5,2063,1.9417261297994428
corridor,RT_NY,wind,mpi_esm1_2_lr,SSP5-8.5,2064,2.411314984709376
corridor,RT_NY,wind,mpi_esm1_2_lr,SSP5-8.5,2065,3.8678219503905815
corridor,RT_NY,wind,mpi_esm1_2_lr,SSP5-8.5,2066,2.40383961943584
corridor,RT_NY,wind,mpi_esm1_2_lr,SSP5-8.5,2067,2.186714237172863
corridor,RT_NY,wind,mpi_esm1_2_lr,SSP5-8.5,2068,1.880733944954052
corridor,RT_NY,wind,mpi_esm1_2_lr,SSP5-8.5,2069,2.2993544002717305
corridor,RT_NY,wind,mpi_esm1_2_lr,SSP5-8.5,2070,0.8865103635745474
corridor,RT_NY,wind,mpi_esm1_2_lr,SSP5-8.5,2071,1.9206591913013096
corridor,RT_NY,wind,mpi_esm1_2_lr,SSP5-8.5,2072,2.094461433910876
corridor,RT_NY,wind,mpi_esm1_2_lr,SSP5-8.5,2073,1.2687733605164215
corridor,RT_NY,wind,mpi_esm1_2_lr,SSP5-8.5,2074,2.039075773020636
corridor,RT_NY,wind,mpi_esm1_2_lr,SSP5-8.5,2075,2.016819571865354
corridor,RT_NY,wind,mpi_esm1_2_lr,SSP5-8.5,2076,2.391267414203084
corridor,RT_NY,wind,mpi_esm1_2_lr,SSP5-8.5,2077,2.161230037376737
corridor,RT_NY,wind,mpi_esm1_2_lr,SSP5-8.5,2078,1.5451919809717318
corridor,RT_NY,wind,mpi_esm1_2_lr,SSP5-8.5,2079,2.3397893306149133
corridor,RT_NY,wind,mpi_esm1_2_lr,SSP5-8.5,2080,1.5027183146448455
corridor,RT_NY,wind,mpi_esm1_2_lr,SSP5-8.5,2081,2.008154943934667
corridor,RT_NY,wind,mpi_esm1_2_lr,SSP5-8.5,2082,2.000169894665219
corridor,RT_NY,wind,mpi_esm1_2_lr,SSP5-8.5,2083,3.023785253142915
corridor,RT_NY,wind,mpi_esm1_2_lr,SSP5-8.5,2084,1.6967380224260216
corridor,RT_NY,wind,mpi_esm1_2_lr,SSP5-8.5,2085,1.8725790010192864
corridor,RT_NY,wind,mpi_esm1_2_lr,SSP5-8.5,2086,1.3992524634725811
corridor,RT_NY,wind,mpi_esm1_2_lr,SSP5-8.5,2087,2.931022765885007
corridor,RT_NY,wind,mpi_esm1_2_lr,SSP5-8.5,2088,1.1707441386339914
corridor,RT_NY,wind,mpi_esm1_2_lr,SSP5-8.5,2089,2.0383961943593967
corridor,RT_NY,wind,mpi_esm1_2_lr,SSP5-8.5,2090,1.5074753652734618
corridor,RT_NY,wind,mpi_esm1_2_lr,SSP5-8.5,2091,3.902990146109236
corridor,RT_NY,wind,mpi_esm1_2_lr,SSP5-8.5,2092,2.103126061841573
corridor,RT_NY,wind,mpi_esm1_2_lr,SSP5-8.5,2093,2.2252803261976557
corridor,RT_NY,wind,mpi_esm1_2_lr,SSP5-8.5,2094,2.6056744818211435
corridor,RT_NY,wind,mpi_esm1_2_lr,SSP5-8.5,2095,2.183995922527929
corridor,RT_NY,wind,mpi_esm1_2_lr,SSP5-8.5,2096,3.690112130478937
corridor,RT_NY,wind,mpi_esm1_2_lr,SSP5-8.5,2097,2.563030920828973
corridor,RT_NY,wind,mpi_esm1_2_lr,SSP5-8.5,2098,2.0494393476044026
corridor,RT_NY,wind,mpi_esm1_2_lr,SSP5-8.5,2099,1.876656472986664
corridor,RT_NY,wind,mpi_esm1_2_lr,SSP5-8.5,2100,2.225959904858886
corridor,RT_NY,wind,mri_esm2_0,SSP1-2.6,2015,1.6744818212707369
corridor,RT_NY,wind,mri_esm2_0,SSP1-2.6,2016,2.548250084947222
corridor,RT_NY,wind,mri_esm2_0,SSP1-2.6,2017,2.509344206591801
corridor,RT_NY,wind,mri_esm2_0,SSP1-2.6,2018,2.974176010873129
corridor,RT_NY,wind,mri_esm2_0,SSP1-2.6,2019,2.0355079850491817
corridor,RT_NY,wind,mri_esm2_0,SSP1-2.6,2020,1.901461094121559
corridor,RT_NY,wind,mri_esm2_0,SSP1-2.6,2021,2.5834182806658683
corridor,RT_NY,wind,mri_esm2_0,SSP1-2.6,2022,2.892456676860224
corridor,RT_NY,wind,mri_esm2_0,SSP1-2.6,2023,3.171593611960444
corridor,RT_NY,wind,mri_esm2_0,SSP1-2.6,2024,2.4678899082567805
corridor,RT_NY,wind,mri_esm2_0,SSP1-2.6,2025,3.139823309547946
corridor,RT_NY,wind,mri_esm2_0,SSP1-2.6,2026,2.060482500849384
corridor,RT_NY,wind,mri_esm2_0,SSP1-2.6,2027,2.963132857628134
corridor,RT_NY,wind,mri_esm2_0,SSP1-2.6,2028,1.7050628610260938
corridor,RT_NY,wind,mri_esm2_0,SSP1-2.6,2029,1.5146109412163749
corridor,RT_NY,wind,mri_esm2_0,SSP1-2.6,2030,2.0035677879713667
corridor,RT_NY,wind,mri_esm2_0,SSP1-2.6,2031,3.37172952769269
corridor,RT_NY,wind,mri_esm2_0,SSP1-2.6,2032,2.343696907916988
corridor,RT_NY,wind,mri_esm2_0,SSP1-2.6,2033,2.0380564050287933
corridor,RT_NY,wind,mri_esm2_0,SSP1-2.6,2034,1.517669045191918
corridor,RT_NY,wind,mri_esm2_0,SSP1-2.6,2035,2.494053686714124
corridor,RT_NY,wind,mri_esm2_0,SSP1-2.6,2036,2.025654094461351
corridor,RT_NY,wind,mri_esm2_0,SSP1-2.6,2037,1.413183826027797
corridor,RT_NY,wind,mri_esm2_0,SSP1-2.6,2038,1.7509344206591142
corridor,RT_NY,wind,mri_esm2_0,SSP1-2.6,2039,2.198267074413767
corridor,RT_NY,wind,mri_esm2_0,SSP1-2.6,2040,1.5249745158001375
corridor,RT_NY,wind,mri_esm2_0,SSP1-2.6,2041,2.234624532789573
corridor,RT_NY,wind,mri_esm2_0,SSP1-2.6,2042,1.7512742099897332
corridor,RT_NY,wind,mri_esm2_0,SSP1-2.6,2043,2.123853211009081
corridor,RT_NY,wind,mri_esm2_0,SSP1-2.6,2044,2.024634726469502
corridor,RT_NY,wind,mri_esm2_0,SSP1-2.6,2045,2.2081209650016
corridor,RT_NY,wind,mri_esm2_0,SSP1-2.6,2046,3.23020727149153
corridor,RT_NY,wind,mri_esm2_0,SSP1-2.6,2047,1.6173972137274175
corridor,RT_NY,wind,mri_esm2_0,SSP1-2.6,2048,2.330105334692392
corridor,RT_NY,wind,mri_esm2_0,SSP1-2.6,2049,2.361875637104885
corridor,RT_NY,wind,mri_esm2_0,SSP1-2.6,2050,2.4524294937137925
corridor,RT_NY,wind,mri_esm2_0,SSP1-2.6,2051,2.0485898742778583
corridor,RT_NY,wind,mri_esm2_0,SSP1-2.6,2052,2.3324838600066937
corridor,RT_NY,wind,mri_esm2_0,SSP1-2.6,2053,1.988447162759004
corridor,RT_NY,wind,mri_esm2_0,SSP1-2.6,2054,1.756031260618337
corridor,RT_NY,wind,mri_esm2_0,SSP1-2.6,2055,1.9480122324158229
corridor,RT_NY,wind,mri_esm2_0,SSP1-2.6,2056,1.4116547740400327
corridor,RT_NY,wind,mri_esm2_0,SSP1-2.6,2057,2.5091743119264898
corridor,RT_NY,wind,mri_esm2_0,SSP1-2.6,2058,2.4826707441385265
corridor,RT_NY,wind,mri_esm2_0,SSP1-2.6,2059,2.606523955147691
corridor,RT_NY,wind,mri_esm2_0,SSP1-2.6,2060,2.460924226979171
corridor,RT_NY,wind,mri_esm2_0,SSP1-2.6,2061,1.9425756031259744
corridor,RT_NY,wind,mri_esm2_0,SSP1-2.6,2062,2.017838939857201
corridor,RT_NY,wind,mri_esm2_0,SSP1-2.6,2063,2.1323479442744526
corridor,RT_NY,wind,mri_esm2_0,SSP1-2.6,2064,1.3605164797824758
corridor,RT_NY,wind,mri_esm2_0,SSP1-2.6,2065,1.028882093102237
corridor,RT_NY,wind,mri_esm2_0,SSP1-2.6,2066,1.285423037716556
corridor,RT_NY,wind,mri_esm2_0,SSP1-2.6,2067,1.4746856948691136
corridor,RT_NY,wind,mri_esm2_0,SSP1-2.6,2068,1.5152905198776168
corridor,RT_NY,wind,mri_esm2_0,SSP1-2.6,2069,1.6977573904178689
corridor,RT_NY,wind,mri_esm2_0,SSP1-2.6,2070,2.4106354060481427
corridor,RT_NY,wind,mri_esm2_0,SSP1-2.6,2071,3.200305810397418
corridor,RT_NY,wind,mri_esm2_0,SSP1-2.6,2072,1.849983010533392
corridor,RT_NY,wind,mri_esm2_0,SSP1-2.6,2073,1.2196738022425546
corridor,RT_NY,wind,mri_esm2_0,SSP1-2.6,2074,2.838430173292434
corridor,RT_NY,wind,mri_esm2_0,SSP1-2.6,2075,2.0932721712537345
corridor,RT_NY,wind,mri_esm2_0,SSP1-2.6,2076,1.8501529051986976
corridor,RT_NY,wind,mri_esm2_0,SSP1-2.6,2077,1.9194699286441577
corridor,RT_NY,wind,mri_esm2_0,SSP1-2.6,2078,1.8002038735982882
corridor,RT_NY,wind,mri_esm2_0,SSP1-2.6,2079,1.899762147468488
corridor,RT_NY,wind,mri_esm2_0,SSP1-2.6,2080,1.4458036017668427
corridor,RT_NY,wind,mri_esm2_0,SSP1-2.6,2081,3.2548419979611314
corridor,RT_NY,wind,mri_esm2_0,SSP1-2.6,2082,2.720863064899638
corridor,RT_NY,wind,mri_esm2_0,SSP1-2.6,2083,2.7152565409445018
corridor,RT_NY,wind,mri_esm2_0,SSP1-2.6,2084,1.450050968399526
corridor,RT_NY,wind,mri_esm2_0,SSP1-2.6,2085,2.973496432211901
corridor,RT_NY,wind,mri_esm2_0,SSP1-2.6,2086,2.27064220183476
corridor,RT_NY,wind,mri_esm2_0,SSP1-2.6,2087,2.21593611960574
corridor,RT_NY,wind,mri_esm2_0,SSP1-2.6,2088,2.49269452939166
corridor,RT_NY,wind,mri_esm2_0,SSP1-2.6,2089,1.5856269113149135
corridor,RT_NY,wind,mri_esm2_0,SSP1-2.6,2090,1.7579001019367266
corridor,RT_NY,wind,mri_esm2_0,SSP1-2.6,2091,1.77590893645931
corridor,RT_NY,wind,mri_esm2_0,SSP1-2.6,2092,1.7492354740060454
corridor,RT_NY,wind,mri_esm2_0,SSP1-2.6,2093,2.016649677200045
corridor,RT_NY,wind,mri_esm2_0,SSP1-2.6,2094,1.9945633707100727
corridor,RT_NY,wind,mri_esm2_0,SSP1-2.6,2095,3.0761128100576363
corridor,RT_NY,wind,mri_esm2_0,SSP1-2.6,2096,2.335881753312843
corridor,RT_NY,wind,mri_esm2_0,SSP1-2.6,2097,0.9930343187223492
corridor,RT_NY,wind,mri_esm2_0,SSP1-2.6,2098,1.4767244308528138
corridor,RT_NY,wind,mri_esm2_0,SSP1-2.6,2099,2.322460074753556
corridor,RT_NY,wind,mri_esm2_0,SSP1-2.6,2100,2.3465851172272174
corridor,RT_NY,wind,mri_esm2_0,SSP2-4.5,2015,1.7655453618755634
corridor,RT_NY,wind,mri_esm2_0,SSP2-4.5,2016,1.801223241590134
corridor,RT_NY,wind,mri_esm2_0,SSP2-4.5,2017,2.0261637784572626
corridor,RT_NY,wind,mri_esm2_0,SSP2-4.5,2018,3.14509004417247
corridor,RT_NY,wind,mri_esm2_0,SSP2-4.5,2019,1.7742099898062371
corridor,RT_NY,wind,mri_esm2_0,SSP2-4.5,2020,1.335711858647576
corridor,RT_NY,wind,mri_esm2_0,SSP2-4.5,2021,2.4519198097178645
corridor,RT_NY,wind,mri_esm2_0,SSP2-4.5,2022,2.2861026163777445
corridor,RT_NY,wind,mri_esm2_0,SSP2-4.5,2023,2.2094801223240665
corridor,RT_NY,wind,mri_esm2_0,SSP2-4.5,2024,2.664458036017551
corridor,RT_NY,wind,mri_esm2_0,SSP2-4.5,2025,3.217974855589396
corridor,RT_NY,wind,mri_esm2_0,SSP2-4.5,2026,2.808019028202384
corridor,RT_NY,wind,mri_esm2_0,SSP2-4.5,2027,1.93747876316675
corridor,RT_NY,wind,mri_esm2_0,SSP2-4.5,2028,2.120965001698851
corridor,RT_NY,wind,mri_esm2_0,SSP2-4.5,2029,1.760788311246945
corridor,RT_NY,wind,mri_esm2_0,SSP2-4.5,2030,2.5725450220861896
corridor,RT_NY,wind,mri_esm2_0,SSP2-4.5,2031,1.556574923547331
corridor,RT_NY,wind,mri_esm2_0,SSP2-4.5,2032,2.894155623513288
corridor,RT_NY,wind,mri_esm2_0,SSP2-4.5,2033,2.060992184845301
corridor,RT_NY,wind,mri_esm2_0,SSP2-4.5,2034,2.2310567448181144
corridor,RT_NY,wind,mri_esm2_0,SSP2-4.5,2035,1.2127081209649462
corridor,RT_NY,wind,mri_esm2_0,SSP2-4.5,2036,2.7432891607202263
corridor,RT_NY,wind,mri_esm2_0,SSP2-4.5,2037,2.1889228678218595
corridor,RT_NY,wind,mri_esm2_0,SSP2-4.5,2038,2.430513081889121
corridor,RT_NY,wind,mri_esm2_0,SSP2-4.5,2039,2.242949371389636
corridor,RT_NY,wind,mri_esm2_0,SSP2-4.5,2040,2.20081549439338
corridor,RT_NY,wind,mri_esm2_0,SSP2-4.5,2041,1.6824668705401888
corridor,RT_NY,wind,mri_esm2_0,SSP2-4.5,2042,2.1265715256539988
corridor,RT_NY,wind,mri_esm2_0,SSP2-4.5,2043,1.192320761128045
corridor,RT_NY,wind,mri_esm2_0,SSP2-4.5,2044,2.722392116887412
corridor,RT_NY,wind,mri_esm2_0,SSP2-4.5,2045,1.4933741080529392
corridor,RT_NY,wind,mri_esm2_0,SSP2-4.5,2046,1.647298674821532
corridor,RT_NY,wind,mri_esm2_0,SSP2-4.5,2047,4.295956506965493
corridor,RT_NY,wind,mri_esm2_0,SSP2-4.5,2048,3.4150526673460937
corridor,RT_NY,wind,mri_esm2_0,SSP2-4.5,2049,2.593781855249628
corridor,RT_NY,wind,mri_esm2_0,SSP2-4.5,2050,2.139993204213291
corridor,RT_NY,wind,mri_esm2_0,SSP2-4.5,2051,2.498301053346814
corridor,RT_NY,wind,mri_esm2_0,SSP2-4.5,2052,1.9084267753991735
corridor,RT_NY,wind,mri_esm2_0,SSP2-4.5,2053,2.4063880394154653
corridor,RT_NY,wind,mri_esm2_0,SSP2-4.5,2054,2.873598369011092
corridor,RT_NY,wind,mri_esm2_0,SSP2-4.5,2055,1.6644580360175985
corridor,RT_NY,wind,mri_esm2_0,SSP2-4.5,2056,2.735134216785476
corridor,RT_NY,wind,mri_esm2_0,SSP2-4.5,2057,2.38600067957856
corridor,RT_NY,wind,mri_esm2_0,SSP2-4.5,2058,2.421508664627825
corridor,RT_NY,wind,mri_esm2_0,SSP2-4.5,2059,1.781685355079773
corridor,RT_NY,wind,mri_esm2_0,SSP2-4.5,2060,3.2388718994222234
corridor,RT_NY,wind,mri_esm2_0,SSP2-4.5,2061,1.495582738701939
corridor,RT_NY,wind,mri_esm2_0,SSP2-4.5,2062,1.808188922867744
corridor,RT_NY,wind,mri_esm2_0,SSP2-4.5,2063,2.165647298674727
corridor,RT_NY,wind,mri_esm2_0,SSP2-4.5,2064,2.7205232755690347
corridor,RT_NY,wind,mri_esm2_0,SSP2-4.5,2065,2.42354740061151
corridor,RT_NY,wind,mri_esm2_0,SSP2-4.5,2066,1.4340808698606249
corridor,RT_NY,wind,mri_esm2_0,SSP2-4.5,2067,3.42711518858294
corridor,RT_NY,wind,mri_esm2_0,SSP2-4.5,2068,2.123343527013154
corridor,RT_NY,wind,mri_esm2_0,SSP2-4.5,2069,2.34845395854561
corridor,RT_NY,wind,mri_esm2_0,SSP2-4.5,2070,1.7249405368670614
corridor,RT_NY,wind,mri_esm2_0,SSP2-4.5,2071,1.8589874277946832
corridor,RT_NY,wind,mri_esm2_0,SSP2-4.5,2072,1.9726469588854076
corridor,RT_NY,wind,mri_esm2_0,SSP2-4.5,2073,2.4439347604484203
corridor,RT_NY,wind,mri_esm2_0,SSP2-4.5,2074,2.0178389398571968
corridor,RT_NY,wind,mri_esm2_0,SSP2-4.5,2075,2.5812096500168904
corridor,RT_NY,wind,mri_esm2_0,SSP2-4.5,2076,2.296805980292121
corridor,RT_NY,wind,mri_esm2_0,SSP2-4.5,2077,3.108392796466056
corridor,RT_NY,wind,mri_esm2_0,SSP2-4.5,2078,2.0507985049268584
corridor,RT_NY,wind,mri_esm2_0,SSP2-4.5,2079,1.5380564050288146
corridor,RT_NY,wind,mri_esm2_0,SSP2-4.5,2080,2.668365613319636
corridor,RT_NY,wind,mri_esm2_0,SSP2-4.5,2081,1.4371389738361604
corridor,RT_NY,wind,mri_esm2_0,SSP2-4.5,2082,3.43832823649322
corridor,RT_NY,wind,mri_esm2_0,SSP2-4.5,2083,2.872579001019244
corridor,RT_NY,wind,mri_esm2_0,SSP2-4.5,2084,2.1396534148826865
corridor,RT_NY,wind,mri_esm2_0,SSP2-4.5,2085,1.8826027862724293
corridor,RT_NY,wind,mri_esm2_0,SSP2-4.5,2086,2.2689432551816853
corridor,RT_NY,wind,mri_esm2_0,SSP2-4.5,2087,2.298504926945196
corridor,RT_NY,wind,mri_esm2_0,SSP2-4.5,2088,2.348453958545593
corridor,RT_NY,wind,mri_esm2_0,SSP2-4.5,2089,2.3190621814473964
corridor,RT_NY,wind,mri_esm2_0,SSP2-4.5,2090,1.9245667686033816
corridor,RT_NY,wind,mri_esm2_0,SSP2-4.5,2091,2.044342507645175
corridor,RT_NY,wind,mri_esm2_0,SSP2-4.5,2092,2.277777777777682
corridor,RT_NY,wind,mri_esm2_0,SSP2-4.5,2093,1.7911994563369975
corridor,RT_NY,wind,mri_esm2_0,SSP2-4.5,2094,2.266904519198005
corridor,RT_NY,wind,mri_esm2_0,SSP2-4.5,2095,2.1715936119604917
corridor,RT_NY,wind,mri_esm2_0,SSP2-4.5,2096,2.4721372748894543
corridor,RT_NY,wind,mri_esm2_0,SSP2-4.5,2097,1.6055045871558922
corridor,RT_NY,wind,mri_esm2_0,SSP2-4.5,2098,2.462453278966932
corridor,RT_NY,wind,mri_esm2_0,SSP2-4.5,2099,1.7385321100916609
corridor,RT_NY,wind,mri_esm2_0,SSP2-4.5,2100,1.5399252463471935
corridor,RT_NY,wind,mri_esm2_0,SSP5-8.5,2015,2.648318042813342
corridor,RT_NY,wind,mri_esm2_0,SSP5-8.5,2016,1.6651376146788244
corridor,RT_NY,wind,mri_esm2_0,SSP5-8.5,2017,2.8272171253821345
corridor,RT_NY,wind,mri_esm2_0,SSP5-8.5,2018,3.025993883791916
corridor,RT_NY,wind,mri_esm2_0,SSP5-8.5,2019,2.04145429833494
corridor,RT_NY,wind,mri_esm2_0,SSP5-8.5,2020,2.17380224260949
corridor,RT_NY,wind,mri_esm2_0,SSP5-8.5,2021,3.1946992864422707
corridor,RT_NY,wind,mri_esm2_0,SSP5-8.5,2022,3.914033299354215
corridor,RT_NY,wind,mri_esm2_0,SSP5-8.5,2023,1.9808019028201629
corridor,RT_NY,wind,mri_esm2_0,SSP5-8.5,2024,3.3030920829084485
corridor,RT_NY,wind,mri_esm2_0,SSP5-8.5,2025,3.0856269113148453
corridor,RT_NY,wind,mri_esm2_0,SSP5-8.5,2026,2.4378185524973386
corridor,RT_NY,wind,mri_esm2_0,SSP5-8.5,2027,1.9570166496771093
corridor,RT_NY,wind,mri_esm2_0,SSP5-8.5,2028,3.264356099218336
corridor,RT_NY,wind,mri_esm2_0,SSP5-8.5,2029,3.0669384981310217
corridor,RT_NY,wind,mri_esm2_0,SSP5-8.5,2030,2.2500849473325517
corridor,RT_NY,wind,mri_esm2_0,SSP5-8.5,2031,2.3397893306149165
corridor,RT_NY,wind,mri_esm2_0,SSP5-8.5,2032,2.018518518518428
corridor,RT_NY,wind,mri_esm2_0,SSP5-8.5,2033,1.2579001019367406
corridor,RT_NY,wind,mri_esm2_0,SSP5-8.5,2034,2.874787631668239
corridor,RT_NY,wind,mri_esm2_0,SSP5-8.5,2035,2.792558613659411
corridor,RT_NY,wind,mri_esm2_0,SSP5-8.5,2036,1.72731906218137
corridor,RT_NY,wind,mri_esm2_0,SSP5-8.5,2037,1.893306150186804
corridor,RT_NY,wind,mri_esm2_0,SSP5-8.5,2038,1.655113829425681
corridor,RT_NY,wind,mri_esm2_0,SSP5-8.5,2039,1.910635406048172
corridor,RT_NY,wind,mri_esm2_0,SSP5-8.5,2040,2.4882772680936767
corridor,RT_NY,wind,mri_esm2_0,SSP5-8.5,2041,2.461943594971007
corridor,RT_NY,wind,mri_esm2_0,SSP5-8.5,2042,2.589704383282256
corridor,RT_NY,wind,mri_esm2_0,SSP5-8.5,2043,2.2524634726468555
corridor,RT_NY,wind,mri_esm2_0,SSP5-8.5,2044,1.89738362215418
corridor,RT_NY,wind,mri_esm2_0,SSP5-8.5,2045,2.1858647638463164
corridor,RT_NY,wind,mri_esm2_0,SSP5-8.5,2046,2.020217465171505
corridor,RT_NY,wind,mri_esm2_0,SSP5-8.5,2047,1.6790689772340417
corridor,RT_NY,wind,mri_esm2_0,SSP5-8.5,2048,1.874447842337669
corridor,RT_NY,wind,mri_esm2_0,SSP5-8.5,2049,2.591403329935326
corridor,RT_NY,wind,mri_esm2_0,SSP5-8.5,2050,1.852191641182387
corridor,RT_NY,wind,mri_esm2_0,SSP5-8.5,2051,1.822969758749492
corridor,RT_NY,wind,mri_esm2_0,SSP5-8.5,2052,1.530750934420591
corridor,RT_NY,wind,mri_esm2_0,SSP5-8.5,2053,2.2793068297654413
corridor,RT_NY,wind,mri_esm2_0,SSP5-8.5,2054,3.010703363914245
corridor,RT_NY,wind,mri_esm2_0,SSP5-8.5,2055,2.3200815494392444
corridor,RT_NY,wind,mri_esm2_0,SSP5-8.5,2056,2.5953109072373968
corridor,RT_NY,wind,mri_esm2_0,SSP5-8.5,2057,1.7925586136594531
corridor,RT_NY,wind,mri_esm2_0,SSP5-8.5,2058,2.433061501868729
corridor,RT_NY,wind,mri_esm2_0,SSP5-8.5,2059,2.0895344886169647
corridor,RT_NY,wind,mri_esm2_0,SSP5-8.5,2060,1.588175331294519
corridor,RT_NY,wind,mri_esm2_0,SSP5-8.5,2061,3.1279306829764213
corridor,RT_NY,wind,mri_esm2_0,SSP5-8.5,2062,1.7456676860345834
corridor,RT_NY,wind,mri_esm2_0,SSP5-8.5,2063,2.0611620795106225
corridor,RT_NY,wind,mri_esm2_0,SSP5-8.5,2064,2.2366632687732624
corridor,RT_NY,wind,mri_esm2_0,SSP5-8.5,2065,2.3912674142030896
corridor,RT_NY,wind,mri_esm2_0,SSP5-8.5,2066,2.1591913013930446
corridor,RT_NY,wind,mri_esm2_0,SSP5-8.5,2067,2.0919130139312703
corridor,RT_NY,wind,mri_esm2_0,SSP5-8.5,2068,2.2404009514100336
corridor,RT_NY,wind,mri_esm2_0,SSP5-8.5,2069,2.422528032619664
corridor,RT_NY,wind,mri_esm2_0,SSP5-8.5,2070,2.143221202854144
corridor,RT_NY,wind,mri_esm2_0,SSP5-8.5,2071,2.945973496432076
corridor,RT_NY,wind,mri_esm2_0,SSP5-8.5,2072,1.95158002038728
corridor,RT_NY,wind,mri_esm2_0,SSP5-8.5,2073,2.5832483860005704
corridor,RT_NY,wind,mri_esm2_0,SSP5-8.5,2074,2.7470268433569984
corridor,RT_NY,wind,mri_esm2_0,SSP5-8.5,2075,1.0370370370369892
corridor,RT_NY,wind,mri_esm2_0,SSP5-8.5,2076,1.8246687054025716
corridor,RT_NY,wind,mri_esm2_0,SSP5-8.5,2077,1.5694869181107045
corridor,RT_NY,wind,mri_esm2_0,SSP5-8.5,2078,2.8956846755010623
corridor,RT_NY,wind,mri_esm2_0,SSP5-8.5,2079,2.8195718654433053
corridor,RT_NY,wind,mri_esm2_0,SSP5-8.5,2080,1.840468909276176
corridor,RT_NY,wind,mri_esm2_0,SSP5-8.5,2081,1.5368671423716596
corridor,RT_NY,wind,mri_esm2_0,SSP5-8.5,2082,1.8292558613658736
corridor,RT_NY,wind,mri_esm2_0,SSP5-8.5,2083,1.9633027522934907
corridor,RT_NY,wind,mri_esm2_0,SSP5-8.5,2084,1.5288820931022098
corridor,RT_NY,wind,mri_esm2_0,SSP5-8.5,2085,1.720863064899684
corridor,RT_NY,wind,mri_esm2_0,SSP5-8.5,2086,1.5220863064899053
corridor,RT_NY,wind,mri_esm2_0,SSP5-8.5,2087,2.505776418620349
corridor,RT_NY,wind,mri_esm2_0,SSP5-8.5,2088,2.6466190961602565
corridor,RT_NY,wind,mri_esm2_0,SSP5-8.5,2089,1.1977573904178849
corridor,RT_NY,wind,mri_esm2_0,SSP5-8.5,2090,1.7444784233774306
corridor,RT_NY,wind,mri_esm2_0,SSP5-8.5,2091,1.451919809717911
corridor,RT_NY,wind,mri_esm2_0,SSP5-8.5,2092,1.408086986068577
corridor,RT_NY,wind,mri_esm2_0,SSP5-8.5,2093,2.733095480801776
corridor,RT_NY,wind,mri_esm2_0,SSP5-8.5,2094,1.0467210329595211
corridor,RT_NY,wind,mri_esm2_0,SSP5-8.5,2095,2.099898063200726
corridor,RT_NY,wind,mri_esm2_0,SSP5-8.5,2096,1.8042813455656697
corridor,RT_NY,wind,mri_esm2_0,SSP5-8.5,2097,1.0434930343186777
corridor,RT_NY,wind,mri_esm2_0,SSP5-8.5,2098,2.5767923887188817
corridor,RT_NY,wind,mri_esm2_0,SSP5-8.5,2099,1.2670744138633503
corridor,RT_NY,wind,mri_esm2_0,SSP5-8.5,2100,2.393306150186794
corridor,SG_RT,wave,masnum,SSP1-2.6,2026,0.901753153
corridor,SG_RT,wave,masnum,SSP1-2.6,2027,0.318260899
corridor,SG_RT,wave,masnum,SSP1-2.6,2028,0.798220081
corridor,SG_RT,wave,masnum,SSP1-2.6,2029,0.770015725
corridor,SG_RT,wave,masnum,SSP1-2.6,2030,0.296329753
corridor,SG_RT,wave,masnum,SSP1-2.6,2031,0.456823581
corridor,SG_RT,wave,masnum,SSP1-2.6,2032,0.844942956
corridor,SG_RT,wave,masnum,SSP1-2.6,2033,0.771069624
corridor,SG_RT,wave,masnum,SSP1-2.6,2034,0.660477099
corridor,SG_RT,wave,masnum,SSP1-2.6,2035,0.628592459
corridor,SG_RT,wave,masnum,SSP1-2.6,2036,0.298454281
corridor,SG_RT,wave,masnum,SSP1-2.6,2037,0.640720666
corridor,SG_RT,wave,masnum,SSP1-2.6,2038,0.61030814
corridor,SG_RT,wave,masnum,SSP1-2.6,2039,0.550085316
corridor,SG_RT,wave,masnum,SSP1-2.6,2040,0.444226973
corridor,SG_RT,wave,masnum,SSP1-2.6,2041,0.535012881
corridor,SG_RT,wave,masnum,SSP1-2.6,2042,0.110943825
corridor,SG_RT,wave,masnum,SSP1-2.6,2043,0.745274181
corridor,SG_RT,wave,masnum,SSP1-2.6,2044,0.027384657
corridor,SG_RT,wave,masnum,SSP1-2.6,2045,0.642744823
corridor,SG_RT,wave,masnum,SSP1-2.6,2046,0.356251464
corridor,SG_RT,wave,masnum,SSP1-2.6,2047,0.326474623
corridor,SG_RT,wave,masnum,SSP1-2.6,2048,0.873431697
corridor,SG_RT,wave,masnum,SSP1-2.6,2049,0.65278196
corridor,SG_RT,wave,masnum,SSP1-2.6,2050,0.129713272
corridor,SG_RT,wave,masnum,SSP1-2.6,2051,0.816922614
corridor,SG_RT,wave,masnum,SSP1-2.6,2052,0.460888621
corridor,SG_RT,wave,masnum,SSP1-2.6,2053,0.159674128
corridor,SG_RT,wave,masnum,SSP1-2.6,2054,0.871173341
corridor,SG_RT,wave,masnum,SSP1-2.6,2055,0.514067048
corridor,SG_RT,wave,masnum,SSP1-2.6,2056,0.856669678
corridor,SG_RT,wave,masnum,SSP1-2.6,2057,0.636471612
corridor,SG_RT,wave,masnum,SSP1-2.6,2058,0.15510723
corridor,SG_RT,wave,masnum,SSP1-2.6,2059,0.40713975
corridor,SG_RT,wave,masnum,SSP1-2.6,2060,0.202750176
corridor,SG_RT,wave,masnum,SSP1-2.6,2061,0.199454649
corridor,SG_RT,wave,masnum,SSP1-2.6,2062,0.403292181
corridor,SG_RT,wave,masnum,SSP1-2.6,2063,0.432634079
corridor,SG_RT,wave,masnum,SSP1-2.6,2064,0.809411489
corridor,SG_RT,wave,masnum,SSP1-2.6,2065,0.553063
corridor,SG_RT,wave,masnum,SSP1-2.6,2066,0.687945398
corridor,SG_RT,wave,masnum,SSP1-2.6,2067,0.388303389
corridor,SG_RT,wave,masnum,SSP1-2.6,2068,0.532035197
corridor,SG_RT,wave,masnum,SSP1-2.6,2069,0.262822443
corridor,SG_RT,wave,masnum,SSP1-2.6,2070,0.209725986
corridor,SG_RT,wave,masnum,SSP1-2.6,2071,0.202917461
corridor,SG_RT,wave,masnum,SSP1-2.6,2072,0.161480812
corridor,SG_RT,wave,masnum,SSP1-2.6,2073,0.418649001
corridor,SG_RT,wave,masnum,SSP1-2.6,2074,0.587473653
corridor,SG_RT,wave,masnum,SSP1-2.6,2075,0.610391783
corridor,SG_RT,wave,masnum,SSP1-2.6,2076,0.394710429
corridor,SG_RT,wave,masnum,SSP1-2.6,2077,0.546371575
corridor,SG_RT,wave,masnum,SSP1-2.6,2078,0.342082371
corridor,SG_RT,wave,masnum,SSP1-2.6,2079,0.174361805
corridor,SG_RT,wave,masnum,SSP1-2.6,2080,0.48661715
corridor,SG_RT,wave,masnum,SSP1-2.6,2081,0.563970022
corridor,SG_RT,wave,masnum,SSP1-2.6,2082,0.382080364
corridor,SG_RT,wave,masnum,SSP1-2.6,2083,0.415136003
corridor,SG_RT,wave,masnum,SSP1-2.6,2084,0.230051189
corridor,SG_RT,wave,masnum,SSP1-2.6,2085,0.495767674
corridor,SG_RT,wave,masnum,SSP1-2.6,2086,0.479708254
corridor,SG_RT,wave,masnum,SSP1-2.6,2087,0.22655492
corridor,SG_RT,wave,masnum,SSP1-2.6,2088,0.471712001
corridor,SG_RT,wave,masnum,SSP1-2.6,2089,0.738214728
corridor,SG_RT,wave,masnum,SSP1-2.6,2090,0.225467563
corridor,SG_RT,wave,masnum,SSP1-2.6,2091,0.639666767
corridor,SG_RT,wave,masnum,SSP1-2.6,2092,0.446100572
corridor,SG_RT,wave,masnum,SSP1-2.6,2093,0.140486467
corridor,SG_RT,wave,masnum,SSP1-2.6,2094,0.938238148
corridor,SG_RT,wave,masnum,SSP1-2.6,2095,1.152748503
corridor,SG_RT,wave,masnum,SSP1-2.6,2096,0.56760012
corridor,SG_RT,wave,masnum,SSP1-2.6,2097,0.214527084
corridor,SG_RT,wave,masnum,SSP1-2.6,2098,0.352420623
corridor,SG_RT,wave,masnum,SSP1-2.6,2099,1.164274482
corridor,SG_RT,wave,masnum,SSP1-2.6,2100,0.325638195
corridor,SG_RT,wave,masnum,SSP2-4.5,2026,0.825537823
corridor,SG_RT,wave,masnum,SSP2-4.5,2027,0.234551173
corridor,SG_RT,wave,masnum,SSP2-4.5,2028,0.768995283
corridor,SG_RT,wave,masnum,SSP2-4.5,2029,0.359647362
corridor,SG_RT,wave,masnum,SSP2-4.5,2030,0.820184683
corridor,SG_RT,wave,masnum,SSP2-4.5,2031,0.778229449
corridor,SG_RT,wave,masnum,SSP2-4.5,2032,0.751848506
corridor,SG_RT,wave,masnum,SSP2-4.5,2033,0.366104587
corridor,SG_RT,wave,masnum,SSP2-4.5,2034,0.303556492
corridor,SG_RT,wave,masnum,SSP2-4.5,2035,0.477466627
corridor,SG_RT,wave,masnum,SSP2-4.5,2036,0.211131185
corridor,SG_RT,wave,masnum,SSP2-4.5,2037,0.48661715
corridor,SG_RT,wave,masnum,SSP2-4.5,2038,0.714610726
corridor,SG_RT,wave,masnum,SSP2-4.5,2039,0.456572652
corridor,SG_RT,wave,masnum,SSP2-4.5,2040,0.568352906
corridor,SG_RT,wave,masnum,SSP2-4.5,2041,0.52141256
corridor,SG_RT,wave,masnum,SSP2-4.5,2042,0.357071163
corridor,SG_RT,wave,masnum,SSP2-4.5,2043,0.067800863
corridor,SG_RT,wave,masnum,SSP2-4.5,2044,0.683913814
corridor,SG_RT,wave,masnum,SSP2-4.5,2045,0.732041888
corridor,SG_RT,wave,masnum,SSP2-4.5,2046,0.370219813
corridor,SG_RT,wave,masnum,SSP2-4.5,2047,0.663688983
corridor,SG_RT,wave,masnum,SSP2-4.5,2048,0.552561143
corridor,SG_RT,wave,masnum,SSP2-4.5,2049,0.277476664
corridor,SG_RT,wave,masnum,SSP2-4.5,2050,0.750677507
corridor,SG_RT,wave,masnum,SSP2-4.5,2051,0.569975576
corridor,SG_RT,wave,masnum,SSP2-4.5,2052,0.949831042
corridor,SG_RT,wave,masnum,SSP2-4.5,2053,0.749740707
corridor,SG_RT,wave,masnum,SSP2-4.5,2054,0.300930108
corridor,SG_RT,wave,masnum,SSP2-4.5,2055,0.400849811
corridor,SG_RT,wave,masnum,SSP2-4.5,2056,0.887316404
corridor,SG_RT,wave,masnum,SSP2-4.5,2057,0.802552779
corridor,SG_RT,wave,masnum,SSP2-4.5,2058,0.421643414
corridor,SG_RT,wave,masnum,SSP2-4.5,2059,0.659205728
corridor,SG_RT,wave,masnum,SSP2-4.5,2060,0.494094817
corridor,SG_RT,wave,masnum,SSP2-4.5,2061,0.343286828
corridor,SG_RT,wave,masnum,SSP2-4.5,2062,0.188129412
corridor,SG_RT,wave,masnum,SSP2-4.5,2063,0.340442972
corridor,SG_RT,wave,masnum,SSP2-4.5,2064,0.263006457
corridor,SG_RT,wave,masnum,SSP2-4.5,2065,0.850212453
corridor,SG_RT,wave,masnum,SSP2-4.5,2066,0.756917261
corridor,SG_RT,wave,masnum,SSP2-4.5,2067,0.467964803
corridor,SG_RT,wave,masnum,SSP2-4.5,2068,0.21328917
corridor,SG_RT,wave,masnum,SSP2-4.5,2069,0.187677741
corridor,SG_RT,wave,masnum,SSP2-4.5,2070,0.324099167
corridor,SG_RT,wave,masnum,SSP2-4.5,2071,0.613754224
corridor,SG_RT,wave,masnum,SSP2-4.5,2072,0.507009268
corridor,SG_RT,wave,masnum,SSP2-4.5,2073,0.463481548
corridor,SG_RT,wave,masnum,SSP2-4.5,2074,0.231422932
corridor,SG_RT,wave,masnum,SSP2-4.5,2075,0.226370906
corridor,SG_RT,wave,masnum,SSP2-4.5,2076,0.679581117
corridor,SG_RT,wave,masnum,SSP2-4.5,2077,0.290892971
corridor,SG_RT,wave,masnum,SSP2-4.5,2078,0.562548095
corridor,SG_RT,wave,masnum,SSP2-4.5,2079,0.076382616
corridor,SG_RT,wave,masnum,SSP2-4.5,2080,1.348522868
corridor,SG_RT,wave,masnum,SSP2-4.5,2081,0.514336378
corridor,SG_RT,wave,masnum,SSP2-4.5,2082,0.301883636
corridor,SG_RT,wave,masnum,SSP2-4.5,2083,0.273729466
corridor,SG_RT,wave,masnum,SSP2-4.5,2084,0.589330523
corridor,SG_RT,wave,masnum,SSP2-4.5,2085,0.606410385
corridor,SG_RT,wave,masnum,SSP2-4.5,2086,0.318377999
corridor,SG_RT,wave,masnum,SSP2-4.5,2087,0.242329954
corridor,SG_RT,wave,masnum,SSP2-4.5,2088,0.496687745
corridor,SG_RT,wave,masnum,SSP2-4.5,2089,0.30253605
corridor,SG_RT,wave,masnum,SSP2-4.5,2090,0.530780555
corridor,SG_RT,wave,masnum,SSP2-4.5,2091,0.178042089
corridor,SG_RT,wave,masnum,SSP2-4.5,2092,0.303171735
corridor,SG_RT,wave,masnum,SSP2-4.5,2093,0.466057747
corridor,SG_RT,wave,masnum,SSP2-4.5,2094,0.376626853
corridor,SG_RT,wave,masnum,SSP2-4.5,2095,0.471126501
corridor,SG_RT,wave,masnum,SSP2-4.5,2096,0.903860952
corridor,SG_RT,wave,masnum,SSP2-4.5,2097,0.134229984
corridor,SG_RT,wave,masnum,SSP2-4.5,2098,0.253069691
corridor,SG_RT,wave,masnum,SSP2-4.5,2099,0.696426779
corridor,SG_RT,wave,masnum,SSP2-4.5,2100,0.175047676
corridor,SG_RT,wave,masnum,SSP5-8.5,2026,0.812121516
corridor,SG_RT,wave,masnum,SSP5-8.5,2027,0.362139918
corridor,SG_RT,wave,masnum,SSP5-8.5,2028,0.347268226
corridor,SG_RT,wave,masnum,SSP5-8.5,2029,0.509853123
corridor,SG_RT,wave,masnum,SSP5-8.5,2030,0.512278765
corridor,SG_RT,wave,masnum,SSP5-8.5,2031,0.344675299
corridor,SG_RT,wave,masnum,SSP5-8.5,2032,0.785138345
corridor,SG_RT,wave,masnum,SSP5-8.5,2033,0.274482251
corridor,SG_RT,wave,masnum,SSP5-8.5,2034,0.553581585
corridor,SG_RT,wave,masnum,SSP5-8.5,2035,0.340593529
corridor,SG_RT,wave,masnum,SSP5-8.5,2036,0.710311486
corridor,SG_RT,wave,masnum,SSP5-8.5,2037,0.212268728
corridor,SG_RT,wave,masnum,SSP5-8.5,2038,0.515457192
corridor,SG_RT,wave,masnum,SSP5-8.5,2039,0.17442872
corridor,SG_RT,wave,masnum,SSP5-8.5,2040,0.185988156
corridor,SG_RT,wave,masnum,SSP5-8.5,2041,0.27076851
corridor,SG_RT,wave,masnum,SSP5-8.5,2042,0.453795711
corridor,SG_RT,wave,masnum,SSP5-8.5,2043,0.245960052
corridor,SG_RT,wave,masnum,SSP5-8.5,2044,0.573471846
corridor,SG_RT,wave,masnum,SSP5-8.5,2045,0.257720232
corridor,SG_RT,wave,masnum,SSP5-8.5,2046,0.579209743
corridor,SG_RT,wave,masnum,SSP5-8.5,2047,0.455117267
corridor,SG_RT,wave,masnum,SSP5-8.5,2048,0.200006691
corridor,SG_RT,wave,masnum,SSP5-8.5,2049,0.07435846
corridor,SG_RT,wave,masnum,SSP5-8.5,2050,0.195640537
corridor,SG_RT,wave,masnum,SSP5-8.5,2051,0.658570042
corridor,SG_RT,wave,masnum,SSP5-8.5,2052,0.377061795
corridor,SG_RT,wave,masnum,SSP5-8.5,2053,0.057178226
corridor,SG_RT,wave,masnum,SSP5-8.5,2054,0.755261133
corridor,SG_RT,wave,masnum,SSP5-8.5,2055,0.831208806
corridor,SG_RT,wave,masnum,SSP5-8.5,2056,0.361671518
corridor,SG_RT,wave,masnum,SSP5-8.5,2057,0.0788919
corridor,SG_RT,wave,masnum,SSP5-8.5,2058,0.404530095
corridor,SG_RT,wave,masnum,SSP5-8.5,2059,0.176252133
corridor,SG_RT,wave,masnum,SSP5-8.5,2060,0.221017766
corridor,SG_RT,wave,masnum,SSP5-8.5,2061,0.607899227
corridor,SG_RT,wave,masnum,SSP5-8.5,2062,0.140051524
corridor,SG_RT,wave,masnum,SSP5-8.5,2063,0.370822042
corridor,SG_RT,wave,masnum,SSP5-8.5,2064,0.272240624
corridor,SG_RT,wave,masnum,SSP5-8.5,2065,0.303840878
corridor,SG_RT,wave,masnum,SSP5-8.5,2066,0.188547626
corridor,SG_RT,wave,masnum,SSP5-8.5,2067,0.652045903
corridor,SG_RT,wave,masnum,SSP5-8.5,2068,0.571263676
corridor,SG_RT,wave,masnum,SSP5-8.5,2069,0.589782194
corridor,SG_RT,wave,masnum,SSP5-8.5,2070,0.90016394
corridor,SG_RT,wave,masnum,SSP5-8.5,2071,0.414885075
corridor,SG_RT,wave,masnum,SSP5-8.5,2072,0.4472883
corridor,SG_RT,wave,masnum,SSP5-8.5,2073,0.250828064
corridor,SG_RT,wave,masnum,SSP5-8.5,2074,0.240590184
corridor,SG_RT,wave,masnum,SSP5-8.5,2075,0.885743919
corridor,SG_RT,wave,masnum,SSP5-8.5,2076,0.776422764
corridor,SG_RT,wave,masnum,SSP5-8.5,2077,0.511827094
corridor,SG_RT,wave,masnum,SSP5-8.5,2078,0.775904179
corridor,SG_RT,wave,masnum,SSP5-8.5,2079,0.289287029
corridor,SG_RT,wave,masnum,SSP5-8.5,2080,0.338218074
corridor,SG_RT,wave,masnum,SSP5-8.5,2081,0.239402456
corridor,SG_RT,wave,masnum,SSP5-8.5,2082,0.614674295
corridor,SG_RT,wave,masnum,SSP5-8.5,2083,0.151493861
corridor,SG_RT,wave,masnum,SSP5-8.5,2084,0.240941483
corridor,SG_RT,wave,masnum,SSP5-8.5,2085,0.418063502
corridor,SG_RT,wave,masnum,SSP5-8.5,2086,0.421710328
corridor,SG_RT,wave,masnum,SSP5-8.5,2087,0.117367593
corridor,SG_RT,wave,masnum,SSP5-8.5,2088,0.347652983
corridor,SG_RT,wave,masnum,SSP5-8.5,2089,0.18617217
corridor,SG_RT,wave,masnum,SSP5-8.5,2090,0.369299742
corridor,SG_RT,wave,masnum,SSP5-8.5,2091,0.125263475
corridor,SG_RT,wave,masnum,SSP5-8.5,2092,0.303740507
corridor,SG_RT,wave,masnum,SSP5-8.5,2093,0.614205895
corridor,SG_RT,wave,masnum,SSP5-8.5,2094,0.204573589
corridor,SG_RT,wave,masnum,SSP5-8.5,2095,0.64289538
corridor,SG_RT,wave,masnum,SSP5-8.5,2096,0.221034494
corridor,SG_RT,wave,masnum,SSP5-8.5,2097,0.584847268
corridor,SG_RT,wave,masnum,SSP5-8.5,2098,0.57179899
corridor,SG_RT,wave,masnum,SSP5-8.5,2099,0.038174579
corridor,SG_RT,wave,masnum,SSP5-8.5,2100,0.655910201
corridor,SG_RT,wind,access_cm2,SSP1-2.6,2015,0.0641038509150503
corridor,SG_RT,wind,access_cm2,SSP1-2.6,2016,0.136019940446316
corridor,SG_RT,wind,access_cm2,SSP1-2.6,2017,0.1361370403827457
corridor,SG_RT,wind,access_cm2,SSP1-2.6,2018,0.0986817892870267
corridor,SG_RT,wind,access_cm2,SSP1-2.6,2019,0.1885978119040417
corridor,SG_RT,wind,access_cm2,SSP1-2.6,2020,0.069172605306299
corridor,SG_RT,wind,access_cm2,SSP1-2.6,2021,0.121081334270131
corridor,SG_RT,wind,access_cm2,SSP1-2.6,2022,0.3327980193382125
corridor,SG_RT,wind,access_cm2,SSP1-2.6,2023,0.0108066512763891
corridor,SG_RT,wind,access_cm2,SSP1-2.6,2024,0.0869216099568383
corridor,SG_RT,wind,access_cm2,SSP1-2.6,2025,0.0480444310615928
corridor,SG_RT,wind,access_cm2,SSP1-2.6,2026,0.0077118672421289
corridor,SG_RT,wind,access_cm2,SSP1-2.6,2027,0.0740238883870297
corridor,SG_RT,wind,access_cm2,SSP1-2.6,2028,0.0753789019371663
corridor,SG_RT,wind,access_cm2,SSP1-2.6,2029,0.0698752049248871
corridor,SG_RT,wind,access_cm2,SSP1-2.6,2030,0.0757134731841128
corridor,SG_RT,wind,access_cm2,SSP1-2.6,2031,0.0455518752718381
corridor,SG_RT,wind,access_cm2,SSP1-2.6,2032,0.0669811636387951
corridor,SG_RT,wind,access_cm2,SSP1-2.6,2033,0.0668306065776689
corridor,SG_RT,wind,access_cm2,SSP1-2.6,2034,0.131068285991499
corridor,SG_RT,wind,access_cm2,SSP1-2.6,2035,0.0472080029442254
corridor,SG_RT,wind,access_cm2,SSP1-2.6,2036,0.0706949044799071
corridor,SG_RT,wind,access_cm2,SSP1-2.6,2037,0.0291244270467388
corridor,SG_RT,wind,access_cm2,SSP1-2.6,2038,0.1883970691558729
corridor,SG_RT,wind,access_cm2,SSP1-2.6,2039,0.0339422530027762
corridor,SG_RT,wind,access_cm2,SSP1-2.6,2040,0.063652179731672
corridor,SG_RT,wind,access_cm2,SSP1-2.6,2041,0.0718157181571799
corridor,SG_RT,wind,access_cm2,SSP1-2.6,2042,0.1803506306667966
corridor,SG_RT,wind,access_cm2,SSP1-2.6,2043,0.0232861587875131
corridor,SG_RT,wind,access_cm2,SSP1-2.6,2044,0.2012613336009864
corridor,SG_RT,wind,access_cm2,SSP1-2.6,2045,0.005386597075847
corridor,SG_RT,wind,access_cm2,SSP1-2.6,2046,0.023035230352303
corridor,SG_RT,wind,access_cm2,SSP1-2.6,2047,0.0057546254474885
corridor,SG_RT,wind,access_cm2,SSP1-2.6,2048,0.0220649737361559
corridor,SG_RT,wind,access_cm2,SSP1-2.6,2049,0.0382916792130871
corridor,SG_RT,wind,access_cm2,SSP1-2.6,2050,0.0893137943725101
corridor,SG_RT,wind,access_cm2,SSP1-2.6,2051,0.0091839807286956
corridor,SG_RT,wind,access_cm2,SSP1-2.6,2052,0.0519421860885259
corridor,SG_RT,wind,access_cm2,SSP1-2.6,2053,0.051022115159422
corridor,SG_RT,wind,access_cm2,SSP1-2.6,2054,0.053079728328146
corridor,SG_RT,wind,access_cm2,SSP1-2.6,2055,0.0401652781959914
corridor,SG_RT,wind,access_cm2,SSP1-2.6,2056,0.0383084077754353
corridor,SG_RT,wind,access_cm2,SSP1-2.6,2057,0.0865535815851969
corridor,SG_RT,wind,access_cm2,SSP1-2.6,2058,0.058165211281741
corridor,SG_RT,wind,access_cm2,SSP1-2.6,2059,0.0696911907390664
corridor,SG_RT,wind,access_cm2,SSP1-2.6,2060,0.1466760346615768
corridor,SG_RT,wind,access_cm2,SSP1-2.6,2061,0.1703804075077739
corridor,SG_RT,wind,access_cm2,SSP1-2.6,2062,0.0829234835558215
corridor,SG_RT,wind,access_cm2,SSP1-2.6,2063,0.0404329351935482
corridor,SG_RT,wind,access_cm2,SSP1-2.6,2064,0.0651744789052807
corridor,SG_RT,wind,access_cm2,SSP1-2.6,2065,0.0216133025527779
corridor,SG_RT,wind,access_cm2,SSP1-2.6,2066,0.0433269764796396
corridor,SG_RT,wind,access_cm2,SSP1-2.6,2067,0.0387768075211606
corridor,SG_RT,wind,access_cm2,SSP1-2.6,2068,0.0444310615945656
corridor,SG_RT,wind,access_cm2,SSP1-2.6,2069,0.1164307939375665
corridor,SG_RT,wind,access_cm2,SSP1-2.6,2070,0.069724647863761
corridor,SG_RT,wind,access_cm2,SSP1-2.6,2071,0.0506206296630846
corridor,SG_RT,wind,access_cm2,SSP1-2.6,2072,0.0519756432132206
corridor,SG_RT,wind,access_cm2,SSP1-2.6,2073,0.0492823446752967
corridor,SG_RT,wind,access_cm2,SSP1-2.6,2074,0.0325705108902931
corridor,SG_RT,wind,access_cm2,SSP1-2.6,2075,0.122352705008529
corridor,SG_RT,wind,access_cm2,SSP1-2.6,2076,0.0577302686607102
corridor,SG_RT,wind,access_cm2,SSP1-2.6,2077,0.0412860918732633
corridor,SG_RT,wind,access_cm2,SSP1-2.6,2078,0.0564254407976158
corridor,SG_RT,wind,access_cm2,SSP1-2.6,2079,0.2406403693666519
corridor,SG_RT,wind,access_cm2,SSP1-2.6,2080,0.1401518953461104
corridor,SG_RT,wind,access_cm2,SSP1-2.6,2081,0.0132322928167544
corridor,SG_RT,wind,access_cm2,SSP1-2.6,2082,0.049399444611729
corridor,SG_RT,wind,access_cm2,SSP1-2.6,2083,0.0605072100103705
corridor,SG_RT,wind,access_cm2,SSP1-2.6,2084,0.0300612265381897
corridor,SG_RT,wind,access_cm2,SSP1-2.6,2085,0.0334403961323557
corridor,SG_RT,wind,access_cm2,SSP1-2.6,2086,0.0913379504165386
corridor,SG_RT,wind,access_cm2,SSP1-2.6,2087,0.1989193348723577
corridor,SG_RT,wind,access_cm2,SSP1-2.6,2088,0.2132389842416895
corridor,SG_RT,wind,access_cm2,SSP1-2.6,2089,0.0534644852621352
corridor,SG_RT,wind,access_cm2,SSP1-2.6,2090,0.0151895346113944
corridor,SG_RT,wind,access_cm2,SSP1-2.6,2091,0.0085650239218437
corridor,SG_RT,wind,access_cm2,SSP1-2.6,2092,0.0699253906119295
corridor,SG_RT,wind,access_cm2,SSP1-2.6,2093,0.0549533273110495
corridor,SG_RT,wind,access_cm2,SSP1-2.6,2094,0.0273344708755723
corridor,SG_RT,wind,access_cm2,SSP1-2.6,2095,0.1518786175516055
corridor,SG_RT,wind,access_cm2,SSP1-2.6,2096,0.0735387600789563
corridor,SG_RT,wind,access_cm2,SSP1-2.6,2097,0.0781391147244788
corridor,SG_RT,wind,access_cm2,SSP1-2.6,2098,0.014972063300879
corridor,SG_RT,wind,access_cm2,SSP1-2.6,2099,0.0247248151493853
corridor,SG_RT,wind,access_cm2,SSP1-2.6,2100,0.0313995115259781
corridor,SG_RT,wind,access_cm2,SSP2-4.5,2015,0.1252132891699271
corridor,SG_RT,wind,access_cm2,SSP2-4.5,2016,0.1696443507644919
corridor,SG_RT,wind,access_cm2,SSP2-4.5,2017,0.0849810967245449
corridor,SG_RT,wind,access_cm2,SSP2-4.5,2018,0.0373046940345936
corridor,SG_RT,wind,access_cm2,SSP2-4.5,2019,0.0856502392184402
corridor,SG_RT,wind,access_cm2,SSP2-4.5,2020,0.0993342032185731
corridor,SG_RT,wind,access_cm2,SSP2-4.5,2021,0.0323363110174302
corridor,SG_RT,wind,access_cm2,SSP2-4.5,2022,0.0109237512128198
corridor,SG_RT,wind,access_cm2,SSP2-4.5,2023,0.0126802502592924
corridor,SG_RT,wind,access_cm2,SSP2-4.5,2024,0.0757302017464607
corridor,SG_RT,wind,access_cm2,SSP2-4.5,2025,0.0351968951788275
corridor,SG_RT,wind,access_cm2,SSP2-4.5,2026,0.0576968115360157
corridor,SG_RT,wind,access_cm2,SSP2-4.5,2027,0.0181504901468762
corridor,SG_RT,wind,access_cm2,SSP2-4.5,2028,0.1457559637324743
corridor,SG_RT,wind,access_cm2,SSP2-4.5,2029,0.0922078356586016
corridor,SG_RT,wind,access_cm2,SSP2-4.5,2030,0.0404329351935484
corridor,SG_RT,wind,access_cm2,SSP2-4.5,2031,0.1130181672187075
corridor,SG_RT,wind,access_cm2,SSP2-4.5,2032,0.262705343102809
corridor,SG_RT,wind,access_cm2,SSP2-4.5,2033,0.0200742748168209
corridor,SG_RT,wind,access_cm2,SSP2-4.5,2034,0.0342768242497229
corridor,SG_RT,wind,access_cm2,SSP2-4.5,2035,0.0565927264210897
corridor,SG_RT,wind,access_cm2,SSP2-4.5,2036,0.1515440463046563
corridor,SG_RT,wind,access_cm2,SSP2-4.5,2037,0.1582020141189025
corridor,SG_RT,wind,access_cm2,SSP2-4.5,2038,0.0527618856435469
corridor,SG_RT,wind,access_cm2,SSP2-4.5,2039,0.1777577035029584
corridor,SG_RT,wind,access_cm2,SSP2-4.5,2040,0.0817190270668122
corridor,SG_RT,wind,access_cm2,SSP2-4.5,2041,0.0654086787781445
corridor,SG_RT,wind,access_cm2,SSP2-4.5,2042,0.230569774833547
corridor,SG_RT,wind,access_cm2,SSP2-4.5,2043,0.0981799324166061
corridor,SG_RT,wind,access_cm2,SSP2-4.5,2044,0.132640770852149
corridor,SG_RT,wind,access_cm2,SSP2-4.5,2045,0.040600220817022
corridor,SG_RT,wind,access_cm2,SSP2-4.5,2046,0.0164943624744881
corridor,SG_RT,wind,access_cm2,SSP2-4.5,2047,0.1314530429254887
corridor,SG_RT,wind,access_cm2,SSP2-4.5,2048,0.064973736157113
corridor,SG_RT,wind,access_cm2,SSP2-4.5,2049,0.1222188765097478
corridor,SG_RT,wind,access_cm2,SSP2-4.5,2050,0.17022985044665
corridor,SG_RT,wind,access_cm2,SSP2-4.5,2051,0.095285891130515
corridor,SG_RT,wind,access_cm2,SSP2-4.5,2052,0.0017899561711664
corridor,SG_RT,wind,access_cm2,SSP2-4.5,2053,0.0627990230519566
corridor,SG_RT,wind,access_cm2,SSP2-4.5,2054,0.0365184516042673
corridor,SG_RT,wind,access_cm2,SSP2-4.5,2055,0.1403860952189719
corridor,SG_RT,wind,access_cm2,SSP2-4.5,2056,0.0336578674428702
corridor,SG_RT,wind,access_cm2,SSP2-4.5,2057,0.1255311318545269
corridor,SG_RT,wind,access_cm2,SSP2-4.5,2058,0.0886613804409637
corridor,SG_RT,wind,access_cm2,SSP2-4.5,2059,0.0784067717220372
corridor,SG_RT,wind,access_cm2,SSP2-4.5,2060,0.0137174211248278
corridor,SG_RT,wind,access_cm2,SSP2-4.5,2061,0.0691558767439512
corridor,SG_RT,wind,access_cm2,SSP2-4.5,2062,0.0709291043527704
corridor,SG_RT,wind,access_cm2,SSP2-4.5,2063,0.2619191006724836
corridor,SG_RT,wind,access_cm2,SSP2-4.5,2064,0.0214962026163466
corridor,SG_RT,wind,access_cm2,SSP2-4.5,2065,0.0187025327043389
corridor,SG_RT,wind,access_cm2,SSP2-4.5,2066,0.0990832747833622
corridor,SG_RT,wind,access_cm2,SSP2-4.5,2067,0.0802636421425916
corridor,SG_RT,wind,access_cm2,SSP2-4.5,2068,0.0318177255846622
corridor,SG_RT,wind,access_cm2,SSP2-4.5,2069,0.0456857037706163
corridor,SG_RT,wind,access_cm2,SSP2-4.5,2070,0.088376994881058
corridor,SG_RT,wind,access_cm2,SSP2-4.5,2071,0.0146709491786268
corridor,SG_RT,wind,access_cm2,SSP2-4.5,2072,0.0555053698685126
corridor,SG_RT,wind,access_cm2,SSP2-4.5,2073,0.1523302887349829
corridor,SG_RT,wind,access_cm2,SSP2-4.5,2074,0.1087523838201325
corridor,SG_RT,wind,access_cm2,SSP2-4.5,2075,0.0071096389976242
corridor,SG_RT,wind,access_cm2,SSP2-4.5,2076,0.1033323296195907
corridor,SG_RT,wind,access_cm2,SSP2-4.5,2077,0.0081969955502019
corridor,SG_RT,wind,access_cm2,SSP2-4.5,2078,0.0276523135601719
corridor,SG_RT,wind,access_cm2,SSP2-4.5,2079,0.2780621633376782
corridor,SG_RT,wind,access_cm2,SSP2-4.5,2080,0.0786744287195942
corridor,SG_RT,wind,access_cm2,SSP2-4.5,2081,0.1881126835959684
corridor,SG_RT,wind,access_cm2,SSP2-4.5,2082,0.0323195824550828
corridor,SG_RT,wind,access_cm2,SSP2-4.5,2083,0.0107731941516944
corridor,SG_RT,wind,access_cm2,SSP2-4.5,2084,0.0859848104653872
corridor,SG_RT,wind,access_cm2,SSP2-4.5,2085,0.0317508113352721
corridor,SG_RT,wind,access_cm2,SSP2-4.5,2086,0.104218943424
corridor,SG_RT,wind,access_cm2,SSP2-4.5,2087,0.1681053230285346
corridor,SG_RT,wind,access_cm2,SSP2-4.5,2088,0.1131185385927914
corridor,SG_RT,wind,access_cm2,SSP2-4.5,2089,0.0612432667536533
corridor,SG_RT,wind,access_cm2,SSP2-4.5,2090,0.060088995951687
corridor,SG_RT,wind,access_cm2,SSP2-4.5,2091,0.0282545418046761
corridor,SG_RT,wind,access_cm2,SSP2-4.5,2092,0.0735722172036522
corridor,SG_RT,wind,access_cm2,SSP2-4.5,2093,0.0601726387634231
corridor,SG_RT,wind,access_cm2,SSP2-4.5,2094,0.1246110609254215
corridor,SG_RT,wind,access_cm2,SSP2-4.5,2095,0.0805145705778021
corridor,SG_RT,wind,access_cm2,SSP2-4.5,2096,0.0191374753253702
corridor,SG_RT,wind,access_cm2,SSP2-4.5,2097,0.0621967948074533
corridor,SG_RT,wind,access_cm2,SSP2-4.5,2098,0.0730536317708827
corridor,SG_RT,wind,access_cm2,SSP2-4.5,2099,0.0402321924453801
corridor,SG_RT,wind,access_cm2,SSP2-4.5,2100,0.0702934189835714
corridor,SG_RT,wind,access_cm2,SSP5-8.5,2015,0.0017230419217771
corridor,SG_RT,wind,access_cm2,SSP5-8.5,2016,0.022031516611462
corridor,SG_RT,wind,access_cm2,SSP5-8.5,2017,0.1919435243735119
corridor,SG_RT,wind,access_cm2,SSP5-8.5,2018,0.0918565358493065
corridor,SG_RT,wind,access_cm2,SSP5-8.5,2019,0.0654923215898816
corridor,SG_RT,wind,access_cm2,SSP5-8.5,2020,0.1328247850379718
corridor,SG_RT,wind,access_cm2,SSP5-8.5,2021,0.0270166281909719
corridor,SG_RT,wind,access_cm2,SSP5-8.5,2022,0.1520459031750776
corridor,SG_RT,wind,access_cm2,SSP5-8.5,2023,0.0926260497172851
corridor,SG_RT,wind,access_cm2,SSP5-8.5,2024,0.054284184817156
corridor,SG_RT,wind,access_cm2,SSP5-8.5,2025,0.0670146207634903
corridor,SG_RT,wind,access_cm2,SSP5-8.5,2026,0.0516243434039266
corridor,SG_RT,wind,access_cm2,SSP5-8.5,2027,0.0218976881126826
corridor,SG_RT,wind,access_cm2,SSP5-8.5,2028,0.0826223694335673
corridor,SG_RT,wind,access_cm2,SSP5-8.5,2029,0.1106259828030358
corridor,SG_RT,wind,access_cm2,SSP5-8.5,2030,0.323430024423694
corridor,SG_RT,wind,access_cm2,SSP5-8.5,2031,0.1348489410819996
corridor,SG_RT,wind,access_cm2,SSP5-8.5,2032,0.0579477399712246
corridor,SG_RT,wind,access_cm2,SSP5-8.5,2033,0.1018100304459806
corridor,SG_RT,wind,access_cm2,SSP5-8.5,2034,0.2247984208237115
corridor,SG_RT,wind,access_cm2,SSP5-8.5,2035,0.0314162400883253
corridor,SG_RT,wind,access_cm2,SSP5-8.5,2036,0.0290575127973495
corridor,SG_RT,wind,access_cm2,SSP5-8.5,2037,0.0794439425875722
corridor,SG_RT,wind,access_cm2,SSP5-8.5,2038,0.0482451738097613
corridor,SG_RT,wind,access_cm2,SSP5-8.5,2039,0.0509886580347274
corridor,SG_RT,wind,access_cm2,SSP5-8.5,2040,0.0381578507143087
corridor,SG_RT,wind,access_cm2,SSP5-8.5,2041,0.0829067549934732
corridor,SG_RT,wind,access_cm2,SSP5-8.5,2042,0.0103884372177052
corridor,SG_RT,wind,access_cm2,SSP5-8.5,2043,0.1235571614975386
corridor,SG_RT,wind,access_cm2,SSP5-8.5,2044,0.0372210512228571
corridor,SG_RT,wind,access_cm2,SSP5-8.5,2045,0.1352504265783367
corridor,SG_RT,wind,access_cm2,SSP5-8.5,2046,0.0551038843721763
corridor,SG_RT,wind,access_cm2,SSP5-8.5,2047,0.0517749004650528
corridor,SG_RT,wind,access_cm2,SSP5-8.5,2048,0.1742614339723604
corridor,SG_RT,wind,access_cm2,SSP5-8.5,2049,0.0598380675164762
corridor,SG_RT,wind,access_cm2,SSP5-8.5,2050,0.115577637257851
corridor,SG_RT,wind,access_cm2,SSP5-8.5,2051,0.093797049081601
corridor,SG_RT,wind,access_cm2,SSP5-8.5,2052,0.0170296764696039
corridor,SG_RT,wind,access_cm2,SSP5-8.5,2053,0.0373381511592883
corridor,SG_RT,wind,access_cm2,SSP5-8.5,2054,0.0698417478001921
corridor,SG_RT,wind,access_cm2,SSP5-8.5,2055,0.0344106527485018
corridor,SG_RT,wind,access_cm2,SSP5-8.5,2056,0.2036200608919643
corridor,SG_RT,wind,access_cm2,SSP5-8.5,2057,0.0205092174378526
corridor,SG_RT,wind,access_cm2,SSP5-8.5,2058,0.0660945498343862
corridor,SG_RT,wind,access_cm2,SSP5-8.5,2059,0.1925457526180164
corridor,SG_RT,wind,access_cm2,SSP5-8.5,2060,0.0131653785673657
corridor,SG_RT,wind,access_cm2,SSP5-8.5,2061,0.0243066010907015
corridor,SG_RT,wind,access_cm2,SSP5-8.5,2062,0.0305798119709585
corridor,SG_RT,wind,access_cm2,SSP5-8.5,2063,0.07989561377095
corridor,SG_RT,wind,access_cm2,SSP5-8.5,2064,0.3552477500083572
corridor,SG_RT,wind,access_cm2,SSP5-8.5,2065,0.1812037873465112
corridor,SG_RT,wind,access_cm2,SSP5-8.5,2066,0.1367392686272508
corridor,SG_RT,wind,access_cm2,SSP5-8.5,2067,0.1130181672187073
corridor,SG_RT,wind,access_cm2,SSP5-8.5,2068,0.0742413596975456
corridor,SG_RT,wind,access_cm2,SSP5-8.5,2069,0.1091538693164692
corridor,SG_RT,wind,access_cm2,SSP5-8.5,2070,0.1098397403727109
corridor,SG_RT,wind,access_cm2,SSP5-8.5,2071,0.0961725049349231
corridor,SG_RT,wind,access_cm2,SSP5-8.5,2072,0.0776205292917099
corridor,SG_RT,wind,access_cm2,SSP5-8.5,2073,0.0850480109739352
corridor,SG_RT,wind,access_cm2,SSP5-8.5,2074,0.0668306065776692
corridor,SG_RT,wind,access_cm2,SSP5-8.5,2075,0.1090702265047307
corridor,SG_RT,wind,access_cm2,SSP5-8.5,2076,0.0535815851985668
corridor,SG_RT,wind,access_cm2,SSP5-8.5,2077,0.102529358626916
corridor,SG_RT,wind,access_cm2,SSP5-8.5,2078,0.0033122553447753
corridor,SG_RT,wind,access_cm2,SSP5-8.5,2079,0.0791595570276661
corridor,SG_RT,wind,access_cm2,SSP5-8.5,2080,0.1024457158151807
corridor,SG_RT,wind,access_cm2,SSP5-8.5,2081,0.1454213924855271
corridor,SG_RT,wind,access_cm2,SSP5-8.5,2082,0.039295392953928
corridor,SG_RT,wind,access_cm2,SSP5-8.5,2083,0.2211515942319869
corridor,SG_RT,wind,access_cm2,SSP5-8.5,2084,0.0523436715848619
corridor,SG_RT,wind,access_cm2,SSP5-8.5,2085,0.0304292549098324
corridor,SG_RT,wind,access_cm2,SSP5-8.5,2086,0.0647395362842506
corridor,SG_RT,wind,access_cm2,SSP5-8.5,2087,0.1133861955903479
corridor,SG_RT,wind,access_cm2,SSP5-8.5,2088,0.1091705978788153
corridor,SG_RT,wind,access_cm2,SSP5-8.5,2089,0.0619625949345894
corridor,SG_RT,wind,access_cm2,SSP5-8.5,2090,0.0271337281274025
corridor,SG_RT,wind,access_cm2,SSP5-8.5,2091,0.1853691993710018
corridor,SG_RT,wind,access_cm2,SSP5-8.5,2092,0.0901167653651828
corridor,SG_RT,wind,access_cm2,SSP5-8.5,2093,0.0667302352035852
corridor,SG_RT,wind,access_cm2,SSP5-8.5,2094,0.0405834922546749
corridor,SG_RT,wind,access_cm2,SSP5-8.5,2095,0.0472581886312668
corridor,SG_RT,wind,access_cm2,SSP5-8.5,2096,0.0670982635752275
corridor,SG_RT,wind,access_cm2,SSP5-8.5,2097,0.0387266218341185
corridor,SG_RT,wind,access_cm2,SSP5-8.5,2098,0.0159255913546785
corridor,SG_RT,wind,access_cm2,SSP5-8.5,2099,0.0822710696242748
corridor,SG_RT,wind,access_cm2,SSP5-8.5,2100,0.10983974037271
corridor,SG_RT,wind,cmcc_cm2_sr5,SSP1-2.6,2015,0.0571614975408996
corridor,SG_RT,wind,cmcc_cm2_sr5,SSP1-2.6,2016,0.0782562146609105
corridor,SG_RT,wind,cmcc_cm2_sr5,SSP1-2.6,2017,0.1096055404998459
corridor,SG_RT,wind,cmcc_cm2_sr5,SSP1-2.6,2018,0.0179162902740135
corridor,SG_RT,wind,cmcc_cm2_sr5,SSP1-2.6,2019,0.0513566864063694
corridor,SG_RT,wind,cmcc_cm2_sr5,SSP1-2.6,2020,0.0717488039077897
corridor,SG_RT,wind,cmcc_cm2_sr5,SSP1-2.6,2021,0.1446184214928542
corridor,SG_RT,wind,cmcc_cm2_sr5,SSP1-2.6,2022,0.194369165913878
corridor,SG_RT,wind,cmcc_cm2_sr5,SSP1-2.6,2023,0.2686272541737723
corridor,SG_RT,wind,cmcc_cm2_sr5,SSP1-2.6,2024,0.0280705276188557
corridor,SG_RT,wind,cmcc_cm2_sr5,SSP1-2.6,2025,0.1078657700157223
corridor,SG_RT,wind,cmcc_cm2_sr5,SSP1-2.6,2026,0.1506239753755529
corridor,SG_RT,wind,cmcc_cm2_sr5,SSP1-2.6,2027,0.0569607547927314
corridor,SG_RT,wind,cmcc_cm2_sr5,SSP1-2.6,2028,0.1418916658302352
corridor,SG_RT,wind,cmcc_cm2_sr5,SSP1-2.6,2029,0.0223493592960606
corridor,SG_RT,wind,cmcc_cm2_sr5,SSP1-2.6,2030,0.0112248653350725
corridor,SG_RT,wind,cmcc_cm2_sr5,SSP1-2.6,2031,0.0390946502057602
corridor,SG_RT,wind,cmcc_cm2_sr5,SSP1-2.6,2032,0.2278095620462339
corridor,SG_RT,wind,cmcc_cm2_sr5,SSP1-2.6,2033,0.131921442671214
corridor,SG_RT,wind,cmcc_cm2_sr5,SSP1-2.6,2034,0.1334939275318644
corridor,SG_RT,wind,cmcc_cm2_sr5,SSP1-2.6,2035,0.049181973301213
corridor,SG_RT,wind,cmcc_cm2_sr5,SSP1-2.6,2036,0.0410518920003999
corridor,SG_RT,wind,cmcc_cm2_sr5,SSP1-2.6,2037,0.1240422898056117
corridor,SG_RT,wind,cmcc_cm2_sr5,SSP1-2.6,2038,0.1512596607447527
corridor,SG_RT,wind,cmcc_cm2_sr5,SSP1-2.6,2039,0.0512730435946327
corridor,SG_RT,wind,cmcc_cm2_sr5,SSP1-2.6,2040,0.0134999498143122
corridor,SG_RT,wind,cmcc_cm2_sr5,SSP1-2.6,2041,0.1627019973903405
corridor,SG_RT,wind,cmcc_cm2_sr5,SSP1-2.6,2042,0.0986148750376375
corridor,SG_RT,wind,cmcc_cm2_sr5,SSP1-2.6,2043,0.2497741644083053
corridor,SG_RT,wind,cmcc_cm2_sr5,SSP1-2.6,2044,0.0936297634581267
corridor,SG_RT,wind,cmcc_cm2_sr5,SSP1-2.6,2045,0.0782729432232568
corridor,SG_RT,wind,cmcc_cm2_sr5,SSP1-2.6,2046,0.0700926762354018
corridor,SG_RT,wind,cmcc_cm2_sr5,SSP1-2.6,2047,0.1195423065341734
corridor,SG_RT,wind,cmcc_cm2_sr5,SSP1-2.6,2048,0.1050553715413663
corridor,SG_RT,wind,cmcc_cm2_sr5,SSP1-2.6,2049,0.1887316404028205
corridor,SG_RT,wind,cmcc_cm2_sr5,SSP1-2.6,2050,0.2415102546087141
corridor,SG_RT,wind,cmcc_cm2_sr5,SSP1-2.6,2051,0.0948342199471347
corridor,SG_RT,wind,cmcc_cm2_sr5,SSP1-2.6,2052,0.0777878149151846
corridor,SG_RT,wind,cmcc_cm2_sr5,SSP1-2.6,2053,0.1189902639767115
corridor,SG_RT,wind,cmcc_cm2_sr5,SSP1-2.6,2054,0.1374418682458405
corridor,SG_RT,wind,cmcc_cm2_sr5,SSP1-2.6,2055,0.0767673726119949
corridor,SG_RT,wind,cmcc_cm2_sr5,SSP1-2.6,2056,0.0376225367191932
corridor,SG_RT,wind,cmcc_cm2_sr5,SSP1-2.6,2057,0.029843755227675
corridor,SG_RT,wind,cmcc_cm2_sr5,SSP1-2.6,2058,0.070544347418781
corridor,SG_RT,wind,cmcc_cm2_sr5,SSP1-2.6,2059,0.1050888286660607
corridor,SG_RT,wind,cmcc_cm2_sr5,SSP1-2.6,2060,0.0450500184014174
corridor,SG_RT,wind,cmcc_cm2_sr5,SSP1-2.6,2061,0.0505871725383903
corridor,SG_RT,wind,cmcc_cm2_sr5,SSP1-2.6,2062,0.174913847903907
corridor,SG_RT,wind,cmcc_cm2_sr5,SSP1-2.6,2063,0.0584161397169499
corridor,SG_RT,wind,cmcc_cm2_sr5,SSP1-2.6,2064,0.0929940780889257
corridor,SG_RT,wind,cmcc_cm2_sr5,SSP1-2.6,2065,0.0719830037806535
corridor,SG_RT,wind,cmcc_cm2_sr5,SSP1-2.6,2066,0.135835926260495
corridor,SG_RT,wind,cmcc_cm2_sr5,SSP1-2.6,2067,0.2368597142761513
corridor,SG_RT,wind,cmcc_cm2_sr5,SSP1-2.6,2068,0.1785439459332809
corridor,SG_RT,wind,cmcc_cm2_sr5,SSP1-2.6,2069,0.1864732844859271
corridor,SG_RT,wind,cmcc_cm2_sr5,SSP1-2.6,2070,0.0672655491987001
corridor,SG_RT,wind,cmcc_cm2_sr5,SSP1-2.6,2071,0.1816220014051924
corridor,SG_RT,wind,cmcc_cm2_sr5,SSP1-2.6,2072,0.0493994446117285
corridor,SG_RT,wind,cmcc_cm2_sr5,SSP1-2.6,2073,0.0476764026899511
corridor,SG_RT,wind,cmcc_cm2_sr5,SSP1-2.6,2074,0.0484961022449706
corridor,SG_RT,wind,cmcc_cm2_sr5,SSP1-2.6,2075,0.1198768777811212
corridor,SG_RT,wind,cmcc_cm2_sr5,SSP1-2.6,2076,0.068202348690151
corridor,SG_RT,wind,cmcc_cm2_sr5,SSP1-2.6,2077,0.0065408678778143
corridor,SG_RT,wind,cmcc_cm2_sr5,SSP1-2.6,2078,0.0926595068419786
corridor,SG_RT,wind,cmcc_cm2_sr5,SSP1-2.6,2079,0.0631001371742101
corridor,SG_RT,wind,cmcc_cm2_sr5,SSP1-2.6,2080,0.0324534109538618
corridor,SG_RT,wind,cmcc_cm2_sr5,SSP1-2.6,2081,0.0904011509250875
corridor,SG_RT,wind,cmcc_cm2_sr5,SSP1-2.6,2082,0.0223828164207565
corridor,SG_RT,wind,cmcc_cm2_sr5,SSP1-2.6,2083,0.0462210177657318
corridor,SG_RT,wind,cmcc_cm2_sr5,SSP1-2.6,2084,0.0375054367827619
corridor,SG_RT,wind,cmcc_cm2_sr5,SSP1-2.6,2085,0.1278898591455023
corridor,SG_RT,wind,cmcc_cm2_sr5,SSP1-2.6,2086,0.1385124962360713
corridor,SG_RT,wind,cmcc_cm2_sr5,SSP1-2.6,2087,0.1861721703636762
corridor,SG_RT,wind,cmcc_cm2_sr5,SSP1-2.6,2088,0.1627187259526895
corridor,SG_RT,wind,cmcc_cm2_sr5,SSP1-2.6,2089,0.1522968316102873
corridor,SG_RT,wind,cmcc_cm2_sr5,SSP1-2.6,2090,0.0675666633209529
corridor,SG_RT,wind,cmcc_cm2_sr5,SSP1-2.6,2091,0.0006524139315466
corridor,SG_RT,wind,cmcc_cm2_sr5,SSP1-2.6,2092,0.0382749506507397
corridor,SG_RT,wind,cmcc_cm2_sr5,SSP1-2.6,2093,0.059152196460235
corridor,SG_RT,wind,cmcc_cm2_sr5,SSP1-2.6,2094,0.1186724212921107
corridor,SG_RT,wind,cmcc_cm2_sr5,SSP1-2.6,2095,0.1356853691993685
corridor,SG_RT,wind,cmcc_cm2_sr5,SSP1-2.6,2096,0.0459533607681732
corridor,SG_RT,wind,cmcc_cm2_sr5,SSP1-2.6,2097,0.0160928769781511
corridor,SG_RT,wind,cmcc_cm2_sr5,SSP1-2.6,2098,0.0834253404262414
corridor,SG_RT,wind,cmcc_cm2_sr5,SSP1-2.6,2099,0.0385258790859503
corridor,SG_RT,wind,cmcc_cm2_sr5,SSP1-2.6,2100,0.1466258489745364
corridor,SG_RT,wind,cmcc_cm2_sr5,SSP2-4.5,2015,0.006908896249456
corridor,SG_RT,wind,cmcc_cm2_sr5,SSP2-4.5,2016,0.1890996687744623
corridor,SG_RT,wind,cmcc_cm2_sr5,SSP2-4.5,2017,0.0713138612867594
corridor,SG_RT,wind,cmcc_cm2_sr5,SSP2-4.5,2018,0.0521094717119994
corridor,SG_RT,wind,cmcc_cm2_sr5,SSP2-4.5,2019,0.031700625648231
corridor,SG_RT,wind,cmcc_cm2_sr5,SSP2-4.5,2020,0.1599585131653745
corridor,SG_RT,wind,cmcc_cm2_sr5,SSP2-4.5,2021,0.0687209341229201
corridor,SG_RT,wind,cmcc_cm2_sr5,SSP2-4.5,2022,0.1722707350530258
corridor,SG_RT,wind,cmcc_cm2_sr5,SSP2-4.5,2023,0.0796781424604342
corridor,SG_RT,wind,cmcc_cm2_sr5,SSP2-4.5,2024,0.1052895714142292
corridor,SG_RT,wind,cmcc_cm2_sr5,SSP2-4.5,2025,0.1896015256448832
corridor,SG_RT,wind,cmcc_cm2_sr5,SSP2-4.5,2026,0.129127772759207
corridor,SG_RT,wind,cmcc_cm2_sr5,SSP2-4.5,2027,0.0606912241961905
corridor,SG_RT,wind,cmcc_cm2_sr5,SSP2-4.5,2028,0.1630700257619831
corridor,SG_RT,wind,cmcc_cm2_sr5,SSP2-4.5,2029,0.0134999498143125
corridor,SG_RT,wind,cmcc_cm2_sr5,SSP2-4.5,2030,0.0976278898591431
corridor,SG_RT,wind,cmcc_cm2_sr5,SSP2-4.5,2031,0.019589146508748
corridor,SG_RT,wind,cmcc_cm2_sr5,SSP2-4.5,2032,0.149018033390206
corridor,SG_RT,wind,cmcc_cm2_sr5,SSP2-4.5,2033,0.1086854695707419
corridor,SG_RT,wind,cmcc_cm2_sr5,SSP2-4.5,2034,0.0596373247683081
corridor,SG_RT,wind,cmcc_cm2_sr5,SSP2-4.5,2035,0.0819532269396755
corridor,SG_RT,wind,cmcc_cm2_sr5,SSP2-4.5,2036,0.2186757670045794
corridor,SG_RT,wind,cmcc_cm2_sr5,SSP2-4.5,2037,0.0617785807487691
corridor,SG_RT,wind,cmcc_cm2_sr5,SSP2-4.5,2038,0.0958044765632815
corridor,SG_RT,wind,cmcc_cm2_sr5,SSP2-4.5,2039,0.0221151594231976
corridor,SG_RT,wind,cmcc_cm2_sr5,SSP2-4.5,2040,0.2012613336009856
corridor,SG_RT,wind,cmcc_cm2_sr5,SSP2-4.5,2041,0.1310682859914988
corridor,SG_RT,wind,cmcc_cm2_sr5,SSP2-4.5,2042,0.0125129646358188
corridor,SG_RT,wind,cmcc_cm2_sr5,SSP2-4.5,2043,0.0926427782796325
corridor,SG_RT,wind,cmcc_cm2_sr5,SSP2-4.5,2044,0.0426912911104404
corridor,SG_RT,wind,cmcc_cm2_sr5,SSP2-4.5,2045,0.0589012680250237
corridor,SG_RT,wind,cmcc_cm2_sr5,SSP2-4.5,2046,0.0426912911104405
corridor,SG_RT,wind,cmcc_cm2_sr5,SSP2-4.5,2047,0.0640034795409648
corridor,SG_RT,wind,cmcc_cm2_sr5,SSP2-4.5,2048,0.2809562046237701
corridor,SG_RT,wind,cmcc_cm2_sr5,SSP2-4.5,2049,0.0919401786610442
corridor,SG_RT,wind,cmcc_cm2_sr5,SSP2-4.5,2050,0.0347117668707532
corridor,SG_RT,wind,cmcc_cm2_sr5,SSP2-4.5,2051,0.0870219813309218
corridor,SG_RT,wind,cmcc_cm2_sr5,SSP2-4.5,2052,0.1641741108769077
corridor,SG_RT,wind,cmcc_cm2_sr5,SSP2-4.5,2053,0.1011074308273919
corridor,SG_RT,wind,cmcc_cm2_sr5,SSP2-4.5,2054,0.0133995784402285
corridor,SG_RT,wind,cmcc_cm2_sr5,SSP2-4.5,2055,0.1859212419284651
corridor,SG_RT,wind,cmcc_cm2_sr5,SSP2-4.5,2056,0.1449195356151066
corridor,SG_RT,wind,cmcc_cm2_sr5,SSP2-4.5,2057,0.0369199371006041
corridor,SG_RT,wind,cmcc_cm2_sr5,SSP2-4.5,2058,0.0300110408511478
corridor,SG_RT,wind,cmcc_cm2_sr5,SSP2-4.5,2059,0.0843955970423872
corridor,SG_RT,wind,cmcc_cm2_sr5,SSP2-4.5,2060,0.1174345076784075
corridor,SG_RT,wind,cmcc_cm2_sr5,SSP2-4.5,2061,0.0481113453109815
corridor,SG_RT,wind,cmcc_cm2_sr5,SSP2-4.5,2062,0.0373716082839834
corridor,SG_RT,wind,cmcc_cm2_sr5,SSP2-4.5,2063,0.2645454849610155
corridor,SG_RT,wind,cmcc_cm2_sr5,SSP2-4.5,2064,0.032353039579778
corridor,SG_RT,wind,cmcc_cm2_sr5,SSP2-4.5,2065,0.1394492957275225
corridor,SG_RT,wind,cmcc_cm2_sr5,SSP2-4.5,2066,0.0808156847000542
corridor,SG_RT,wind,cmcc_cm2_sr5,SSP2-4.5,2067,0.0370370370370355
corridor,SG_RT,wind,cmcc_cm2_sr5,SSP2-4.5,2068,0.0250928435210266
corridor,SG_RT,wind,cmcc_cm2_sr5,SSP2-4.5,2069,0.1033156010572432
corridor,SG_RT,wind,cmcc_cm2_sr5,SSP2-4.5,2070,0.0953862625045976
corridor,SG_RT,wind,cmcc_cm2_sr5,SSP2-4.5,2071,0.0697581049884551
corridor,SG_RT,wind,cmcc_cm2_sr5,SSP2-4.5,2072,0.1205794773997078
corridor,SG_RT,wind,cmcc_cm2_sr5,SSP2-4.5,2073,0.1403526380942799
corridor,SG_RT,wind,cmcc_cm2_sr5,SSP2-4.5,2074,0.0538994278831664
corridor,SG_RT,wind,cmcc_cm2_sr5,SSP2-4.5,2075,0.2259526916256769
corridor,SG_RT,wind,cmcc_cm2_sr5,SSP2-4.5,2076,0.2624376861052506
corridor,SG_RT,wind,cmcc_cm2_sr5,SSP2-4.5,2077,0.0765666298638274
corridor,SG_RT,wind,cmcc_cm2_sr5,SSP2-4.5,2078,0.1864063702365377
corridor,SG_RT,wind,cmcc_cm2_sr5,SSP2-4.5,2079,0.3146140720666417
corridor,SG_RT,wind,cmcc_cm2_sr5,SSP2-4.5,2080,0.0566930977951743
corridor,SG_RT,wind,cmcc_cm2_sr5,SSP2-4.5,2081,0.1377429823680913
corridor,SG_RT,wind,cmcc_cm2_sr5,SSP2-4.5,2082,0.0704272474823497
corridor,SG_RT,wind,cmcc_cm2_sr5,SSP2-4.5,2083,0.2203988089263564
corridor,SG_RT,wind,cmcc_cm2_sr5,SSP2-4.5,2084,0.1258155174144294
corridor,SG_RT,wind,cmcc_cm2_sr5,SSP2-4.5,2085,0.0783064003479525
corridor,SG_RT,wind,cmcc_cm2_sr5,SSP2-4.5,2086,0.1424437083876995
corridor,SG_RT,wind,cmcc_cm2_sr5,SSP2-4.5,2087,0.072618689149852
corridor,SG_RT,wind,cmcc_cm2_sr5,SSP2-4.5,2088,0.0333734818829655
corridor,SG_RT,wind,cmcc_cm2_sr5,SSP2-4.5,2089,0.0952189768811247
corridor,SG_RT,wind,cmcc_cm2_sr5,SSP2-4.5,2090,0.2792666198266874
corridor,SG_RT,wind,cmcc_cm2_sr5,SSP2-4.5,2091,0.1614808123389831
corridor,SG_RT,wind,cmcc_cm2_sr5,SSP2-4.5,2092,0.0741577168858077
corridor,SG_RT,wind,cmcc_cm2_sr5,SSP2-4.5,2093,0.0056207969487099
corridor,SG_RT,wind,cmcc_cm2_sr5,SSP2-4.5,2094,0.1171668506808479
corridor,SG_RT,wind,cmcc_cm2_sr5,SSP2-4.5,2095,0.0853658536585346
corridor,SG_RT,wind,cmcc_cm2_sr5,SSP2-4.5,2096,0.1015758305731182
corridor,SG_RT,wind,cmcc_cm2_sr5,SSP2-4.5,2097,0.064873364783029
corridor,SG_RT,wind,cmcc_cm2_sr5,SSP2-4.5,2098,0.2545418046773026
corridor,SG_RT,wind,cmcc_cm2_sr5,SSP2-4.5,2099,0.0667469637659319
corridor,SG_RT,wind,cmcc_cm2_sr5,SSP2-4.5,2100,0.0412191776238742
corridor,SG_RT,wind,cmcc_cm2_sr5,SSP5-8.5,2015,0.0736893171400838
corridor,SG_RT,wind,cmcc_cm2_sr5,SSP5-8.5,2016,0.0227508447923978
corridor,SG_RT,wind,cmcc_cm2_sr5,SSP5-8.5,2017,0.1686740941483447
corridor,SG_RT,wind,cmcc_cm2_sr5,SSP5-8.5,2018,0.1378266251798287
corridor,SG_RT,wind,cmcc_cm2_sr5,SSP5-8.5,2019,0.0381411221519602
corridor,SG_RT,wind,cmcc_cm2_sr5,SSP5-8.5,2020,0.3068854762621629
corridor,SG_RT,wind,cmcc_cm2_sr5,SSP5-8.5,2021,0.0411188062497893
corridor,SG_RT,wind,cmcc_cm2_sr5,SSP5-8.5,2022,0.0180333902104445
corridor,SG_RT,wind,cmcc_cm2_sr5,SSP5-8.5,2023,0.1523470172973307
corridor,SG_RT,wind,cmcc_cm2_sr5,SSP5-8.5,2024,0.1500384756933951
corridor,SG_RT,wind,cmcc_cm2_sr5,SSP5-8.5,2025,0.1992037204322632
corridor,SG_RT,wind,cmcc_cm2_sr5,SSP5-8.5,2026,0.0700759476730552
corridor,SG_RT,wind,cmcc_cm2_sr5,SSP5-8.5,2027,0.1153099802602941
corridor,SG_RT,wind,cmcc_cm2_sr5,SSP5-8.5,2028,0.014286192244638
corridor,SG_RT,wind,cmcc_cm2_sr5,SSP5-8.5,2029,0.1468265917227048
corridor,SG_RT,wind,cmcc_cm2_sr5,SSP5-8.5,2030,0.0412526347485687
corridor,SG_RT,wind,cmcc_cm2_sr5,SSP5-8.5,2031,0.0522098430860831
corridor,SG_RT,wind,cmcc_cm2_sr5,SSP5-8.5,2032,0.1207300344608364
corridor,SG_RT,wind,cmcc_cm2_sr5,SSP5-8.5,2033,0.0814346415069071
corridor,SG_RT,wind,cmcc_cm2_sr5,SSP5-8.5,2034,0.0710963899762434
corridor,SG_RT,wind,cmcc_cm2_sr5,SSP5-8.5,2035,0.0321690253939565
corridor,SG_RT,wind,cmcc_cm2_sr5,SSP5-8.5,2036,0.1197597778446895
corridor,SG_RT,wind,cmcc_cm2_sr5,SSP5-8.5,2037,0.0568436548562998
corridor,SG_RT,wind,cmcc_cm2_sr5,SSP5-8.5,2038,0.1186556927297643
corridor,SG_RT,wind,cmcc_cm2_sr5,SSP5-8.5,2039,0.1047375288567667
corridor,SG_RT,wind,cmcc_cm2_sr5,SSP5-8.5,2040,0.2320753454448076
corridor,SG_RT,wind,cmcc_cm2_sr5,SSP5-8.5,2041,0.1847502425641504
corridor,SG_RT,wind,cmcc_cm2_sr5,SSP5-8.5,2042,0.1057412425976087
corridor,SG_RT,wind,cmcc_cm2_sr5,SSP5-8.5,2043,0.1076817558299026
corridor,SG_RT,wind,cmcc_cm2_sr5,SSP5-8.5,2044,0.1163471511258296
corridor,SG_RT,wind,cmcc_cm2_sr5,SSP5-8.5,2045,0.0728194318980201
corridor,SG_RT,wind,cmcc_cm2_sr5,SSP5-8.5,2046,0.111261668172235
corridor,SG_RT,wind,cmcc_cm2_sr5,SSP5-8.5,2047,0.0514403292181051
corridor,SG_RT,wind,cmcc_cm2_sr5,SSP5-8.5,2048,0.12367426143397
corridor,SG_RT,wind,cmcc_cm2_sr5,SSP5-8.5,2049,0.06499046471946
corridor,SG_RT,wind,cmcc_cm2_sr5,SSP5-8.5,2050,0.1453879353608321
corridor,SG_RT,wind,cmcc_cm2_sr5,SSP5-8.5,2051,0.1671852520994319
corridor,SG_RT,wind,cmcc_cm2_sr5,SSP5-8.5,2052,0.1176687075512706
corridor,SG_RT,wind,cmcc_cm2_sr5,SSP5-8.5,2053,0.1394827528522171
corridor,SG_RT,wind,cmcc_cm2_sr5,SSP5-8.5,2054,0.0659774498979543
corridor,SG_RT,wind,cmcc_cm2_sr5,SSP5-8.5,2055,0.1365887115661247
corridor,SG_RT,wind,cmcc_cm2_sr5,SSP5-8.5,2056,0.0651075646558912
corridor,SG_RT,wind,cmcc_cm2_sr5,SSP5-8.5,2057,0.142343337013613
corridor,SG_RT,wind,cmcc_cm2_sr5,SSP5-8.5,2058,0.0871558098297004
corridor,SG_RT,wind,cmcc_cm2_sr5,SSP5-8.5,2059,0.0877413095118586
corridor,SG_RT,wind,cmcc_cm2_sr5,SSP5-8.5,2060,0.0390946502057598
corridor,SG_RT,wind,cmcc_cm2_sr5,SSP5-8.5,2061,0.0246244437753005
corridor,SG_RT,wind,cmcc_cm2_sr5,SSP5-8.5,2062,0.0207434173107159
corridor,SG_RT,wind,cmcc_cm2_sr5,SSP5-8.5,2063,0.0721502894041262
corridor,SG_RT,wind,cmcc_cm2_sr5,SSP5-8.5,2064,0.182659172270731
corridor,SG_RT,wind,cmcc_cm2_sr5,SSP5-8.5,2065,0.1523972029843711
corridor,SG_RT,wind,cmcc_cm2_sr5,SSP5-8.5,2066,0.1158787513801038
corridor,SG_RT,wind,cmcc_cm2_sr5,SSP5-8.5,2067,0.1077486700792908
corridor,SG_RT,wind,cmcc_cm2_sr5,SSP5-8.5,2068,0.1257987888520837
corridor,SG_RT,wind,cmcc_cm2_sr5,SSP5-8.5,2069,0.1392987386663952
corridor,SG_RT,wind,cmcc_cm2_sr5,SSP5-8.5,2070,0.1176352504265753
corridor,SG_RT,wind,cmcc_cm2_sr5,SSP5-8.5,2071,0.103047944059685
corridor,SG_RT,wind,cmcc_cm2_sr5,SSP5-8.5,2072,0.0673491920104345
corridor,SG_RT,wind,cmcc_cm2_sr5,SSP5-8.5,2073,0.027384656562614
corridor,SG_RT,wind,cmcc_cm2_sr5,SSP5-8.5,2074,0.1738264913513291
corridor,SG_RT,wind,cmcc_cm2_sr5,SSP5-8.5,2075,0.0660610927096916
corridor,SG_RT,wind,cmcc_cm2_sr5,SSP5-8.5,2076,0.2040550035129944
corridor,SG_RT,wind,cmcc_cm2_sr5,SSP5-8.5,2077,0.0210110743082728
corridor,SG_RT,wind,cmcc_cm2_sr5,SSP5-8.5,2078,0.0975944327344485
corridor,SG_RT,wind,cmcc_cm2_sr5,SSP5-8.5,2079,0.2495065074107477
corridor,SG_RT,wind,cmcc_cm2_sr5,SSP5-8.5,2080,0.1658469671116426
corridor,SG_RT,wind,cmcc_cm2_sr5,SSP5-8.5,2081,0.045501689584796
corridor,SG_RT,wind,cmcc_cm2_sr5,SSP5-8.5,2082,0.2374786710830018
corridor,SG_RT,wind,cmcc_cm2_sr5,SSP5-8.5,2083,0.1121817391013394
corridor,SG_RT,wind,cmcc_cm2_sr5,SSP5-8.5,2084,0.0443306902204803
corridor,SG_RT,wind,cmcc_cm2_sr5,SSP5-8.5,2085,0.0725183177757684
corridor,SG_RT,wind,cmcc_cm2_sr5,SSP5-8.5,2086,0.1712502927498378
corridor,SG_RT,wind,cmcc_cm2_sr5,SSP5-8.5,2087,0.104319314798084
corridor,SG_RT,wind,cmcc_cm2_sr5,SSP5-8.5,2088,0.1584863996788077
corridor,SG_RT,wind,cmcc_cm2_sr5,SSP5-8.5,2089,0.176068118705875
corridor,SG_RT,wind,cmcc_cm2_sr5,SSP5-8.5,2090,0.046940345946668
corridor,SG_RT,wind,cmcc_cm2_sr5,SSP5-8.5,2091,0.2643112850881546
corridor,SG_RT,wind,cmcc_cm2_sr5,SSP5-8.5,2092,0.1174846933654492
corridor,SG_RT,wind,cmcc_cm2_sr5,SSP5-8.5,2093,0.1053564856636191
corridor,SG_RT,wind,cmcc_cm2_sr5,SSP5-8.5,2094,0.3392552444042873
corridor,SG_RT,wind,cmcc_cm2_sr5,SSP5-8.5,2095,0.0802469135802449
corridor,SG_RT,wind,cmcc_cm2_sr5,SSP5-8.5,2096,0.1969955502024112
corridor,SG_RT,wind,cmcc_cm2_sr5,SSP5-8.5,2097,0.2064471879286656
corridor,SG_RT,wind,cmcc_cm2_sr5,SSP5-8.5,2098,0.1501221185051326
corridor,SG_RT,wind,cmcc_cm2_sr5,SSP5-8.5,2099,0.0319180969587461
corridor,SG_RT,wind,cmcc_cm2_sr5,SSP5-8.5,2100,0.172003078055469
corridor,SG_RT,wind,ipsl_cm6a_lr,SSP1-2.6,2015,0.0458529893940904
corridor,SG_RT,wind,ipsl_cm6a_lr,SSP1-2.6,2016,0.1365385258790837
corridor,SG_RT,wind,ipsl_cm6a_lr,SSP1-2.6,2017,0.1932483522366057
corridor,SG_RT,wind,ipsl_cm6a_lr,SSP1-2.6,2018,0.0348790524942276
corridor,SG_RT,wind,ipsl_cm6a_lr,SSP1-2.6,2019,0.2003914483589241
corridor,SG_RT,wind,ipsl_cm6a_lr,SSP1-2.6,2020,0.1025293586269179
corridor,SG_RT,wind,ipsl_cm6a_lr,SSP1-2.6,2021,0.0399143497607804
corridor,SG_RT,wind,ipsl_cm6a_lr,SSP1-2.6,2022,0.1890662116497677
corridor,SG_RT,wind,ipsl_cm6a_lr,SSP1-2.6,2023,0.1084847268225753
corridor,SG_RT,wind,ipsl_cm6a_lr,SSP1-2.6,2024,0.006858710562414
corridor,SG_RT,wind,ipsl_cm6a_lr,SSP1-2.6,2025,0.1798655023587248
corridor,SG_RT,wind,ipsl_cm6a_lr,SSP1-2.6,2026,0.0325035966409039
corridor,SG_RT,wind,ipsl_cm6a_lr,SSP1-2.6,2027,0.1095386262504567
corridor,SG_RT,wind,ipsl_cm6a_lr,SSP1-2.6,2028,0.2168021680216769
corridor,SG_RT,wind,ipsl_cm6a_lr,SSP1-2.6,2029,0.05627488373649
corridor,SG_RT,wind,ipsl_cm6a_lr,SSP1-2.6,2030,0.020927431496536
corridor,SG_RT,wind,ipsl_cm6a_lr,SSP1-2.6,2031,0.1173843219913658
corridor,SG_RT,wind,ipsl_cm6a_lr,SSP1-2.6,2032,0.0663622068319434
corridor,SG_RT,wind,ipsl_cm6a_lr,SSP1-2.6,2033,0.0021747131051554
corridor,SG_RT,wind,ipsl_cm6a_lr,SSP1-2.6,2034,0.0338418816286923
corridor,SG_RT,wind,ipsl_cm6a_lr,SSP1-2.6,2035,0.1279400448325436
corridor,SG_RT,wind,ipsl_cm6a_lr,SSP1-2.6,2036,0.1869082271069603
corridor,SG_RT,wind,ipsl_cm6a_lr,SSP1-2.6,2037,0.1032319582455064
corridor,SG_RT,wind,ipsl_cm6a_lr,SSP1-2.6,2038,0.0884940948174895
corridor,SG_RT,wind,ipsl_cm6a_lr,SSP1-2.6,2039,0.1050721001037156
corridor,SG_RT,wind,ipsl_cm6a_lr,SSP1-2.6,2040,0.0634681655458516
corridor,SG_RT,wind,ipsl_cm6a_lr,SSP1-2.6,2041,0.240238883870316
corridor,SG_RT,wind,ipsl_cm6a_lr,SSP1-2.6,2042,0.0656428786510069
corridor,SG_RT,wind,ipsl_cm6a_lr,SSP1-2.6,2043,0.1195088494094797
corridor,SG_RT,wind,ipsl_cm6a_lr,SSP1-2.6,2044,0.1097059118739309
corridor,SG_RT,wind,ipsl_cm6a_lr,SSP1-2.6,2045,0.0102211515942316
corridor,SG_RT,wind,ipsl_cm6a_lr,SSP1-2.6,2046,0.1945699086620455
corridor,SG_RT,wind,ipsl_cm6a_lr,SSP1-2.6,2047,0.0008866138044095
corridor,SG_RT,wind,ipsl_cm6a_lr,SSP1-2.6,2048,0.0511559436582007
corridor,SG_RT,wind,ipsl_cm6a_lr,SSP1-2.6,2049,0.1412727090233843
corridor,SG_RT,wind,ipsl_cm6a_lr,SSP1-2.6,2050,0.1276723878349871
corridor,SG_RT,wind,ipsl_cm6a_lr,SSP1-2.6,2051,0.1196259493459115
corridor,SG_RT,wind,ipsl_cm6a_lr,SSP1-2.6,2052,0.1959918364615717
corridor,SG_RT,wind,ipsl_cm6a_lr,SSP1-2.6,2053,0.1083007126367545
corridor,SG_RT,wind,ipsl_cm6a_lr,SSP1-2.6,2054,0.0532971996386618
corridor,SG_RT,wind,ipsl_cm6a_lr,SSP1-2.6,2055,0.0891297801866885
corridor,SG_RT,wind,ipsl_cm6a_lr,SSP1-2.6,2056,0.0193884037605794
corridor,SG_RT,wind,ipsl_cm6a_lr,SSP1-2.6,2057,0.0189869182642431
corridor,SG_RT,wind,ipsl_cm6a_lr,SSP1-2.6,2058,0.1608953126568278
corridor,SG_RT,wind,ipsl_cm6a_lr,SSP1-2.6,2059,0.1280069590819327
corridor,SG_RT,wind,ipsl_cm6a_lr,SSP1-2.6,2060,0.0518585432767894
corridor,SG_RT,wind,ipsl_cm6a_lr,SSP1-2.6,2061,0.0206765030613261
corridor,SG_RT,wind,ipsl_cm6a_lr,SSP1-2.6,2062,0.0796781424604356
corridor,SG_RT,wind,ipsl_cm6a_lr,SSP1-2.6,2063,0.0275686707484348
corridor,SG_RT,wind,ipsl_cm6a_lr,SSP1-2.6,2064,0.2258523202515934
corridor,SG_RT,wind,ipsl_cm6a_lr,SSP1-2.6,2065,0.1226036334437393
corridor,SG_RT,wind,ipsl_cm6a_lr,SSP1-2.6,2066,0.0548194988122708
corridor,SG_RT,wind,ipsl_cm6a_lr,SSP1-2.6,2067,0.0985145036635523
corridor,SG_RT,wind,ipsl_cm6a_lr,SSP1-2.6,2068,0.247064137308036
corridor,SG_RT,wind,ipsl_cm6a_lr,SSP1-2.6,2069,0.2194285523102107
corridor,SG_RT,wind,ipsl_cm6a_lr,SSP1-2.6,2070,0.0767673726119965
corridor,SG_RT,wind,ipsl_cm6a_lr,SSP1-2.6,2071,0.2455920238214685
corridor,SG_RT,wind,ipsl_cm6a_lr,SSP1-2.6,2072,0.1466593060992302
corridor,SG_RT,wind,ipsl_cm6a_lr,SSP1-2.6,2073,0.0668138780153224
corridor,SG_RT,wind,ipsl_cm6a_lr,SSP1-2.6,2074,0.0667135066412379
corridor,SG_RT,wind,ipsl_cm6a_lr,SSP1-2.6,2075,0.1146910234534415
corridor,SG_RT,wind,ipsl_cm6a_lr,SSP1-2.6,2076,0.1237746328080542
corridor,SG_RT,wind,ipsl_cm6a_lr,SSP1-2.6,2077,0.0303121549734002
corridor,SG_RT,wind,ipsl_cm6a_lr,SSP1-2.6,2078,0.1423935227006559
corridor,SG_RT,wind,ipsl_cm6a_lr,SSP1-2.6,2079,0.2020643045936594
corridor,SG_RT,wind,ipsl_cm6a_lr,SSP1-2.6,2080,0.0260129144501307
corridor,SG_RT,wind,ipsl_cm6a_lr,SSP1-2.6,2081,0.1662819097326755
corridor,SG_RT,wind,ipsl_cm6a_lr,SSP1-2.6,2082,0.1225199906320027
corridor,SG_RT,wind,ipsl_cm6a_lr,SSP1-2.6,2083,0.0628324801766521
corridor,SG_RT,wind,ipsl_cm6a_lr,SSP1-2.6,2084,0.104821171668505
corridor,SG_RT,wind,ipsl_cm6a_lr,SSP1-2.6,2085,0.1300311151259642
corridor,SG_RT,wind,ipsl_cm6a_lr,SSP1-2.6,2086,0.0384756933989084
corridor,SG_RT,wind,ipsl_cm6a_lr,SSP1-2.6,2087,0.0203586603767265
corridor,SG_RT,wind,ipsl_cm6a_lr,SSP1-2.6,2088,0.051841814714442
corridor,SG_RT,wind,ipsl_cm6a_lr,SSP1-2.6,2089,0.0315667971494515
corridor,SG_RT,wind,ipsl_cm6a_lr,SSP1-2.6,2090,0.2971159958513127
corridor,SG_RT,wind,ipsl_cm6a_lr,SSP1-2.6,2091,0.1601592559135443
corridor,SG_RT,wind,ipsl_cm6a_lr,SSP1-2.6,2092,0.0254608718926685
corridor,SG_RT,wind,ipsl_cm6a_lr,SSP1-2.6,2093,0.0553548128073863
corridor,SG_RT,wind,ipsl_cm6a_lr,SSP1-2.6,2094,0.1745290909699181
corridor,SG_RT,wind,ipsl_cm6a_lr,SSP1-2.6,2095,0.0238716584696705
corridor,SG_RT,wind,ipsl_cm6a_lr,SSP1-2.6,2096,0.0780889290374375
corridor,SG_RT,wind,ipsl_cm6a_lr,SSP1-2.6,2097,0.0993342032185738
corridor,SG_RT,wind,ipsl_cm6a_lr,SSP1-2.6,2098,0.0913379504165396
corridor,SG_RT,wind,ipsl_cm6a_lr,SSP1-2.6,2099,0.0489645019906981
corridor,SG_RT,wind,ipsl_cm6a_lr,SSP1-2.6,2100,0.1224698049449604
corridor,SG_RT,wind,ipsl_cm6a_lr,SSP2-4.5,2015,0.1250794606711479
corridor,SG_RT,wind,ipsl_cm6a_lr,SSP2-4.5,2016,0.1910401820067551
corridor,SG_RT,wind,ipsl_cm6a_lr,SSP2-4.5,2017,0.1657967814246013
corridor,SG_RT,wind,ipsl_cm6a_lr,SSP2-4.5,2018,0.1028137441868225
corridor,SG_RT,wind,ipsl_cm6a_lr,SSP2-4.5,2019,0.1839305430091308
corridor,SG_RT,wind,ipsl_cm6a_lr,SSP2-4.5,2020,0.0400649068219067
corridor,SG_RT,wind,ipsl_cm6a_lr,SSP2-4.5,2021,0.0675332061962582
corridor,SG_RT,wind,ipsl_cm6a_lr,SSP2-4.5,2022,0.2399544983104112
corridor,SG_RT,wind,ipsl_cm6a_lr,SSP2-4.5,2023,0.0824216266854005
corridor,SG_RT,wind,ipsl_cm6a_lr,SSP2-4.5,2024,0.1362875974438722
corridor,SG_RT,wind,ipsl_cm6a_lr,SSP2-4.5,2025,0.1041520291746108
corridor,SG_RT,wind,ipsl_cm6a_lr,SSP2-4.5,2026,0.0555890126802491
corridor,SG_RT,wind,ipsl_cm6a_lr,SSP2-4.5,2027,0.0979959182307859
corridor,SG_RT,wind,ipsl_cm6a_lr,SSP2-4.5,2028,0.0593863963330983
corridor,SG_RT,wind,ipsl_cm6a_lr,SSP2-4.5,2029,0.0726521462745475
corridor,SG_RT,wind,ipsl_cm6a_lr,SSP2-4.5,2030,0.0604068386362863
corridor,SG_RT,wind,ipsl_cm6a_lr,SSP2-4.5,2031,0.0627990230519578
corridor,SG_RT,wind,ipsl_cm6a_lr,SSP2-4.5,2032,0.1329920706614433
corridor,SG_RT,wind,ipsl_cm6a_lr,SSP2-4.5,2033,0.2109304426377562
corridor,SG_RT,wind,ipsl_cm6a_lr,SSP2-4.5,2034,0.0564254407976166
corridor,SG_RT,wind,ipsl_cm6a_lr,SSP2-4.5,2035,0.0728194318980212
corridor,SG_RT,wind,ipsl_cm6a_lr,SSP2-4.5,2036,0.1538693164709406
corridor,SG_RT,wind,ipsl_cm6a_lr,SSP2-4.5,2037,0.0935126635216946
corridor,SG_RT,wind,ipsl_cm6a_lr,SSP2-4.5,2038,0.1368229114389874
corridor,SG_RT,wind,ipsl_cm6a_lr,SSP2-4.5,2039,0.0139516209976907
corridor,SG_RT,wind,ipsl_cm6a_lr,SSP2-4.5,2040,0.0343771956238075
corridor,SG_RT,wind,ipsl_cm6a_lr,SSP2-4.5,2041,0.1911070962561438
corridor,SG_RT,wind,ipsl_cm6a_lr,SSP2-4.5,2042,0.0485462879320139
corridor,SG_RT,wind,ipsl_cm6a_lr,SSP2-4.5,2043,0.1191742781625324
corridor,SG_RT,wind,ipsl_cm6a_lr,SSP2-4.5,2044,0.0532135568269254
corridor,SG_RT,wind,ipsl_cm6a_lr,SSP2-4.5,2045,0.0686038341864891
corridor,SG_RT,wind,ipsl_cm6a_lr,SSP2-4.5,2046,0.1292616012579843
corridor,SG_RT,wind,ipsl_cm6a_lr,SSP2-4.5,2047,0.063970022416272
corridor,SG_RT,wind,ipsl_cm6a_lr,SSP2-4.5,2048,0.1641741108769083
corridor,SG_RT,wind,ipsl_cm6a_lr,SSP2-4.5,2049,0.1598748703536389
corridor,SG_RT,wind,ipsl_cm6a_lr,SSP2-4.5,2050,0.1325236709157193
corridor,SG_RT,wind,ipsl_cm6a_lr,SSP2-4.5,2051,0.1470607915955675
corridor,SG_RT,wind,ipsl_cm6a_lr,SSP2-4.5,2052,0.0524440429589472
corridor,SG_RT,wind,ipsl_cm6a_lr,SSP2-4.5,2053,0.1116631536685704
corridor,SG_RT,wind,ipsl_cm6a_lr,SSP2-4.5,2054,0.0393623072033183
corridor,SG_RT,wind,ipsl_cm6a_lr,SSP2-4.5,2055,0.0127471645086811
corridor,SG_RT,wind,ipsl_cm6a_lr,SSP2-4.5,2056,0.0936297634581264
corridor,SG_RT,wind,ipsl_cm6a_lr,SSP2-4.5,2057,0.0363846231054892
corridor,SG_RT,wind,ipsl_cm6a_lr,SSP2-4.5,2058,0.1119140821037825
corridor,SG_RT,wind,ipsl_cm6a_lr,SSP2-4.5,2059,0.1683395229013981
corridor,SG_RT,wind,ipsl_cm6a_lr,SSP2-4.5,2060,0.2237445213958276
corridor,SG_RT,wind,ipsl_cm6a_lr,SSP2-4.5,2061,0.077536886479974
corridor,SG_RT,wind,ipsl_cm6a_lr,SSP2-4.5,2062,0.0106895513399573
corridor,SG_RT,wind,ipsl_cm6a_lr,SSP2-4.5,2063,0.0513065007193272
corridor,SG_RT,wind,ipsl_cm6a_lr,SSP2-4.5,2064,0.0447489042791649
corridor,SG_RT,wind,ipsl_cm6a_lr,SSP2-4.5,2065,0.0882933520693207
corridor,SG_RT,wind,ipsl_cm6a_lr,SSP2-4.5,2066,0.0156746629194681
corridor,SG_RT,wind,ipsl_cm6a_lr,SSP2-4.5,2067,0.109789554685669
corridor,SG_RT,wind,ipsl_cm6a_lr,SSP2-4.5,2068,0.1263173742848522
corridor,SG_RT,wind,ipsl_cm6a_lr,SSP2-4.5,2069,0.2122018133761533
corridor,SG_RT,wind,ipsl_cm6a_lr,SSP2-4.5,2070,0.0299441266017593
corridor,SG_RT,wind,ipsl_cm6a_lr,SSP2-4.5,2071,0.2089397437184201
corridor,SG_RT,wind,ipsl_cm6a_lr,SSP2-4.5,2072,0.1205460202750149
corridor,SG_RT,wind,ipsl_cm6a_lr,SSP2-4.5,2073,0.0704439760446976
corridor,SG_RT,wind,ipsl_cm6a_lr,SSP2-4.5,2074,0.1196928635953003
corridor,SG_RT,wind,ipsl_cm6a_lr,SSP2-4.5,2075,0.1908896249456267
corridor,SG_RT,wind,ipsl_cm6a_lr,SSP2-4.5,2076,0.0920238214727807
corridor,SG_RT,wind,ipsl_cm6a_lr,SSP2-4.5,2077,0.0846799826022932
corridor,SG_RT,wind,ipsl_cm6a_lr,SSP2-4.5,2078,0.0869216099568383
corridor,SG_RT,wind,ipsl_cm6a_lr,SSP2-4.5,2079,0.0991334604704054
corridor,SG_RT,wind,ipsl_cm6a_lr,SSP2-4.5,2080,0.129060858509818
corridor,SG_RT,wind,ipsl_cm6a_lr,SSP2-4.5,2081,0.2137073839874171
corridor,SG_RT,wind,ipsl_cm6a_lr,SSP2-4.5,2082,0.1003211883970674
corridor,SG_RT,wind,ipsl_cm6a_lr,SSP2-4.5,2083,0.0130984643179754
corridor,SG_RT,wind,ipsl_cm6a_lr,SSP2-4.5,2084,0.0364849944795738
corridor,SG_RT,wind,ipsl_cm6a_lr,SSP2-4.5,2085,0.0126300645722501
corridor,SG_RT,wind,ipsl_cm6a_lr,SSP2-4.5,2086,0.1806182876643551
corridor,SG_RT,wind,ipsl_cm6a_lr,SSP2-4.5,2087,0.1450199069891915
corridor,SG_RT,wind,ipsl_cm6a_lr,SSP2-4.5,2088,0.2806550905015176
corridor,SG_RT,wind,ipsl_cm6a_lr,SSP2-4.5,2089,0.0999364314630776
corridor,SG_RT,wind,ipsl_cm6a_lr,SSP2-4.5,2090,0.251246277894873
corridor,SG_RT,wind,ipsl_cm6a_lr,SSP2-4.5,2091,0.0922747499079903
corridor,SG_RT,wind,ipsl_cm6a_lr,SSP2-4.5,2092,0.0006189568068519
corridor,SG_RT,wind,ipsl_cm6a_lr,SSP2-4.5,2093,0.0344273813108489
corridor,SG_RT,wind,ipsl_cm6a_lr,SSP2-4.5,2094,0.0955702766904188
corridor,SG_RT,wind,ipsl_cm6a_lr,SSP2-4.5,2095,0.0821037840008014
corridor,SG_RT,wind,ipsl_cm6a_lr,SSP2-4.5,2096,0.0544347418782818
corridor,SG_RT,wind,ipsl_cm6a_lr,SSP2-4.5,2097,0.1062263709056819
corridor,SG_RT,wind,ipsl_cm6a_lr,SSP2-4.5,2098,0.0965907189936075
corridor,SG_RT,wind,ipsl_cm6a_lr,SSP2-4.5,2099,0.0342600956873757
corridor,SG_RT,wind,ipsl_cm6a_lr,SSP2-4.5,2100,0.0192545752618015
corridor,SG_RT,wind,ipsl_cm6a_lr,SSP5-8.5,2015,0.1649603533072334
corridor,SG_RT,wind,ipsl_cm6a_lr,SSP5-8.5,2016,0.0113586938338511
corridor,SG_RT,wind,ipsl_cm6a_lr,SSP5-8.5,2017,0.0401652781959909
corridor,SG_RT,wind,ipsl_cm6a_lr,SSP5-8.5,2018,0.1808692160995647
corridor,SG_RT,wind,ipsl_cm6a_lr,SSP5-8.5,2019,0.1725551206129312
corridor,SG_RT,wind,ipsl_cm6a_lr,SSP5-8.5,2020,0.0456187895212278
corridor,SG_RT,wind,ipsl_cm6a_lr,SSP5-8.5,2021,0.0756800160594183
corridor,SG_RT,wind,ipsl_cm6a_lr,SSP5-8.5,2022,0.0324366823915136
corridor,SG_RT,wind,ipsl_cm6a_lr,SSP5-8.5,2023,0.0408344206898848
corridor,SG_RT,wind,ipsl_cm6a_lr,SSP5-8.5,2024,0.1174177791160606
corridor,SG_RT,wind,ipsl_cm6a_lr,SSP5-8.5,2025,0.0099869517213688
corridor,SG_RT,wind,ipsl_cm6a_lr,SSP5-8.5,2026,0.0588845394626772
corridor,SG_RT,wind,ipsl_cm6a_lr,SSP5-8.5,2027,0.1062430994680302
corridor,SG_RT,wind,ipsl_cm6a_lr,SSP5-8.5,2028,0.0239887584061015
corridor,SG_RT,wind,ipsl_cm6a_lr,SSP5-8.5,2029,0.0793435712134877
corridor,SG_RT,wind,ipsl_cm6a_lr,SSP5-8.5,2030,0.0677339489444266
corridor,SG_RT,wind,ipsl_cm6a_lr,SSP5-8.5,2031,0.1204791060256247
corridor,SG_RT,wind,ipsl_cm6a_lr,SSP5-8.5,2032,0.0356318377998587
corridor,SG_RT,wind,ipsl_cm6a_lr,SSP5-8.5,2033,0.0339255244404289
corridor,SG_RT,wind,ipsl_cm6a_lr,SSP5-8.5,2034,0.0786242430325512
corridor,SG_RT,wind,ipsl_cm6a_lr,SSP5-8.5,2035,0.0917728930375701
corridor,SG_RT,wind,ipsl_cm6a_lr,SSP5-8.5,2036,0.0862022817759017
corridor,SG_RT,wind,ipsl_cm6a_lr,SSP5-8.5,2037,0.0228679447288292
corridor,SG_RT,wind,ipsl_cm6a_lr,SSP5-8.5,2038,0.0597376961423924
corridor,SG_RT,wind,ipsl_cm6a_lr,SSP5-8.5,2039,0.0807487704506658
corridor,SG_RT,wind,ipsl_cm6a_lr,SSP5-8.5,2040,0.0531131854528411
corridor,SG_RT,wind,ipsl_cm6a_lr,SSP5-8.5,2041,0.1967780788918971
corridor,SG_RT,wind,ipsl_cm6a_lr,SSP5-8.5,2042,0.1046371574826844
corridor,SG_RT,wind,ipsl_cm6a_lr,SSP5-8.5,2043,0.1799324166081127
corridor,SG_RT,wind,ipsl_cm6a_lr,SSP5-8.5,2044,0.0271671852520985
corridor,SG_RT,wind,ipsl_cm6a_lr,SSP5-8.5,2045,0.1442671216835594
corridor,SG_RT,wind,ipsl_cm6a_lr,SSP5-8.5,2046,0.1958078222757514
corridor,SG_RT,wind,ipsl_cm6a_lr,SSP5-8.5,2047,0.0668640637023635
corridor,SG_RT,wind,ipsl_cm6a_lr,SSP5-8.5,2048,0.118572049918028
corridor,SG_RT,wind,ipsl_cm6a_lr,SSP5-8.5,2049,0.2175214962026126
corridor,SG_RT,wind,ipsl_cm6a_lr,SSP5-8.5,2050,0.1093378835022888
corridor,SG_RT,wind,ipsl_cm6a_lr,SSP5-8.5,2051,0.0305296262839167
corridor,SG_RT,wind,ipsl_cm6a_lr,SSP5-8.5,2052,0.2643781993375449
corridor,SG_RT,wind,ipsl_cm6a_lr,SSP5-8.5,2053,0.0233865301615975
corridor,SG_RT,wind,ipsl_cm6a_lr,SSP5-8.5,2054,0.0306467262203475
corridor,SG_RT,wind,ipsl_cm6a_lr,SSP5-8.5,2055,0.0932450065241378
corridor,SG_RT,wind,ipsl_cm6a_lr,SSP5-8.5,2056,0.1324232995416351
corridor,SG_RT,wind,ipsl_cm6a_lr,SSP5-8.5,2057,0.2220214794740511
corridor,SG_RT,wind,ipsl_cm6a_lr,SSP5-8.5,2058,0.0732878316437474
corridor,SG_RT,wind,ipsl_cm6a_lr,SSP5-8.5,2059,0.3328649335876034
corridor,SG_RT,wind,ipsl_cm6a_lr,SSP5-8.5,2060,0.0211114456823573
corridor,SG_RT,wind,ipsl_cm6a_lr,SSP5-8.5,2061,0.2523001773227574
corridor,SG_RT,wind,ipsl_cm6a_lr,SSP5-8.5,2062,0.14565559235839
corridor,SG_RT,wind,ipsl_cm6a_lr,SSP5-8.5,2063,0.1634882398206671
corridor,SG_RT,wind,ipsl_cm6a_lr,SSP5-8.5,2064,0.131586871424268
corridor,SG_RT,wind,ipsl_cm6a_lr,SSP5-8.5,2065,0.0434440764160714
corridor,SG_RT,wind,ipsl_cm6a_lr,SSP5-8.5,2066,0.1329920706614439
corridor,SG_RT,wind,ipsl_cm6a_lr,SSP5-8.5,2067,0.1483823480210082
corridor,SG_RT,wind,ipsl_cm6a_lr,SSP5-8.5,2068,0.173374820167952
corridor,SG_RT,wind,ipsl_cm6a_lr,SSP5-8.5,2069,0.278714577269226
corridor,SG_RT,wind,ipsl_cm6a_lr,SSP5-8.5,2070,0.0861353675265138
corridor,SG_RT,wind,ipsl_cm6a_lr,SSP5-8.5,2071,0.0411689919368313
corridor,SG_RT,wind,ipsl_cm6a_lr,SSP5-8.5,2072,0.1571983003780623
corridor,SG_RT,wind,ipsl_cm6a_lr,SSP5-8.5,2073,0.0374385225333723
corridor,SG_RT,wind,ipsl_cm6a_lr,SSP5-8.5,2074,0.0797952423968673
corridor,SG_RT,wind,ipsl_cm6a_lr,SSP5-8.5,2075,0.0500351299809285
corridor,SG_RT,wind,ipsl_cm6a_lr,SSP5-8.5,2076,0.0774867007929326
corridor,SG_RT,wind,ipsl_cm6a_lr,SSP5-8.5,2077,0.0673659205727845
corridor,SG_RT,wind,ipsl_cm6a_lr,SSP5-8.5,2078,0.0739235170129462
corridor,SG_RT,wind,ipsl_cm6a_lr,SSP5-8.5,2079,0.1566964435076427
corridor,SG_RT,wind,ipsl_cm6a_lr,SSP5-8.5,2080,0.104637157482684
corridor,SG_RT,wind,ipsl_cm6a_lr,SSP5-8.5,2081,0.0467396031984993
corridor,SG_RT,wind,ipsl_cm6a_lr,SSP5-8.5,2082,0.1941516946033627
corridor,SG_RT,wind,ipsl_cm6a_lr,SSP5-8.5,2083,0.1260329887249464
corridor,SG_RT,wind,ipsl_cm6a_lr,SSP5-8.5,2084,0.0072769246210979
corridor,SG_RT,wind,ipsl_cm6a_lr,SSP5-8.5,2085,0.0824718123724425
corridor,SG_RT,wind,ipsl_cm6a_lr,SSP5-8.5,2086,0.1853524708086536
corridor,SG_RT,wind,ipsl_cm6a_lr,SSP5-8.5,2087,0.043979390411187
corridor,SG_RT,wind,ipsl_cm6a_lr,SSP5-8.5,2088,0.227240790926423
corridor,SG_RT,wind,ipsl_cm6a_lr,SSP5-8.5,2089,0.0243902439024383
corridor,SG_RT,wind,ipsl_cm6a_lr,SSP5-8.5,2090,0.0775536150423221
corridor,SG_RT,wind,ipsl_cm6a_lr,SSP5-8.5,2091,0.2167854394593285
corridor,SG_RT,wind,ipsl_cm6a_lr,SSP5-8.5,2092,0.244103181772554
corridor,SG_RT,wind,ipsl_cm6a_lr,SSP5-8.5,2093,0.2431831108434498
corridor,SG_RT,wind,ipsl_cm6a_lr,SSP5-8.5,2094,0.126417745658934
corridor,SG_RT,wind,ipsl_cm6a_lr,SSP5-8.5,2095,0.0932784636488321
corridor,SG_RT,wind,ipsl_cm6a_lr,SSP5-8.5,2096,0.098681789287027
corridor,SG_RT,wind,ipsl_cm6a_lr,SSP5-8.5,2097,0.1070126133360076
corridor,SG_RT,wind,ipsl_cm6a_lr,SSP5-8.5,2098,0.2547258188631215
corridor,SG_RT,wind,ipsl_cm6a_lr,SSP5-8.5,2099,0.1589547994245349
corridor,SG_RT,wind,ipsl_cm6a_lr,SSP5-8.5,2100,0.1328247850379721
corridor,SG_RT,wind,mpi_esm1_2_lr,SSP1-2.6,2015,0.3438723276121571
corridor,SG_RT,wind,mpi_esm1_2_lr,SSP1-2.6,2016,0.4987788149486356
corridor,SG_RT,wind,mpi_esm1_2_lr,SSP1-2.6,2017,0.1612633410284689
corridor,SG_RT,wind,mpi_esm1_2_lr,SSP1-2.6,2018,0.1835123289504452
corridor,SG_RT,wind,mpi_esm1_2_lr,SSP1-2.6,2019,0.0521094717119994
corridor,SG_RT,wind,mpi_esm1_2_lr,SSP1-2.6,2020,0.1193750209106993
corridor,SG_RT,wind,mpi_esm1_2_lr,SSP1-2.6,2021,0.1268359597176192
corridor,SG_RT,wind,mpi_esm1_2_lr,SSP1-2.6,2022,0.2815918899929679
corridor,SG_RT,wind,mpi_esm1_2_lr,SSP1-2.6,2023,0.0701930476094861
corridor,SG_RT,wind,mpi_esm1_2_lr,SSP1-2.6,2024,0.1376426109940067
corridor,SG_RT,wind,mpi_esm1_2_lr,SSP1-2.6,2025,0.1226203620060866
corridor,SG_RT,wind,mpi_esm1_2_lr,SSP1-2.6,2026,0.1966275218307708
corridor,SG_RT,wind,mpi_esm1_2_lr,SSP1-2.6,2027,0.1212486198936031
corridor,SG_RT,wind,mpi_esm1_2_lr,SSP1-2.6,2028,0.0317508113352724
corridor,SG_RT,wind,mpi_esm1_2_lr,SSP1-2.6,2029,0.2030011040851116
corridor,SG_RT,wind,mpi_esm1_2_lr,SSP1-2.6,2030,0.1204456489009309
corridor,SG_RT,wind,mpi_esm1_2_lr,SSP1-2.6,2031,0.1279400448325453
corridor,SG_RT,wind,mpi_esm1_2_lr,SSP1-2.6,2032,0.089648365619457
corridor,SG_RT,wind,mpi_esm1_2_lr,SSP1-2.6,2033,0.1880290407842316
corridor,SG_RT,wind,mpi_esm1_2_lr,SSP1-2.6,2034,0.0421894342400206
corridor,SG_RT,wind,mpi_esm1_2_lr,SSP1-2.6,2035,0.2354712436013211
corridor,SG_RT,wind,mpi_esm1_2_lr,SSP1-2.6,2036,0.4816320385425978
corridor,SG_RT,wind,mpi_esm1_2_lr,SSP1-2.6,2037,0.1247783465488945
corridor,SG_RT,wind,mpi_esm1_2_lr,SSP1-2.6,2038,0.2475492656161068
corridor,SG_RT,wind,mpi_esm1_2_lr,SSP1-2.6,2039,0.0877914951989011
corridor,SG_RT,wind,mpi_esm1_2_lr,SSP1-2.6,2040,0.0523102144601678
corridor,SG_RT,wind,mpi_esm1_2_lr,SSP1-2.6,2041,0.1430292080698556
corridor,SG_RT,wind,mpi_esm1_2_lr,SSP1-2.6,2042,0.1188898926026273
corridor,SG_RT,wind,mpi_esm1_2_lr,SSP1-2.6,2043,0.1052561142895356
corridor,SG_RT,wind,mpi_esm1_2_lr,SSP1-2.6,2044,0.2165177824617699
corridor,SG_RT,wind,mpi_esm1_2_lr,SSP1-2.6,2045,0.0739235170129461
corridor,SG_RT,wind,mpi_esm1_2_lr,SSP1-2.6,2046,0.1498042758205333
corridor,SG_RT,wind,mpi_esm1_2_lr,SSP1-2.6,2047,0.0991167319080577
corridor,SG_RT,wind,mpi_esm1_2_lr,SSP1-2.6,2048,0.042038877178894
corridor,SG_RT,wind,mpi_esm1_2_lr,SSP1-2.6,2049,0.1332095419719597
corridor,SG_RT,wind,mpi_esm1_2_lr,SSP1-2.6,2050,0.1168322794339036
corridor,SG_RT,wind,mpi_esm1_2_lr,SSP1-2.6,2051,0.1783264746227677
corridor,SG_RT,wind,mpi_esm1_2_lr,SSP1-2.6,2052,0.1793469169259562
corridor,SG_RT,wind,mpi_esm1_2_lr,SSP1-2.6,2053,0.2496737930342215
corridor,SG_RT,wind,mpi_esm1_2_lr,SSP1-2.6,2054,0.1816052728428476
corridor,SG_RT,wind,mpi_esm1_2_lr,SSP1-2.6,2055,0.2489879219779812
corridor,SG_RT,wind,mpi_esm1_2_lr,SSP1-2.6,2056,0.0645722506607767
corridor,SG_RT,wind,mpi_esm1_2_lr,SSP1-2.6,2057,0.1145237378299692
corridor,SG_RT,wind,mpi_esm1_2_lr,SSP1-2.6,2058,0.078088929037436
corridor,SG_RT,wind,mpi_esm1_2_lr,SSP1-2.6,2059,0.0573120546020259
corridor,SG_RT,wind,mpi_esm1_2_lr,SSP1-2.6,2060,0.0385426076482969
corridor,SG_RT,wind,mpi_esm1_2_lr,SSP1-2.6,2061,0.2244638495767613
corridor,SG_RT,wind,mpi_esm1_2_lr,SSP1-2.6,2062,0.0570611261668163
corridor,SG_RT,wind,mpi_esm1_2_lr,SSP1-2.6,2063,0.1045869717956426
corridor,SG_RT,wind,mpi_esm1_2_lr,SSP1-2.6,2064,0.0796446853357403
corridor,SG_RT,wind,mpi_esm1_2_lr,SSP1-2.6,2065,0.1962594934591253
corridor,SG_RT,wind,mpi_esm1_2_lr,SSP1-2.6,2066,0.2495566930977906
corridor,SG_RT,wind,mpi_esm1_2_lr,SSP1-2.6,2067,0.0795275853993088
corridor,SG_RT,wind,mpi_esm1_2_lr,SSP1-2.6,2068,0.1016427448225074
corridor,SG_RT,wind,mpi_esm1_2_lr,SSP1-2.6,2069,0.1205292917126664
corridor,SG_RT,wind,mpi_esm1_2_lr,SSP1-2.6,2070,0.0993174746562261
corridor,SG_RT,wind,mpi_esm1_2_lr,SSP1-2.6,2071,0.1592893706714816
corridor,SG_RT,wind,mpi_esm1_2_lr,SSP1-2.6,2072,0.0208772458094945
corridor,SG_RT,wind,mpi_esm1_2_lr,SSP1-2.6,2073,0.030713640469737
corridor,SG_RT,wind,mpi_esm1_2_lr,SSP1-2.6,2074,0.1437819933754875
corridor,SG_RT,wind,mpi_esm1_2_lr,SSP1-2.6,2075,0.0746930308809243
corridor,SG_RT,wind,mpi_esm1_2_lr,SSP1-2.6,2076,0.1375422396199224
corridor,SG_RT,wind,mpi_esm1_2_lr,SSP1-2.6,2077,0.1204791060256257
corridor,SG_RT,wind,mpi_esm1_2_lr,SSP1-2.6,2078,0.189216768710894
corridor,SG_RT,wind,mpi_esm1_2_lr,SSP1-2.6,2079,0.2054100170631281
corridor,SG_RT,wind,mpi_esm1_2_lr,SSP1-2.6,2080,0.1287430158252176
corridor,SG_RT,wind,mpi_esm1_2_lr,SSP1-2.6,2081,0.1346314697714849
corridor,SG_RT,wind,mpi_esm1_2_lr,SSP1-2.6,2082,0.1173341363043235
corridor,SG_RT,wind,mpi_esm1_2_lr,SSP1-2.6,2083,0.0830238549299062
corridor,SG_RT,wind,mpi_esm1_2_lr,SSP1-2.6,2084,0.2502927498410751
corridor,SG_RT,wind,mpi_esm1_2_lr,SSP1-2.6,2085,0.1119977249155191
corridor,SG_RT,wind,mpi_esm1_2_lr,SSP1-2.6,2086,0.0589347251497191
corridor,SG_RT,wind,mpi_esm1_2_lr,SSP1-2.6,2087,0.0764997156144377
corridor,SG_RT,wind,mpi_esm1_2_lr,SSP1-2.6,2088,0.0909364649202027
corridor,SG_RT,wind,mpi_esm1_2_lr,SSP1-2.6,2089,0.0698250192378441
corridor,SG_RT,wind,mpi_esm1_2_lr,SSP1-2.6,2090,0.0580146542206148
corridor,SG_RT,wind,mpi_esm1_2_lr,SSP1-2.6,2091,0.0859178962159967
corridor,SG_RT,wind,mpi_esm1_2_lr,SSP1-2.6,2092,0.2129545986817858
corridor,SG_RT,wind,mpi_esm1_2_lr,SSP1-2.6,2093,0.0750610592525659
corridor,SG_RT,wind,mpi_esm1_2_lr,SSP1-2.6,2094,0.1432801365050652
corridor,SG_RT,wind,mpi_esm1_2_lr,SSP1-2.6,2095,0.1656796814881699
corridor,SG_RT,wind,mpi_esm1_2_lr,SSP1-2.6,2096,0.3623406604436355
corridor,SG_RT,wind,mpi_esm1_2_lr,SSP1-2.6,2097,0.0788082572183728
corridor,SG_RT,wind,mpi_esm1_2_lr,SSP1-2.6,2098,0.033975710127471
corridor,SG_RT,wind,mpi_esm1_2_lr,SSP1-2.6,2099,0.0431262337314719
corridor,SG_RT,wind,mpi_esm1_2_lr,SSP1-2.6,2100,0.2292482184081061
corridor,SG_RT,wind,mpi_esm1_2_lr,SSP2-4.5,2015,0.0338418816286912
corridor,SG_RT,wind,mpi_esm1_2_lr,SSP2-4.5,2016,0.0683696343136256
corridor,SG_RT,wind,mpi_esm1_2_lr,SSP2-4.5,2017,0.1629027401385094
corridor,SG_RT,wind,mpi_esm1_2_lr,SSP2-4.5,2018,0.1236408043092739
corridor,SG_RT,wind,mpi_esm1_2_lr,SSP2-4.5,2019,0.0344942955602382
corridor,SG_RT,wind,mpi_esm1_2_lr,SSP2-4.5,2020,0.2296329753420936
corridor,SG_RT,wind,mpi_esm1_2_lr,SSP2-4.5,2021,0.055388269932081
corridor,SG_RT,wind,mpi_esm1_2_lr,SSP2-4.5,2022,0.2298169895279157
corridor,SG_RT,wind,mpi_esm1_2_lr,SSP2-4.5,2023,0.1586369567399343
corridor,SG_RT,wind,mpi_esm1_2_lr,SSP2-4.5,2024,0.1270868881528304
corridor,SG_RT,wind,mpi_esm1_2_lr,SSP2-4.5,2025,0.1474622770919027
corridor,SG_RT,wind,mpi_esm1_2_lr,SSP2-4.5,2026,0.1348823982066945
corridor,SG_RT,wind,mpi_esm1_2_lr,SSP2-4.5,2027,0.1821907725250059
corridor,SG_RT,wind,mpi_esm1_2_lr,SSP2-4.5,2028,0.0768175582990376
corridor,SG_RT,wind,mpi_esm1_2_lr,SSP2-4.5,2029,0.3102311887316336
corridor,SG_RT,wind,mpi_esm1_2_lr,SSP2-4.5,2030,0.137358225434104
corridor,SG_RT,wind,mpi_esm1_2_lr,SSP2-4.5,2031,0.1285757302017443
corridor,SG_RT,wind,mpi_esm1_2_lr,SSP2-4.5,2032,0.026983171066278
corridor,SG_RT,wind,mpi_esm1_2_lr,SSP2-4.5,2033,0.198032721067947
corridor,SG_RT,wind,mpi_esm1_2_lr,SSP2-4.5,2034,0.1989862491217477
corridor,SG_RT,wind,mpi_esm1_2_lr,SSP2-4.5,2035,0.0187192612666857
corridor,SG_RT,wind,mpi_esm1_2_lr,SSP2-4.5,2036,0.1671350664123866
corridor,SG_RT,wind,mpi_esm1_2_lr,SSP2-4.5,2037,0.1323229281675501
corridor,SG_RT,wind,mpi_esm1_2_lr,SSP2-4.5,2038,0.023821472782628
corridor,SG_RT,wind,mpi_esm1_2_lr,SSP2-4.5,2039,0.0519923717755688
corridor,SG_RT,wind,mpi_esm1_2_lr,SSP2-4.5,2040,0.1831108434541092
corridor,SG_RT,wind,mpi_esm1_2_lr,SSP2-4.5,2041,0.2688279969219397
corridor,SG_RT,wind,mpi_esm1_2_lr,SSP2-4.5,2042,0.1448358928033692
corridor,SG_RT,wind,mpi_esm1_2_lr,SSP2-4.5,2043,0.1530830740406145
corridor,SG_RT,wind,mpi_esm1_2_lr,SSP2-4.5,2044,0.1575997858743996
corridor,SG_RT,wind,mpi_esm1_2_lr,SSP2-4.5,2045,0.1309679146174137
corridor,SG_RT,wind,mpi_esm1_2_lr,SSP2-4.5,2046,0.211750142192775
corridor,SG_RT,wind,mpi_esm1_2_lr,SSP2-4.5,2047,0.0602730101375076
corridor,SG_RT,wind,mpi_esm1_2_lr,SSP2-4.5,2048,0.0736725885777366
corridor,SG_RT,wind,mpi_esm1_2_lr,SSP2-4.5,2049,0.1538191307838976
corridor,SG_RT,wind,mpi_esm1_2_lr,SSP2-4.5,2050,0.1238080899327477
corridor,SG_RT,wind,mpi_esm1_2_lr,SSP2-4.5,2051,0.1326574994144981
corridor,SG_RT,wind,mpi_esm1_2_lr,SSP2-4.5,2052,0.0391448358928023
corridor,SG_RT,wind,mpi_esm1_2_lr,SSP2-4.5,2053,0.137358225434103
corridor,SG_RT,wind,mpi_esm1_2_lr,SSP2-4.5,2054,0.1939509518551945
corridor,SG_RT,wind,mpi_esm1_2_lr,SSP2-4.5,2055,0.1554919870186332
corridor,SG_RT,wind,mpi_esm1_2_lr,SSP2-4.5,2056,0.0282545418046767
corridor,SG_RT,wind,mpi_esm1_2_lr,SSP2-4.5,2057,0.0972765900498493
corridor,SG_RT,wind,mpi_esm1_2_lr,SSP2-4.5,2058,0.3489076248787121
corridor,SG_RT,wind,mpi_esm1_2_lr,SSP2-4.5,2059,0.1868413128575698
corridor,SG_RT,wind,mpi_esm1_2_lr,SSP2-4.5,2060,0.0988156177858063
corridor,SG_RT,wind,mpi_esm1_2_lr,SSP2-4.5,2061,0.0410518920004005
corridor,SG_RT,wind,mpi_esm1_2_lr,SSP2-4.5,2062,0.0786242430325517
corridor,SG_RT,wind,mpi_esm1_2_lr,SSP2-4.5,2063,0.0277024992472143
corridor,SG_RT,wind,mpi_esm1_2_lr,SSP2-4.5,2064,0.0947505771353987
corridor,SG_RT,wind,mpi_esm1_2_lr,SSP2-4.5,2065,0.1200441634045949
corridor,SG_RT,wind,mpi_esm1_2_lr,SSP2-4.5,2066,0.2231924788383633
corridor,SG_RT,wind,mpi_esm1_2_lr,SSP2-4.5,2067,0.0647228077219022
corridor,SG_RT,wind,mpi_esm1_2_lr,SSP2-4.5,2068,0.0623808089932732
corridor,SG_RT,wind,mpi_esm1_2_lr,SSP2-4.5,2069,0.1870253270433913
corridor,SG_RT,wind,mpi_esm1_2_lr,SSP2-4.5,2070,0.1776238750041794
corridor,SG_RT,wind,mpi_esm1_2_lr,SSP2-4.5,2071,0.1106928970524253
corridor,SG_RT,wind,mpi_esm1_2_lr,SSP2-4.5,2072,0.1248452607982847
corridor,SG_RT,wind,mpi_esm1_2_lr,SSP2-4.5,2073,0.2011944193515969
corridor,SG_RT,wind,mpi_esm1_2_lr,SSP2-4.5,2074,0.1465589347251477
corridor,SG_RT,wind,mpi_esm1_2_lr,SSP2-4.5,2075,0.2007929338552608
corridor,SG_RT,wind,mpi_esm1_2_lr,SSP2-4.5,2076,0.0842617685436099
corridor,SG_RT,wind,mpi_esm1_2_lr,SSP2-4.5,2077,0.0395965070761813
corridor,SG_RT,wind,mpi_esm1_2_lr,SSP2-4.5,2078,0.2564154036602047
corridor,SG_RT,wind,mpi_esm1_2_lr,SSP2-4.5,2079,0.0615945665629481
corridor,SG_RT,wind,mpi_esm1_2_lr,SSP2-4.5,2080,0.448810599217096
corridor,SG_RT,wind,mpi_esm1_2_lr,SSP2-4.5,2081,0.1032654153702008
corridor,SG_RT,wind,mpi_esm1_2_lr,SSP2-4.5,2082,0.1306500719328159
corridor,SG_RT,wind,mpi_esm1_2_lr,SSP2-4.5,2083,0.1684064371507883
corridor,SG_RT,wind,mpi_esm1_2_lr,SSP2-4.5,2084,0.1487671049549964
corridor,SG_RT,wind,mpi_esm1_2_lr,SSP2-4.5,2085,0.0424069055505357
corridor,SG_RT,wind,mpi_esm1_2_lr,SSP2-4.5,2086,0.0335240389440913
corridor,SG_RT,wind,mpi_esm1_2_lr,SSP2-4.5,2087,0.0775870721670161
corridor,SG_RT,wind,mpi_esm1_2_lr,SSP2-4.5,2088,0.1627689116397288
corridor,SG_RT,wind,mpi_esm1_2_lr,SSP2-4.5,2089,0.1598079561042504
corridor,SG_RT,wind,mpi_esm1_2_lr,SSP2-4.5,2090,0.2770919067215321
corridor,SG_RT,wind,mpi_esm1_2_lr,SSP2-4.5,2091,0.169878550637354
corridor,SG_RT,wind,mpi_esm1_2_lr,SSP2-4.5,2092,0.132506942353371
corridor,SG_RT,wind,mpi_esm1_2_lr,SSP2-4.5,2093,0.1741108769112337
corridor,SG_RT,wind,mpi_esm1_2_lr,SSP2-4.5,2094,0.0405165780052848
corridor,SG_RT,wind,mpi_esm1_2_lr,SSP2-4.5,2095,0.0752116163136926
corridor,SG_RT,wind,mpi_esm1_2_lr,SSP2-4.5,2096,0.2028840041486777
corridor,SG_RT,wind,mpi_esm1_2_lr,SSP2-4.5,2097,0.0896149084947622
corridor,SG_RT,wind,mpi_esm1_2_lr,SSP2-4.5,2098,0.0326374251396831
corridor,SG_RT,wind,mpi_esm1_2_lr,SSP2-4.5,2099,0.0738733313259039
corridor,SG_RT,wind,mpi_esm1_2_lr,SSP2-4.5,2100,0.2779116062765522
corridor,SG_RT,wind,mpi_esm1_2_lr,SSP5-8.5,2015,0.0926093211549381
corridor,SG_RT,wind,mpi_esm1_2_lr,SSP5-8.5,2016,0.2741309511860514
corridor,SG_RT,wind,mpi_esm1_2_lr,SSP5-8.5,2017,0.1347485697079171
corridor,SG_RT,wind,mpi_esm1_2_lr,SSP5-8.5,2018,0.0654923215898807
corridor,SG_RT,wind,mpi_esm1_2_lr,SSP5-8.5,2019,0.1264344742212837
corridor,SG_RT,wind,mpi_esm1_2_lr,SSP5-8.5,2020,0.1451370069256218
corridor,SG_RT,wind,mpi_esm1_2_lr,SSP5-8.5,2021,0.1290441299474682
corridor,SG_RT,wind,mpi_esm1_2_lr,SSP5-8.5,2022,0.1788617886178832
corridor,SG_RT,wind,mpi_esm1_2_lr,SSP5-8.5,2023,0.370755127304352
corridor,SG_RT,wind,mpi_esm1_2_lr,SSP5-8.5,2024,0.1737930342266352
corridor,SG_RT,wind,mpi_esm1_2_lr,SSP5-8.5,2025,0.0901669510522246
corridor,SG_RT,wind,mpi_esm1_2_lr,SSP5-8.5,2026,0.0710796614138968
corridor,SG_RT,wind,mpi_esm1_2_lr,SSP5-8.5,2027,0.107865770015723
corridor,SG_RT,wind,mpi_esm1_2_lr,SSP5-8.5,2028,0.020977617183579
corridor,SG_RT,wind,mpi_esm1_2_lr,SSP5-8.5,2029,0.1064940279032393
corridor,SG_RT,wind,mpi_esm1_2_lr,SSP5-8.5,2030,0.0825219980594847
corridor,SG_RT,wind,mpi_esm1_2_lr,SSP5-8.5,2031,0.2149954832881624
corridor,SG_RT,wind,mpi_esm1_2_lr,SSP5-8.5,2032,0.0027434842249655
corridor,SG_RT,wind,mpi_esm1_2_lr,SSP5-8.5,2033,0.2831643748536204
corridor,SG_RT,wind,mpi_esm1_2_lr,SSP5-8.5,2034,0.0754290876242088
corridor,SG_RT,wind,mpi_esm1_2_lr,SSP5-8.5,2035,0.167218709224126
corridor,SG_RT,wind,mpi_esm1_2_lr,SSP5-8.5,2036,0.1246612466124637
corridor,SG_RT,wind,mpi_esm1_2_lr,SSP5-8.5,2037,0.079008999966541
corridor,SG_RT,wind,mpi_esm1_2_lr,SSP5-8.5,2038,0.1046873431697254
corridor,SG_RT,wind,mpi_esm1_2_lr,SSP5-8.5,2039,0.1936163806082482
corridor,SG_RT,wind,mpi_esm1_2_lr,SSP5-8.5,2040,0.0166449195356144
corridor,SG_RT,wind,mpi_esm1_2_lr,SSP5-8.5,2041,0.1687744655224301
corridor,SG_RT,wind,mpi_esm1_2_lr,SSP5-8.5,2042,0.0797115995851295
corridor,SG_RT,wind,mpi_esm1_2_lr,SSP5-8.5,2043,0.0917896215999173
corridor,SG_RT,wind,mpi_esm1_2_lr,SSP5-8.5,2044,0.0760145873063652
corridor,SG_RT,wind,mpi_esm1_2_lr,SSP5-8.5,2045,0.1778078891899991
corridor,SG_RT,wind,mpi_esm1_2_lr,SSP5-8.5,2046,0.0974271471109757
corridor,SG_RT,wind,mpi_esm1_2_lr,SSP5-8.5,2047,0.0433938907290294
corridor,SG_RT,wind,mpi_esm1_2_lr,SSP5-8.5,2048,0.2684265114256025
corridor,SG_RT,wind,mpi_esm1_2_lr,SSP5-8.5,2049,0.182224229649701
corridor,SG_RT,wind,mpi_esm1_2_lr,SSP5-8.5,2050,0.1066613135267134
corridor,SG_RT,wind,mpi_esm1_2_lr,SSP5-8.5,2051,0.1179029074241335
corridor,SG_RT,wind,mpi_esm1_2_lr,SSP5-8.5,2052,0.1507578038743316
corridor,SG_RT,wind,mpi_esm1_2_lr,SSP5-8.5,2053,0.0579142828465305
corridor,SG_RT,wind,mpi_esm1_2_lr,SSP5-8.5,2054,0.100889959516877
corridor,SG_RT,wind,mpi_esm1_2_lr,SSP5-8.5,2055,0.0110073940245567
corridor,SG_RT,wind,mpi_esm1_2_lr,SSP5-8.5,2056,0.0173809762788983
corridor,SG_RT,wind,mpi_esm1_2_lr,SSP5-8.5,2057,0.1558098297032326
corridor,SG_RT,wind,mpi_esm1_2_lr,SSP5-8.5,2058,0.3101308173575503
corridor,SG_RT,wind,mpi_esm1_2_lr,SSP5-8.5,2059,0.2035029609555324
corridor,SG_RT,wind,mpi_esm1_2_lr,SSP5-8.5,2060,0.0653752216534494
corridor,SG_RT,wind,mpi_esm1_2_lr,SSP5-8.5,2061,0.110007025996183
corridor,SG_RT,wind,mpi_esm1_2_lr,SSP5-8.5,2062,0.0322192110809989
corridor,SG_RT,wind,mpi_esm1_2_lr,SSP5-8.5,2063,0.1428117367593397
corridor,SG_RT,wind,mpi_esm1_2_lr,SSP5-8.5,2064,0.1836628860115725
corridor,SG_RT,wind,mpi_esm1_2_lr,SSP5-8.5,2065,0.3274950650741033
corridor,SG_RT,wind,mpi_esm1_2_lr,SSP5-8.5,2066,0.1786108601826729
corridor,SG_RT,wind,mpi_esm1_2_lr,SSP5-8.5,2067,0.1367392686272516
corridor,SG_RT,wind,mpi_esm1_2_lr,SSP5-8.5,2068,0.1228378333166015
corridor,SG_RT,wind,mpi_esm1_2_lr,SSP5-8.5,2069,0.0943490916390619
corridor,SG_RT,wind,mpi_esm1_2_lr,SSP5-8.5,2070,0.0357823948609841
corridor,SG_RT,wind,mpi_esm1_2_lr,SSP5-8.5,2071,0.085298939409145
corridor,SG_RT,wind,mpi_esm1_2_lr,SSP5-8.5,2072,0.0902673224263076
corridor,SG_RT,wind,mpi_esm1_2_lr,SSP5-8.5,2073,0.1719361638060784
corridor,SG_RT,wind,mpi_esm1_2_lr,SSP5-8.5,2074,0.0887952089397386
corridor,SG_RT,wind,mpi_esm1_2_lr,SSP5-8.5,2075,0.0813342701328233
corridor,SG_RT,wind,mpi_esm1_2_lr,SSP5-8.5,2076,0.1414065375221633
corridor,SG_RT,wind,mpi_esm1_2_lr,SSP5-8.5,2077,0.1308006289939413
corridor,SG_RT,wind,mpi_esm1_2_lr,SSP5-8.5,2078,0.1314865000501837
corridor,SG_RT,wind,mpi_esm1_2_lr,SSP5-8.5,2079,0.1486667335809129
corridor,SG_RT,wind,mpi_esm1_2_lr,SSP5-8.5,2080,0.1064438422161975
corridor,SG_RT,wind,mpi_esm1_2_lr,SSP5-8.5,2081,0.1769714610726322
corridor,SG_RT,wind,mpi_esm1_2_lr,SSP5-8.5,2082,0.1984509351266309
corridor,SG_RT,wind,mpi_esm1_2_lr,SSP5-8.5,2083,0.1140051523972007
corridor,SG_RT,wind,mpi_esm1_2_lr,SSP5-8.5,2084,0.2332463448091221
corridor,SG_RT,wind,mpi_esm1_2_lr,SSP5-8.5,2085,0.0763157014286164
corridor,SG_RT,wind,mpi_esm1_2_lr,SSP5-8.5,2086,0.0943658202014101
corridor,SG_RT,wind,mpi_esm1_2_lr,SSP5-8.5,2087,0.0723677607146432
corridor,SG_RT,wind,mpi_esm1_2_lr,SSP5-8.5,2088,0.064505336411387
corridor,SG_RT,wind,mpi_esm1_2_lr,SSP5-8.5,2089,0.0462042892033851
corridor,SG_RT,wind,mpi_esm1_2_lr,SSP5-8.5,2090,0.0537990565090801
corridor,SG_RT,wind,mpi_esm1_2_lr,SSP5-8.5,2091,0.1738766770383704
corridor,SG_RT,wind,mpi_esm1_2_lr,SSP5-8.5,2092,0.3829502492555741
corridor,SG_RT,wind,mpi_esm1_2_lr,SSP5-8.5,2093,0.1417076516444141
corridor,SG_RT,wind,mpi_esm1_2_lr,SSP5-8.5,2094,0.1336277560306445
corridor,SG_RT,wind,mpi_esm1_2_lr,SSP5-8.5,2095,0.0390277359563705
corridor,SG_RT,wind,mpi_esm1_2_lr,SSP5-8.5,2096,0.3671919435243671
corridor,SG_RT,wind,mpi_esm1_2_lr,SSP5-8.5,2097,0.2926327411422211
corridor,SG_RT,wind,mpi_esm1_2_lr,SSP5-8.5,2098,0.1736759342902016
corridor,SG_RT,wind,mpi_esm1_2_lr,SSP5-8.5,2099,0.147512462778946
corridor,SG_RT,wind,mpi_esm1_2_lr,SSP5-8.5,2100,0.0317508113352727
corridor,SG_RT,wind,mri_esm2_0,SSP1-2.6,2015,0.0391113787681076
corridor,SG_RT,wind,mri_esm2_0,SSP1-2.6,2016,0.0429589481079991
corridor,SG_RT,wind,mri_esm2_0,SSP1-2.6,2017,0.1264010170965891
corridor,SG_RT,wind,mri_esm2_0,SSP1-2.6,2018,0.2151460403492895
corridor,SG_RT,wind,mri_esm2_0,SSP1-2.6,2019,0.1678209374686284
corridor,SG_RT,wind,mri_esm2_0,SSP1-2.6,2020,0.0779216434139631
corridor,SG_RT,wind,mri_esm2_0,SSP1-2.6,2021,0.1396333099133436
corridor,SG_RT,wind,mri_esm2_0,SSP1-2.6,2022,0.2446719528923605
corridor,SG_RT,wind,mri_esm2_0,SSP1-2.6,2023,0.3459466693432308
corridor,SG_RT,wind,mri_esm2_0,SSP1-2.6,2024,0.2076851015423699
corridor,SG_RT,wind,mri_esm2_0,SSP1-2.6,2025,0.1052895714142308
corridor,SG_RT,wind,mri_esm2_0,SSP1-2.6,2026,0.1016427448225087
corridor,SG_RT,wind,mri_esm2_0,SSP1-2.6,2027,0.3378667737294599
corridor,SG_RT,wind,mri_esm2_0,SSP1-2.6,2028,0.1684064371507885
corridor,SG_RT,wind,mri_esm2_0,SSP1-2.6,2029,0.1126334102847183
corridor,SG_RT,wind,mri_esm2_0,SSP1-2.6,2030,0.1260329887249462
corridor,SG_RT,wind,mri_esm2_0,SSP1-2.6,2031,0.0776707149787515
corridor,SG_RT,wind,mri_esm2_0,SSP1-2.6,2032,0.0547525845628816
corridor,SG_RT,wind,mri_esm2_0,SSP1-2.6,2033,0.1773394894442725
corridor,SG_RT,wind,mri_esm2_0,SSP1-2.6,2034,0.0917394359128756
corridor,SG_RT,wind,mri_esm2_0,SSP1-2.6,2035,0.1248954464853241
corridor,SG_RT,wind,mri_esm2_0,SSP1-2.6,2036,0.2668540265649522
corridor,SG_RT,wind,mri_esm2_0,SSP1-2.6,2037,0.2180066245106852
corridor,SG_RT,wind,mri_esm2_0,SSP1-2.6,2038,0.0254943290173633
corridor,SG_RT,wind,mri_esm2_0,SSP1-2.6,2039,0.0859346247783441
corridor,SG_RT,wind,mri_esm2_0,SSP1-2.6,2040,0.159908327478333
corridor,SG_RT,wind,mri_esm2_0,SSP1-2.6,2041,0.1230553046271183
corridor,SG_RT,wind,mri_esm2_0,SSP1-2.6,2042,0.1509752751848448
corridor,SG_RT,wind,mri_esm2_0,SSP1-2.6,2043,0.1112114824851932
corridor,SG_RT,wind,mri_esm2_0,SSP1-2.6,2044,0.0772692294824164
corridor,SG_RT,wind,mri_esm2_0,SSP1-2.6,2045,0.2291813041587159
corridor,SG_RT,wind,mri_esm2_0,SSP1-2.6,2046,0.3965338418816208
corridor,SG_RT,wind,mri_esm2_0,SSP1-2.6,2047,0.1109605540499828
corridor,SG_RT,wind,mri_esm2_0,SSP1-2.6,2048,0.1225701763190439
corridor,SG_RT,wind,mri_esm2_0,SSP1-2.6,2049,0.3251028806584306
corridor,SG_RT,wind,mri_esm2_0,SSP1-2.6,2050,0.4095319348255129
corridor,SG_RT,wind,mri_esm2_0,SSP1-2.6,2051,0.0530964568904936
corridor,SG_RT,wind,mri_esm2_0,SSP1-2.6,2052,0.1728896918598752
corridor,SG_RT,wind,mri_esm2_0,SSP1-2.6,2053,0.1625012546421736
corridor,SG_RT,wind,mri_esm2_0,SSP1-2.6,2054,0.062313894743884
corridor,SG_RT,wind,mri_esm2_0,SSP1-2.6,2055,0.0804309277660637
corridor,SG_RT,wind,mri_esm2_0,SSP1-2.6,2056,0.0690387768075189
corridor,SG_RT,wind,mri_esm2_0,SSP1-2.6,2057,0.1111780253604972
corridor,SG_RT,wind,mri_esm2_0,SSP1-2.6,2058,0.2516979490782521
corridor,SG_RT,wind,mri_esm2_0,SSP1-2.6,2059,0.0964234333701337
corridor,SG_RT,wind,mri_esm2_0,SSP1-2.6,2060,0.1851517280604868
corridor,SG_RT,wind,mri_esm2_0,SSP1-2.6,2061,0.0997524172772572
corridor,SG_RT,wind,mri_esm2_0,SSP1-2.6,2062,0.2232426645254068
corridor,SG_RT,wind,mri_esm2_0,SSP1-2.6,2063,0.1619993977717502
corridor,SG_RT,wind,mri_esm2_0,SSP1-2.6,2064,0.1168155508715542
corridor,SG_RT,wind,mri_esm2_0,SSP1-2.6,2065,0.0821706982501897
corridor,SG_RT,wind,mri_esm2_0,SSP1-2.6,2066,0.0155408344206894
corridor,SG_RT,wind,mri_esm2_0,SSP1-2.6,2067,0.1309177289303734
corridor,SG_RT,wind,mri_esm2_0,SSP1-2.6,2068,0.0664625782060273
corridor,SG_RT,wind,mri_esm2_0,SSP1-2.6,2069,0.0450165612767221
corridor,SG_RT,wind,mri_esm2_0,SSP1-2.6,2070,0.1186222356050697
corridor,SG_RT,wind,mri_esm2_0,SSP1-2.6,2071,0.2477500083642775
corridor,SG_RT,wind,mri_esm2_0,SSP1-2.6,2072,0.3837866773729386
corridor,SG_RT,wind,mri_esm2_0,SSP1-2.6,2073,0.0661614640837751
corridor,SG_RT,wind,mri_esm2_0,SSP1-2.6,2074,0.1167319080598179
corridor,SG_RT,wind,mri_esm2_0,SSP1-2.6,2075,0.1657131386128629
corridor,SG_RT,wind,mri_esm2_0,SSP1-2.6,2076,0.105155742915451
corridor,SG_RT,wind,mri_esm2_0,SSP1-2.6,2077,0.0192043895747589
corridor,SG_RT,wind,mri_esm2_0,SSP1-2.6,2078,0.1146408377664001
corridor,SG_RT,wind,mri_esm2_0,SSP1-2.6,2079,0.1739101341630658
corridor,SG_RT,wind,mri_esm2_0,SSP1-2.6,2080,0.1164642510622607
corridor,SG_RT,wind,mri_esm2_0,SSP1-2.6,2081,0.3985579979256526
corridor,SG_RT,wind,mri_esm2_0,SSP1-2.6,2082,0.1728729632975307
corridor,SG_RT,wind,mri_esm2_0,SSP1-2.6,2083,0.1609956840309113
corridor,SG_RT,wind,mri_esm2_0,SSP1-2.6,2084,0.0118270935795773
corridor,SG_RT,wind,mri_esm2_0,SSP1-2.6,2085,0.2906420422228855
corridor,SG_RT,wind,mri_esm2_0,SSP1-2.6,2086,0.1844491284418979
corridor,SG_RT,wind,mri_esm2_0,SSP1-2.6,2087,0.1541537020308445
corridor,SG_RT,wind,mri_esm2_0,SSP1-2.6,2088,0.1163973368128725
corridor,SG_RT,wind,mri_esm2_0,SSP1-2.6,2089,0.0770183010472066
corridor,SG_RT,wind,mri_esm2_0,SSP1-2.6,2090,0.144049650373044
corridor,SG_RT,wind,mri_esm2_0,SSP1-2.6,2091,0.0709291043527694
corridor,SG_RT,wind,mri_esm2_0,SSP1-2.6,2092,0.1201110776539834
corridor,SG_RT,wind,mri_esm2_0,SSP1-2.6,2093,0.1966107932684213
corridor,SG_RT,wind,mri_esm2_0,SSP1-2.6,2094,0.2970992672889646
corridor,SG_RT,wind,mri_esm2_0,SSP1-2.6,2095,0.4827695807822192
corridor,SG_RT,wind,mri_esm2_0,SSP1-2.6,2096,0.0931111780253584
corridor,SG_RT,wind,mri_esm2_0,SSP1-2.6,2097,0.1460738064170731
corridor,SG_RT,wind,mri_esm2_0,SSP1-2.6,2098,0.197748335508041
corridor,SG_RT,wind,mri_esm2_0,SSP1-2.6,2099,0.10706279902305
corridor,SG_RT,wind,mri_esm2_0,SSP1-2.6,2100,0.3229114389909271
corridor,SG_RT,wind,mri_esm2_0,SSP2-4.5,2015,0.2124025561243236
corridor,SG_RT,wind,mri_esm2_0,SSP2-4.5,2016,0.1382448392385095
corridor,SG_RT,wind,mri_esm2_0,SSP2-4.5,2017,0.0586670681521614
corridor,SG_RT,wind,mri_esm2_0,SSP2-4.5,2018,0.1913245675666586
corridor,SG_RT,wind,mri_esm2_0,SSP2-4.5,2019,0.1246947037371576
corridor,SG_RT,wind,mri_esm2_0,SSP2-4.5,2020,0.1272541737763019
corridor,SG_RT,wind,mri_esm2_0,SSP2-4.5,2021,0.1522801030479416
corridor,SG_RT,wind,mri_esm2_0,SSP2-4.5,2022,0.1610124125932588
corridor,SG_RT,wind,mri_esm2_0,SSP2-4.5,2023,0.1861554418013281
corridor,SG_RT,wind,mri_esm2_0,SSP2-4.5,2024,0.1162300511893986
corridor,SG_RT,wind,mri_esm2_0,SSP2-4.5,2025,0.1955568938405394
corridor,SG_RT,wind,mri_esm2_0,SSP2-4.5,2026,0.1457392351701274
corridor,SG_RT,wind,mri_esm2_0,SSP2-4.5,2027,0.118839706915585
corridor,SG_RT,wind,mri_esm2_0,SSP2-4.5,2028,0.0406838636287576
corridor,SG_RT,wind,mri_esm2_0,SSP2-4.5,2029,0.0269497139415833
corridor,SG_RT,wind,mri_esm2_0,SSP2-4.5,2030,0.0660443641473441
corridor,SG_RT,wind,mri_esm2_0,SSP2-4.5,2031,0.2237277928334805
corridor,SG_RT,wind,mri_esm2_0,SSP2-4.5,2032,0.1412559804610354
corridor,SG_RT,wind,mri_esm2_0,SSP2-4.5,2033,0.2066144735521378
corridor,SG_RT,wind,mri_esm2_0,SSP2-4.5,2034,0.1961758506473918
corridor,SG_RT,wind,mri_esm2_0,SSP2-4.5,2035,0.080514570577802
corridor,SG_RT,wind,mri_esm2_0,SSP2-4.5,2036,0.0921409214092123
corridor,SG_RT,wind,mri_esm2_0,SSP2-4.5,2037,0.1109270969252876
corridor,SG_RT,wind,mri_esm2_0,SSP2-4.5,2038,0.0793435712134877
corridor,SG_RT,wind,mri_esm2_0,SSP2-4.5,2039,0.1327244136638867
corridor,SG_RT,wind,mri_esm2_0,SSP2-4.5,2040,0.3027869784870644
corridor,SG_RT,wind,mri_esm2_0,SSP2-4.5,2041,0.1536685737227713
corridor,SG_RT,wind,mri_esm2_0,SSP2-4.5,2042,0.1586202281775866
corridor,SG_RT,wind,mri_esm2_0,SSP2-4.5,2043,0.0479775168122033
corridor,SG_RT,wind,mri_esm2_0,SSP2-4.5,2044,0.0864197530864171
corridor,SG_RT,wind,mri_esm2_0,SSP2-4.5,2045,0.0398139783866965
corridor,SG_RT,wind,mri_esm2_0,SSP2-4.5,2046,0.0472080029442259
corridor,SG_RT,wind,mri_esm2_0,SSP2-4.5,2047,0.2009267623540407
corridor,SG_RT,wind,mri_esm2_0,SSP2-4.5,2048,0.2435344106527441
corridor,SG_RT,wind,mri_esm2_0,SSP2-4.5,2049,0.1434474221285386
corridor,SG_RT,wind,mri_esm2_0,SSP2-4.5,2050,0.1953059654053285
corridor,SG_RT,wind,mri_esm2_0,SSP2-4.5,2051,0.1394660242898693
corridor,SG_RT,wind,mri_esm2_0,SSP2-4.5,2052,0.0568269262939526
corridor,SG_RT,wind,mri_esm2_0,SSP2-4.5,2053,0.1752986048378972
corridor,SG_RT,wind,mri_esm2_0,SSP2-4.5,2054,0.2329452306868713
corridor,SG_RT,wind,mri_esm2_0,SSP2-4.5,2055,0.1311352002408884
corridor,SG_RT,wind,mri_esm2_0,SSP2-4.5,2056,0.4579611228210972
corridor,SG_RT,wind,mri_esm2_0,SSP2-4.5,2057,0.2231088360266279
corridor,SG_RT,wind,mri_esm2_0,SSP2-4.5,2058,0.0982133895413007
corridor,SG_RT,wind,mri_esm2_0,SSP2-4.5,2059,0.059102010773193
corridor,SG_RT,wind,mri_esm2_0,SSP2-4.5,2060,0.3182274415336674
corridor,SG_RT,wind,mri_esm2_0,SSP2-4.5,2061,0.1487169192679544
corridor,SG_RT,wind,mri_esm2_0,SSP2-4.5,2062,0.198852420622968
corridor,SG_RT,wind,mri_esm2_0,SSP2-4.5,2063,0.2099267288969151
corridor,SG_RT,wind,mri_esm2_0,SSP2-4.5,2064,0.1371909398106309
corridor,SG_RT,wind,mri_esm2_0,SSP2-4.5,2065,0.3023018501789876
corridor,SG_RT,wind,mri_esm2_0,SSP2-4.5,2066,0.1994546488674716
corridor,SG_RT,wind,mri_esm2_0,SSP2-4.5,2067,0.4521061259995244
corridor,SG_RT,wind,mri_esm2_0,SSP2-4.5,2068,0.0340426243768604
corridor,SG_RT,wind,mri_esm2_0,SSP2-4.5,2069,0.3480377396366506
corridor,SG_RT,wind,mri_esm2_0,SSP2-4.5,2070,0.0473083743183092
corridor,SG_RT,wind,mri_esm2_0,SSP2-4.5,2071,0.1071297132724386
corridor,SG_RT,wind,mri_esm2_0,SSP2-4.5,2072,0.2309043460804929
corridor,SG_RT,wind,mri_esm2_0,SSP2-4.5,2073,0.0353474522399529
corridor,SG_RT,wind,mri_esm2_0,SSP2-4.5,2074,0.1334270132824756
corridor,SG_RT,wind,mri_esm2_0,SSP2-4.5,2075,0.3560005353139878
corridor,SG_RT,wind,mri_esm2_0,SSP2-4.5,2076,0.1400515239720267
corridor,SG_RT,wind,mri_esm2_0,SSP2-4.5,2077,0.2985379236508372
corridor,SG_RT,wind,mri_esm2_0,SSP2-4.5,2078,0.2540232192445329
corridor,SG_RT,wind,mri_esm2_0,SSP2-4.5,2079,0.1316872427983504
corridor,SG_RT,wind,mri_esm2_0,SSP2-4.5,2080,0.2161497540901283
corridor,SG_RT,wind,mri_esm2_0,SSP2-4.5,2081,0.0594700391448347
corridor,SG_RT,wind,mri_esm2_0,SSP2-4.5,2082,0.2273746194252028
corridor,SG_RT,wind,mri_esm2_0,SSP2-4.5,2083,0.2314396600756079
corridor,SG_RT,wind,mri_esm2_0,SSP2-4.5,2084,0.1565626150088626
corridor,SG_RT,wind,mri_esm2_0,SSP2-4.5,2085,0.137140754123587
corridor,SG_RT,wind,mri_esm2_0,SSP2-4.5,2086,0.1514938606176145
corridor,SG_RT,wind,mri_esm2_0,SSP2-4.5,2087,0.2681253973033511
corridor,SG_RT,wind,mri_esm2_0,SSP2-4.5,2088,0.106410385091503
corridor,SG_RT,wind,mri_esm2_0,SSP2-4.5,2089,0.0739569741376398
corridor,SG_RT,wind,mri_esm2_0,SSP2-4.5,2090,0.0870888955803104
corridor,SG_RT,wind,mri_esm2_0,SSP2-4.5,2091,0.1957409080263609
corridor,SG_RT,wind,mri_esm2_0,SSP2-4.5,2092,0.1241761183043902
corridor,SG_RT,wind,mri_esm2_0,SSP2-4.5,2093,0.1002375455853303
corridor,SG_RT,wind,mri_esm2_0,SSP2-4.5,2094,0.298956137709518
corridor,SG_RT,wind,mri_esm2_0,SSP2-4.5,2095,0.1287262872628702
corridor,SG_RT,wind,mri_esm2_0,SSP2-4.5,2096,0.0960052193114496
corridor,SG_RT,wind,mri_esm2_0,SSP2-4.5,2097,0.2255846632540337
corridor,SG_RT,wind,mri_esm2_0,SSP2-4.5,2098,0.1568971862558109
corridor,SG_RT,wind,mri_esm2_0,SSP2-4.5,2099,0.0997189601525617
corridor,SG_RT,wind,mri_esm2_0,SSP2-4.5,2100,0.2838502459098595
corridor,SG_RT,wind,mri_esm2_0,SSP5-8.5,2015,0.3033892067315679
corridor,SG_RT,wind,mri_esm2_0,SSP5-8.5,2016,0.1375924253069657
corridor,SG_RT,wind,mri_esm2_0,SSP5-8.5,2017,0.0854662250326191
corridor,SG_RT,wind,mri_esm2_0,SSP5-8.5,2018,0.1544548161530954
corridor,SG_RT,wind,mri_esm2_0,SSP5-8.5,2019,0.1524641172337611
corridor,SG_RT,wind,mri_esm2_0,SSP5-8.5,2020,0.0840610257954415
corridor,SG_RT,wind,mri_esm2_0,SSP5-8.5,2021,0.359078590785899
corridor,SG_RT,wind,mri_esm2_0,SSP5-8.5,2022,0.3161363712402504
corridor,SG_RT,wind,mri_esm2_0,SSP5-8.5,2023,0.1180367359229122
corridor,SG_RT,wind,mri_esm2_0,SSP5-8.5,2024,0.4170597878818213
corridor,SG_RT,wind,mri_esm2_0,SSP5-8.5,2025,0.0899327511793605
corridor,SG_RT,wind,mri_esm2_0,SSP5-8.5,2026,0.1173843219913653
corridor,SG_RT,wind,mri_esm2_0,SSP5-8.5,2027,0.0383920505871711
corridor,SG_RT,wind,mri_esm2_0,SSP5-8.5,2028,0.0949680484459135
corridor,SG_RT,wind,mri_esm2_0,SSP5-8.5,2029,0.093127906587706
corridor,SG_RT,wind,mri_esm2_0,SSP5-8.5,2030,0.1448526213657163
corridor,SG_RT,wind,mri_esm2_0,SSP5-8.5,2031,0.0473585600053521
corridor,SG_RT,wind,mri_esm2_0,SSP5-8.5,2032,0.081200441634044
corridor,SG_RT,wind,mri_esm2_0,SSP5-8.5,2033,0.0780052862257011
corridor,SG_RT,wind,mri_esm2_0,SSP5-8.5,2034,0.2765733212887615
corridor,SG_RT,wind,mri_esm2_0,SSP5-8.5,2035,0.252818762755523
corridor,SG_RT,wind,mri_esm2_0,SSP5-8.5,2036,0.0283716417411079
corridor,SG_RT,wind,mri_esm2_0,SSP5-8.5,2037,0.1253136605440088
corridor,SG_RT,wind,mri_esm2_0,SSP5-8.5,2038,0.1303155006858686
corridor,SG_RT,wind,mri_esm2_0,SSP5-8.5,2039,0.2995249088293282
corridor,SG_RT,wind,mri_esm2_0,SSP5-8.5,2040,0.1337950416541174
corridor,SG_RT,wind,mri_esm2_0,SSP5-8.5,2041,0.1457057780454314
corridor,SG_RT,wind,mri_esm2_0,SSP5-8.5,2042,0.3275787078858372
corridor,SG_RT,wind,mri_esm2_0,SSP5-8.5,2043,0.1812874301582476
corridor,SG_RT,wind,mri_esm2_0,SSP5-8.5,2044,0.0951186055070407
corridor,SG_RT,wind,mri_esm2_0,SSP5-8.5,2045,0.1276222021479438
corridor,SG_RT,wind,mri_esm2_0,SSP5-8.5,2046,0.11887316404028
corridor,SG_RT,wind,mri_esm2_0,SSP5-8.5,2047,0.1235404329351911
corridor,SG_RT,wind,mri_esm2_0,SSP5-8.5,2048,0.1277225735220284
corridor,SG_RT,wind,mri_esm2_0,SSP5-8.5,2049,0.0984308608518153
corridor,SG_RT,wind,mri_esm2_0,SSP5-8.5,2050,0.0891130516243415
corridor,SG_RT,wind,mri_esm2_0,SSP5-8.5,2051,0.0360835089832366
corridor,SG_RT,wind,mri_esm2_0,SSP5-8.5,2052,0.1110943825487616
corridor,SG_RT,wind,mri_esm2_0,SSP5-8.5,2053,0.066997892201142
corridor,SG_RT,wind,mri_esm2_0,SSP5-8.5,2054,0.0572618689149842
corridor,SG_RT,wind,mri_esm2_0,SSP5-8.5,2055,0.2717053096456834
corridor,SG_RT,wind,mri_esm2_0,SSP5-8.5,2056,0.089598179932414
corridor,SG_RT,wind,mri_esm2_0,SSP5-8.5,2057,0.0178828331493185
corridor,SG_RT,wind,mri_esm2_0,SSP5-8.5,2058,0.3386530161597836
corridor,SG_RT,wind,mri_esm2_0,SSP5-8.5,2059,0.0827227408076526
corridor,SG_RT,wind,mri_esm2_0,SSP5-8.5,2060,0.0465555890126793
corridor,SG_RT,wind,mri_esm2_0,SSP5-8.5,2061,0.1836796145739197
corridor,SG_RT,wind,mri_esm2_0,SSP5-8.5,2062,0.1936331091705927
corridor,SG_RT,wind,mri_esm2_0,SSP5-8.5,2063,0.1965606075813803
corridor,SG_RT,wind,mri_esm2_0,SSP5-8.5,2064,0.1561945866372204
corridor,SG_RT,wind,mri_esm2_0,SSP5-8.5,2065,0.1667837666030952
corridor,SG_RT,wind,mri_esm2_0,SSP5-8.5,2066,0.3170731707316988
corridor,SG_RT,wind,mri_esm2_0,SSP5-8.5,2067,0.1396834956003837
corridor,SG_RT,wind,mri_esm2_0,SSP5-8.5,2068,0.1123992104118539
corridor,SG_RT,wind,mri_esm2_0,SSP5-8.5,2069,0.155241058583422
corridor,SG_RT,wind,mri_esm2_0,SSP5-8.5,2070,0.122737461942518
corridor,SG_RT,wind,mri_esm2_0,SSP5-8.5,2071,0.1011576165144341
corridor,SG_RT,wind,mri_esm2_0,SSP5-8.5,2072,0.0934624778346532
corridor,SG_RT,wind,mri_esm2_0,SSP5-8.5,2073,0.1991702633075679
corridor,SG_RT,wind,mri_esm2_0,SSP5-8.5,2074,0.2828799892937122
corridor,SG_RT,wind,mri_esm2_0,SSP5-8.5,2075,0.0316504399611891
corridor,SG_RT,wind,mri_esm2_0,SSP5-8.5,2076,0.1540700592191072
corridor,SG_RT,wind,mri_esm2_0,SSP5-8.5,2077,0.1384121248619856
corridor,SG_RT,wind,mri_esm2_0,SSP5-8.5,2078,0.2064137308039692
corridor,SG_RT,wind,mri_esm2_0,SSP5-8.5,2079,0.2839338887215965
corridor,SG_RT,wind,mri_esm2_0,SSP5-8.5,2080,0.1671685235370831
corridor,SG_RT,wind,mri_esm2_0,SSP5-8.5,2081,0.0436950048512812
corridor,SG_RT,wind,mri_esm2_0,SSP5-8.5,2082,0.0612934524406962
corridor,SG_RT,wind,mri_esm2_0,SSP5-8.5,2083,0.1942855231021415
corridor,SG_RT,wind,mri_esm2_0,SSP5-8.5,2084,0.0702766904212226
corridor,SG_RT,wind,mri_esm2_0,SSP5-8.5,2085,0.0754792733112498
corridor,SG_RT,wind,mri_esm2_0,SSP5-8.5,2086,0.0391281073304549
corridor,SG_RT,wind,mri_esm2_0,SSP5-8.5,2087,0.1538693164709399
corridor,SG_RT,wind,mri_esm2_0,SSP5-8.5,2088,0.1546053732142219
corridor,SG_RT,wind,mri_esm2_0,SSP5-8.5,2089,0.0265147713205514
corridor,SG_RT,wind,mri_esm2_0,SSP5-8.5,2090,0.0775703436046687
corridor,SG_RT,wind,mri_esm2_0,SSP5-8.5,2091,0.0635518083575864
corridor,SG_RT,wind,mri_esm2_0,SSP5-8.5,2092,0.0785238716584681
corridor,SG_RT,wind,mri_esm2_0,SSP5-8.5,2093,0.1386797818595446
corridor,SG_RT,wind,mri_esm2_0,SSP5-8.5,2094,0.0445983472180377
corridor,SG_RT,wind,mri_esm2_0,SSP5-8.5,2095,0.3568202348690077
corridor,SG_RT,wind,mri_esm2_0,SSP5-8.5,2096,0.1351835123289485
corridor,SG_RT,wind,mri_esm2_0,SSP5-8.5,2097,0.0971427615510695
corridor,SG_RT,wind,mri_esm2_0,SSP5-8.5,2098,0.1014587306366859
corridor,SG_RT,wind,mri_esm2_0,SSP5-8.5,2099,0.0743584596339772
corridor,SG_RT,wind,mri_esm2_0,SSP5-8.5,2100,0.2385158419485373
global,global,wave,masnum,SSP1-2.6,2026,1.038403378
global,global,wave,masnum,SSP1-2.6,2027,0.626091835
global,global,wave,masnum,SSP1-2.6,2028,0.802247424
global,global,wave,masnum,SSP1-2.6,2029,1.232825322
global,global,wave,masnum,SSP1-2.6,2030,0.778530689
global,global,wave,masnum,SSP1-2.6,2031,0.871791842
global,global,wave,masnum,SSP1-2.6,2032,0.878167443
global,global,wave,masnum,SSP1-2.6,2033,0.852363901
global,global,wave,masnum,SSP1-2.6,2034,0.867555243
global,global,wave,masnum,SSP1-2.6,2035,0.786278575
global,global,wave,masnum,SSP1-2.6,2036,0.947038469
global,global,wave,masnum,SSP1-2.6,2037,1.001995835
global,global,wave,masnum,SSP1-2.6,2038,0.791735829
global,global,wave,masnum,SSP1-2.6,2039,0.737510922
global,global,wave,masnum,SSP1-2.6,2040,0.613214371
global,global,wave,masnum,SSP1-2.6,2041,1.166900964
global,global,wave,masnum,SSP1-2.6,2042,0.850342808
global,global,wave,masnum,SSP1-2.6,2043,0.962825723
global,global,wave,masnum,SSP1-2.6,2044,0.66510933
global,global,wave,masnum,SSP1-2.6,2045,0.674705192
global,global,wave,masnum,SSP1-2.6,2046,0.817247853
global,global,wave,masnum,SSP1-2.6,2047,0.771126391
global,global,wave,masnum,SSP1-2.6,2048,0.895511055
global,global,wave,masnum,SSP1-2.6,2049,0.734646717
global,global,wave,masnum,SSP1-2.6,2050,0.697582249
global,global,wave,masnum,SSP1-2.6,2051,1.122850635
global,global,wave,masnum,SSP1-2.6,2052,1.078314646
global,global,wave,masnum,SSP1-2.6,2053,0.735795581
global,global,wave,masnum,SSP1-2.6,2054,0.737480043
global,global,wave,masnum,SSP1-2.6,2055,1.163650704
global,global,wave,masnum,SSP1-2.6,2056,1.345884085
global,global,wave,masnum,SSP1-2.6,2057,0.879580616
global,global,wave,masnum,SSP1-2.6,2058,0.587817677
global,global,wave,masnum,SSP1-2.6,2059,0.777398988
global,global,wave,masnum,SSP1-2.6,2060,0.729279788
global,global,wave,masnum,SSP1-2.6,2061,0.696672633
global,global,wave,masnum,SSP1-2.6,2062,0.715908528
global,global,wave,masnum,SSP1-2.6,2063,0.967077907
global,global,wave,masnum,SSP1-2.6,2064,0.871065963
global,global,wave,masnum,SSP1-2.6,2065,0.903556954
global,global,wave,masnum,SSP1-2.6,2066,0.766086306
global,global,wave,masnum,SSP1-2.6,2067,0.646133244
global,global,wave,masnum,SSP1-2.6,2068,1.274663641
global,global,wave,masnum,SSP1-2.6,2069,0.754033131
global,global,wave,masnum,SSP1-2.6,2070,0.754656149
global,global,wave,masnum,SSP1-2.6,2071,0.546008668
global,global,wave,masnum,SSP1-2.6,2072,0.847214826
global,global,wave,masnum,SSP1-2.6,2073,0.928005872
global,global,wave,masnum,SSP1-2.6,2074,0.839501914
global,global,wave,masnum,SSP1-2.6,2075,0.90900426
global,global,wave,masnum,SSP1-2.6,2076,0.784939621
global,global,wave,masnum,SSP1-2.6,2077,1.068899865
global,global,wave,masnum,SSP1-2.6,2078,0.809414239
global,global,wave,masnum,SSP1-2.6,2079,0.706799935
global,global,wave,masnum,SSP1-2.6,2080,0.877107364
global,global,wave,masnum,SSP1-2.6,2081,0.975815922
global,global,wave,masnum,SSP1-2.6,2082,0.647446823
global,global,wave,masnum,SSP1-2.6,2083,0.767072654
global,global,wave,masnum,SSP1-2.6,2084,0.743195596
global,global,wave,masnum,SSP1-2.6,2085,0.785763505
global,global,wave,masnum,SSP1-2.6,2086,0.786745336
global,global,wave,masnum,SSP1-2.6,2087,0.882988416
global,global,wave,masnum,SSP1-2.6,2088,0.734071846
global,global,wave,masnum,SSP1-2.6,2089,0.890634707
global,global,wave,masnum,SSP1-2.6,2090,0.788482188
global,global,wave,masnum,SSP1-2.6,2091,1.169860534
global,global,wave,masnum,SSP1-2.6,2092,1.031919497
global,global,wave,masnum,SSP1-2.6,2093,0.853100915
global,global,wave,masnum,SSP1-2.6,2094,0.902380386
global,global,wave,masnum,SSP1-2.6,2095,1.098736348
global,global,wave,masnum,SSP1-2.6,2096,1.017131288
global,global,wave,masnum,SSP1-2.6,2097,0.82554291
global,global,wave,masnum,SSP1-2.6,2098,0.807399916
global,global,wave,masnum,SSP1-2.6,2099,1.2482122
global,global,wave,masnum,SSP1-2.6,2100,0.658210899
global,global,wave,masnum,SSP2-4.5,2026,0.985301831
global,global,wave,masnum,SSP2-4.5,2027,0.760993726
global,global,wave,masnum,SSP2-4.5,2028,0.938769905
global,global,wave,masnum,SSP2-4.5,2029,0.841634857
global,global,wave,masnum,SSP2-4.5,2030,0.831574158
global,global,wave,masnum,SSP2-4.5,2031,0.924741608
global,global,wave,masnum,SSP2-4.5,2032,0.878497144
global,global,wave,masnum,SSP2-4.5,2033,0.608696153
global,global,wave,masnum,SSP2-4.5,2034,0.661931658
global,global,wave,masnum,SSP2-4.5,2035,0.828292543
global,global,wave,masnum,SSP2-4.5,2036,0.587581025
global,global,wave,masnum,SSP2-4.5,2037,0.762998737
global,global,wave,masnum,SSP2-4.5,2038,0.807985993
global,global,wave,masnum,SSP2-4.5,2039,0.726960031
global,global,wave,masnum,SSP2-4.5,2040,0.799683745
global,global,wave,masnum,SSP2-4.5,2041,1.212861217
global,global,wave,masnum,SSP2-4.5,2042,0.680085881
global,global,wave,masnum,SSP2-4.5,2043,0.712267009
global,global,wave,masnum,SSP2-4.5,2044,0.971569184
global,global,wave,masnum,SSP2-4.5,2045,0.750247839
global,global,wave,masnum,SSP2-4.5,2046,0.535033663
global,global,wave,masnum,SSP2-4.5,2047,0.846425226
global,global,wave,masnum,SSP2-4.5,2048,0.917337457
global,global,wave,masnum,SSP2-4.5,2049,0.724073791
global,global,wave,masnum,SSP2-4.5,2050,0.98487248
global,global,wave,masnum,SSP2-4.5,2051,0.713226431
global,global,wave,masnum,SSP2-4.5,2052,0.951126196
global,global,wave,masnum,SSP2-4.5,2053,0.96451979
global,global,wave,masnum,SSP2-4.5,2054,0.806788876
global,global,wave,masnum,SSP2-4.5,2055,0.946177602
global,global,wave,masnum,SSP2-4.5,2056,1.099369234
global,global,wave,masnum,SSP2-4.5,2057,0.759914777
global,global,wave,masnum,SSP2-4.5,2058,0.656849185
global,global,wave,masnum,SSP2-4.5,2059,0.894453239
global,global,wave,masnum,SSP2-4.5,2060,0.817998355
global,global,wave,masnum,SSP2-4.5,2061,0.656764891
global,global,wave,masnum,SSP2-4.5,2062,0.681988635
global,global,wave,masnum,SSP2-4.5,2063,0.656517553
global,global,wave,masnum,SSP2-4.5,2064,0.743698647
global,global,wave,masnum,SSP2-4.5,2065,0.866710889
global,global,wave,masnum,SSP2-4.5,2066,0.875727269
global,global,wave,masnum,SSP2-4.5,2067,0.918484465
global,global,wave,masnum,SSP2-4.5,2068,0.597539468
global,global,wave,masnum,SSP2-4.5,2069,0.67610412
global,global,wave,masnum,SSP2-4.5,2070,0.64985655
global,global,wave,masnum,SSP2-4.5,2071,0.931570438
global,global,wave,masnum,SSP2-4.5,2072,0.838755808
global,global,wave,masnum,SSP2-4.5,2073,0.83682193
global,global,wave,masnum,SSP2-4.5,2074,0.705398159
global,global,wave,masnum,SSP2-4.5,2075,0.759791301
global,global,wave,masnum,SSP2-4.5,2076,0.915509798
global,global,wave,masnum,SSP2-4.5,2077,0.716665365
global,global,wave,masnum,SSP2-4.5,2078,1.166606045
global,global,wave,masnum,SSP2-4.5,2079,0.75686246
global,global,wave,masnum,SSP2-4.5,2080,1.098405278
global,global,wave,masnum,SSP2-4.5,2081,0.78405238
global,global,wave,masnum,SSP2-4.5,2082,0.699720168
global,global,wave,masnum,SSP2-4.5,2083,0.774806701
global,global,wave,masnum,SSP2-4.5,2084,0.656951489
global,global,wave,masnum,SSP2-4.5,2085,0.931568532
global,global,wave,masnum,SSP2-4.5,2086,0.924075321
global,global,wave,masnum,SSP2-4.5,2087,0.677083688
global,global,wave,masnum,SSP2-4.5,2088,0.764555601
global,global,wave,masnum,SSP2-4.5,2089,0.775029967
global,global,wave,masnum,SSP2-4.5,2090,1.017393132
global,global,wave,masnum,SSP2-4.5,2091,0.864863637
global,global,wave,masnum,SSP2-4.5,2092,0.75157566
global,global,wave,masnum,SSP2-4.5,2093,0.87391659
global,global,wave,masnum,SSP2-4.5,2094,0.569729476
global,global,wave,masnum,SSP2-4.5,2095,0.888204714
global,global,wave,masnum,SSP2-4.5,2096,1.0886847
global,global,wave,masnum,SSP2-4.5,2097,0.816971911
global,global,wave,masnum,SSP2-4.5,2098,0.710640745
global,global,wave,masnum,SSP2-4.5,2099,0.957713911
global,global,wave,masnum,SSP2-4.5,2100,0.947526957
global,global,wave,masnum,SSP5-8.5,2026,0.773829496
global,global,wave,masnum,SSP5-8.5,2027,0.635819068
global,global,wave,masnum,SSP5-8.5,2028,0.851522453
global,global,wave,masnum,SSP5-8.5,2029,1.02942132
global,global,wave,masnum,SSP5-8.5,2030,0.991857672
global,global,wave,masnum,SSP5-8.5,2031,0.782414102
global,global,wave,masnum,SSP5-8.5,2032,0.995353719
global,global,wave,masnum,SSP5-8.5,2033,0.88073616
global,global,wave,masnum,SSP5-8.5,2034,0.984005647
global,global,wave,masnum,SSP5-8.5,2035,0.671002024
global,global,wave,masnum,SSP5-8.5,2036,0.842190519
global,global,wave,masnum,SSP5-8.5,2037,0.808259329
global,global,wave,masnum,SSP5-8.5,2038,0.8199646
global,global,wave,masnum,SSP5-8.5,2039,0.832723801
global,global,wave,masnum,SSP5-8.5,2040,0.804923689
global,global,wave,masnum,SSP5-8.5,2041,0.750257865
global,global,wave,masnum,SSP5-8.5,2042,0.698927179
global,global,wave,masnum,SSP5-8.5,2043,0.644184652
global,global,wave,masnum,SSP5-8.5,2044,0.938466966
global,global,wave,masnum,SSP5-8.5,2045,0.705821361
global,global,wave,masnum,SSP5-8.5,2046,0.725022798
global,global,wave,masnum,SSP5-8.5,2047,1.001629706
global,global,wave,masnum,SSP5-8.5,2048,0.844703645
global,global,wave,masnum,SSP5-8.5,2049,0.572857562
global,global,wave,masnum,SSP5-8.5,2050,0.73539235
global,global,wave,masnum,SSP5-8.5,2051,0.918254241
global,global,wave,masnum,SSP5-8.5,2052,0.758185909
global,global,wave,masnum,SSP5-8.5,2053,0.62279477
global,global,wave,masnum,SSP5-8.5,2054,0.740781881
global,global,wave,masnum,SSP5-8.5,2055,1.281772863
global,global,wave,masnum,SSP5-8.5,2056,0.536362612
global,global,wave,masnum,SSP5-8.5,2057,0.588402788
global,global,wave,masnum,SSP5-8.5,2058,0.711797264
global,global,wave,masnum,SSP5-8.5,2059,0.73915647
global,global,wave,masnum,SSP5-8.5,2060,0.542482304
global,global,wave,masnum,SSP5-8.5,2061,1.012818262
global,global,wave,masnum,SSP5-8.5,2062,0.741059666
global,global,wave,masnum,SSP5-8.5,2063,0.818764202
global,global,wave,masnum,SSP5-8.5,2064,0.548368074
global,global,wave,masnum,SSP5-8.5,2065,0.597792479
global,global,wave,masnum,SSP5-8.5,2066,0.747830629
global,global,wave,masnum,SSP5-8.5,2067,0.8158951
global,global,wave,masnum,SSP5-8.5,2068,0.768322797
global,global,wave,masnum,SSP5-8.5,2069,0.589066405
global,global,wave,masnum,SSP5-8.5,2070,0.762418317
global,global,wave,masnum,SSP5-8.5,2071,0.774668591
global,global,wave,masnum,SSP5-8.5,2072,0.643959409
global,global,wave,masnum,SSP5-8.5,2073,0.622208525
global,global,wave,masnum,SSP5-8.5,2074,0.619475453
global,global,wave,masnum,SSP5-8.5,2075,0.705983035
global,global,wave,masnum,SSP5-8.5,2076,1.166060866
global,global,wave,masnum,SSP5-8.5,2077,0.773203943
global,global,wave,masnum,SSP5-8.5,2078,0.930931939
global,global,wave,masnum,SSP5-8.5,2079,0.646654888
global,global,wave,masnum,SSP5-8.5,2080,0.723641323
global,global,wave,masnum,SSP5-8.5,2081,0.572351365
global,global,wave,masnum,SSP5-8.5,2082,1.000875549
global,global,wave,masnum,SSP5-8.5,2083,0.681866122
global,global,wave,masnum,SSP5-8.5,2084,0.444083254
global,global,wave,masnum,SSP5-8.5,2085,0.727058099
global,global,wave,masnum,SSP5-8.5,2086,0.731839706
global,global,wave,masnum,SSP5-8.5,2087,0.648852312
global,global,wave,masnum,SSP5-8.5,2088,0.87563787
global,global,wave,masnum,SSP5-8.5,2089,0.545521189
global,global,wave,masnum,SSP5-8.5,2090,0.589863944
global,global,wave,masnum,SSP5-8.5,2091,0.648186688
global,global,wave,masnum,SSP5-8.5,2092,0.606621742
global,global,wave,masnum,SSP5-8.5,2093,0.645409293
global,global,wave,masnum,SSP5-8.5,2094,0.5725211
global,global,wave,masnum,SSP5-8.5,2095,0.668736746
global,global,wave,masnum,SSP5-8.5,2096,0.495962592
global,global,wave,masnum,SSP5-8.5,2097,1.008005978
global,global,wave,masnum,SSP5-8.5,2098,0.702627811
global,global,wave,masnum,SSP5-8.5,2099,0.342579443
global,global,wave,masnum,SSP5-8.5,2100,0.847429243
global,global,wind,access_cm2,SSP1-2.6,2015,0.2121818882391276
global,global,wind,access_cm2,SSP1-2.6,2016,0.2364977421201289
global,global,wind,access_cm2,SSP1-2.6,2017,0.3287373815834845
global,global,wind,access_cm2,SSP1-2.6,2018,0.3252084950881375
global,global,wind,access_cm2,SSP1-2.6,2019,0.2271380772847886
global,global,wind,access_cm2,SSP1-2.6,2020,0.3132269706468301
global,global,wind,access_cm2,SSP1-2.6,2021,0.4188216042794055
global,global,wind,access_cm2,SSP1-2.6,2022,0.480375822057316
global,global,wind,access_cm2,SSP1-2.6,2023,0.2152329326004058
global,global,wind,access_cm2,SSP1-2.6,2024,0.1982566656398925
global,global,wind,access_cm2,SSP1-2.6,2025,0.3303026357981582
global,global,wind,access_cm2,SSP1-2.6,2026,0.2626707219115778
global,global,wind,access_cm2,SSP1-2.6,2027,0.2514553884523629
global,global,wind,access_cm2,SSP1-2.6,2028,0.2526367641418524
global,global,wind,access_cm2,SSP1-2.6,2029,0.3337440853521772
global,global,wind,access_cm2,SSP1-2.6,2030,0.2425591765106442
global,global,wind,access_cm2,SSP1-2.6,2031,0.2005425795513479
global,global,wind,access_cm2,SSP1-2.6,2032,0.2435692876256079
global,global,wind,access_cm2,SSP1-2.6,2033,0.2737334667391655
global,global,wind,access_cm2,SSP1-2.6,2034,0.2204931655231841
global,global,wind,access_cm2,SSP1-2.6,2035,0.2196051065058852
global,global,wind,access_cm2,SSP1-2.6,2036,0.3976626448046336
global,global,wind,access_cm2,SSP1-2.6,2037,0.2548682547438941
global,global,wind,access_cm2,SSP1-2.6,2038,0.2695068721838763
global,global,wind,access_cm2,SSP1-2.6,2039,0.3476431886949066
global,global,wind,access_cm2,SSP1-2.6,2040,0.3612637630208923
global,global,wind,access_cm2,SSP1-2.6,2041,0.2922261047370497
global,global,wind,access_cm2,SSP1-2.6,2042,0.350309915894113
global,global,wind,access_cm2,SSP1-2.6,2043,0.2187066711817975
global,global,wind,access_cm2,SSP1-2.6,2044,0.3659067047833287
global,global,wind,access_cm2,SSP1-2.6,2045,0.3022819532956132
global,global,wind,access_cm2,SSP1-2.6,2046,0.2584931625532112
global,global,wind,access_cm2,SSP1-2.6,2047,0.3219925338471918
global,global,wind,access_cm2,SSP1-2.6,2048,0.2765560100389518
global,global,wind,access_cm2,SSP1-2.6,2049,0.2015345729435813
global,global,wind,access_cm2,SSP1-2.6,2050,0.276925414587485
global,global,wind,access_cm2,SSP1-2.6,2051,0.2615534290150097
global,global,wind,access_cm2,SSP1-2.6,2052,0.2646158691644044
global,global,wind,access_cm2,SSP1-2.6,2053,0.202943080949373
global,global,wind,access_cm2,SSP1-2.6,2054,0.1941972672002224
global,global,wind,access_cm2,SSP1-2.6,2055,0.1686414823022867
global,global,wind,access_cm2,SSP1-2.6,2056,0.2472352897540101
global,global,wind,access_cm2,SSP1-2.6,2057,0.2033785363810242
global,global,wind,access_cm2,SSP1-2.6,2058,0.213460721370748
global,global,wind,access_cm2,SSP1-2.6,2059,0.2019994302814023
global,global,wind,access_cm2,SSP1-2.6,2060,0.2920566782257431
global,global,wind,access_cm2,SSP1-2.6,2061,0.2890323905333168
global,global,wind,access_cm2,SSP1-2.6,2062,0.250159917942358
global,global,wind,access_cm2,SSP1-2.6,2063,0.2284728053101136
global,global,wind,access_cm2,SSP1-2.6,2064,0.2406762786709639
global,global,wind,access_cm2,SSP1-2.6,2065,0.2153187431710642
global,global,wind,access_cm2,SSP1-2.6,2066,0.2753804223225091
global,global,wind,access_cm2,SSP1-2.6,2067,0.2233764002198371
global,global,wind,access_cm2,SSP1-2.6,2068,0.3048402211715879
global,global,wind,access_cm2,SSP1-2.6,2069,0.2801718852397135
global,global,wind,access_cm2,SSP1-2.6,2070,0.186846526825528
global,global,wind,access_cm2,SSP1-2.6,2071,0.224267034520125
global,global,wind,access_cm2,SSP1-2.6,2072,0.2790636578502447
global,global,wind,access_cm2,SSP1-2.6,2073,0.3199343472416319
global,global,wind,access_cm2,SSP1-2.6,2074,0.210336275920569
global,global,wind,access_cm2,SSP1-2.6,2075,0.3556161101010525
global,global,wind,access_cm2,SSP1-2.6,2076,0.2622803724826067
global,global,wind,access_cm2,SSP1-2.6,2077,0.2292921143936193
global,global,wind,access_cm2,SSP1-2.6,2078,0.1916826525534825
global,global,wind,access_cm2,SSP1-2.6,2079,0.2596831376616803
global,global,wind,access_cm2,SSP1-2.6,2080,0.3286428292231768
global,global,wind,access_cm2,SSP1-2.6,2081,0.1954614115532815
global,global,wind,access_cm2,SSP1-2.6,2082,0.208185891622882
global,global,wind,access_cm2,SSP1-2.6,2083,0.280634460981264
global,global,wind,access_cm2,SSP1-2.6,2084,0.2090282184598546
global,global,wind,access_cm2,SSP1-2.6,2085,0.25181179686951
global,global,wind,access_cm2,SSP1-2.6,2086,0.2508467774484175
global,global,wind,access_cm2,SSP1-2.6,2087,0.4167321221849228
global,global,wind,access_cm2,SSP1-2.6,2088,0.2201293797378967
global,global,wind,access_cm2,SSP1-2.6,2089,0.4389578544429174
global,global,wind,access_cm2,SSP1-2.6,2090,0.2083254748558884
global,global,wind,access_cm2,SSP1-2.6,2091,0.2095804674247816
global,global,wind,access_cm2,SSP1-2.6,2092,0.2055381158223952
global,global,wind,access_cm2,SSP1-2.6,2093,0.293138421895706
global,global,wind,access_cm2,SSP1-2.6,2094,0.1972472011946189
global,global,wind,access_cm2,SSP1-2.6,2095,0.2819546172851676
global,global,wind,access_cm2,SSP1-2.6,2096,0.2386794269900166
global,global,wind,access_cm2,SSP1-2.6,2097,0.2188569645843932
global,global,wind,access_cm2,SSP1-2.6,2098,0.1880360173596814
global,global,wind,access_cm2,SSP1-2.6,2099,0.278494557658045
global,global,wind,access_cm2,SSP1-2.6,2100,0.2793446086723125
global,global,wind,access_cm2,SSP2-4.5,2015,0.3224813505472487
global,global,wind,access_cm2,SSP2-4.5,2016,0.3785519199277598
global,global,wind,access_cm2,SSP2-4.5,2017,0.2444860649277692
global,global,wind,access_cm2,SSP2-4.5,2018,0.3008903488487908
global,global,wind,access_cm2,SSP2-4.5,2019,0.2641781988930953
global,global,wind,access_cm2,SSP2-4.5,2020,0.3299232234530303
global,global,wind,access_cm2,SSP2-4.5,2021,0.2562231605204134
global,global,wind,access_cm2,SSP2-4.5,2022,0.2578292096682293
global,global,wind,access_cm2,SSP2-4.5,2023,0.2262669676758835
global,global,wind,access_cm2,SSP2-4.5,2024,0.2371547756931511
global,global,wind,access_cm2,SSP2-4.5,2025,0.2452812096484347
global,global,wind,access_cm2,SSP2-4.5,2026,0.2126894072456876
global,global,wind,access_cm2,SSP2-4.5,2027,0.2209606113867086
global,global,wind,access_cm2,SSP2-4.5,2028,0.2627329691262269
global,global,wind,access_cm2,SSP2-4.5,2029,0.3102061622162935
global,global,wind,access_cm2,SSP2-4.5,2030,0.2496535181374373
global,global,wind,access_cm2,SSP2-4.5,2031,0.340846889260422
global,global,wind,access_cm2,SSP2-4.5,2032,0.2877057722422979
global,global,wind,access_cm2,SSP2-4.5,2033,0.2500951993662337
global,global,wind,access_cm2,SSP2-4.5,2034,0.2017688191316267
global,global,wind,access_cm2,SSP2-4.5,2035,0.3099801982715498
global,global,wind,access_cm2,SSP2-4.5,2036,0.3210521942325755
global,global,wind,access_cm2,SSP2-4.5,2037,0.252304307273286
global,global,wind,access_cm2,SSP2-4.5,2038,0.2111952384207637
global,global,wind,access_cm2,SSP2-4.5,2039,0.2602641219289383
global,global,wind,access_cm2,SSP2-4.5,2040,0.2601285840967793
global,global,wind,access_cm2,SSP2-4.5,2041,0.1786470153555998
global,global,wind,access_cm2,SSP2-4.5,2042,0.2554366458367616
global,global,wind,access_cm2,SSP2-4.5,2043,0.2639202665175224
global,global,wind,access_cm2,SSP2-4.5,2044,0.3738627534977594
global,global,wind,access_cm2,SSP2-4.5,2045,0.1637874303401405
global,global,wind,access_cm2,SSP2-4.5,2046,0.193292096282514
global,global,wind,access_cm2,SSP2-4.5,2047,0.2246594522221024
global,global,wind,access_cm2,SSP2-4.5,2048,0.2421356932937408
global,global,wind,access_cm2,SSP2-4.5,2049,0.3619433148513022
global,global,wind,access_cm2,SSP2-4.5,2050,0.2152996990395308
global,global,wind,access_cm2,SSP2-4.5,2051,0.3056010570667126
global,global,wind,access_cm2,SSP2-4.5,2052,0.3550358700382316
global,global,wind,access_cm2,SSP2-4.5,2053,0.2838656410214675
global,global,wind,access_cm2,SSP2-4.5,2054,0.2385943584778335
global,global,wind,access_cm2,SSP2-4.5,2055,0.3088791126953526
global,global,wind,access_cm2,SSP2-4.5,2056,0.312539951429887
global,global,wind,access_cm2,SSP2-4.5,2057,0.1952173745457863
global,global,wind,access_cm2,SSP2-4.5,2058,0.1946656460660104
global,global,wind,access_cm2,SSP2-4.5,2059,0.1864517909399068
global,global,wind,access_cm2,SSP2-4.5,2060,0.2297460480647853
global,global,wind,access_cm2,SSP2-4.5,2061,0.2200596533186243
global,global,wind,access_cm2,SSP2-4.5,2062,0.2339958320167991
global,global,wind,access_cm2,SSP2-4.5,2063,0.3448421466502702
global,global,wind,access_cm2,SSP2-4.5,2064,0.2289310074038095
global,global,wind,access_cm2,SSP2-4.5,2065,0.1699413169509936
global,global,wind,access_cm2,SSP2-4.5,2066,0.3152793968335786
global,global,wind,access_cm2,SSP2-4.5,2067,0.2623013112428353
global,global,wind,access_cm2,SSP2-4.5,2068,0.1804972963340479
global,global,wind,access_cm2,SSP2-4.5,2069,0.2077816695473811
global,global,wind,access_cm2,SSP2-4.5,2070,0.2579183277653149
global,global,wind,access_cm2,SSP2-4.5,2071,0.2256419425820549
global,global,wind,access_cm2,SSP2-4.5,2072,0.1891472081017098
global,global,wind,access_cm2,SSP2-4.5,2073,0.3288149259023726
global,global,wind,access_cm2,SSP2-4.5,2074,0.1998202337698242
global,global,wind,access_cm2,SSP2-4.5,2075,0.2143951883261924
global,global,wind,access_cm2,SSP2-4.5,2076,0.2107502624585782
global,global,wind,access_cm2,SSP2-4.5,2077,0.197973077054088
global,global,wind,access_cm2,SSP2-4.5,2078,0.2471272163753667
global,global,wind,access_cm2,SSP2-4.5,2079,0.3922432066640767
global,global,wind,access_cm2,SSP2-4.5,2080,0.2633330417802932
global,global,wind,access_cm2,SSP2-4.5,2081,0.3928076239198747
global,global,wind,access_cm2,SSP2-4.5,2082,0.221532756285119
global,global,wind,access_cm2,SSP2-4.5,2083,0.2731764839187315
global,global,wind,access_cm2,SSP2-4.5,2084,0.3246002723915742
global,global,wind,access_cm2,SSP2-4.5,2085,0.2370347986898487
global,global,wind,access_cm2,SSP2-4.5,2086,0.196706230390961
global,global,wind,access_cm2,SSP2-4.5,2087,0.3334901582857585
global,global,wind,access_cm2,SSP2-4.5,2088,0.1972320246154318
global,global,wind,access_cm2,SSP2-4.5,2089,0.2514159678817381
global,global,wind,access_cm2,SSP2-4.5,2090,0.2379735718699389
global,global,wind,access_cm2,SSP2-4.5,2091,0.2739528378722268
global,global,wind,access_cm2,SSP2-4.5,2092,0.2496396407225699
global,global,wind,access_cm2,SSP2-4.5,2093,0.2582191260544891
global,global,wind,access_cm2,SSP2-4.5,2094,0.2637123365291241
global,global,wind,access_cm2,SSP2-4.5,2095,0.3822944744162688
global,global,wind,access_cm2,SSP2-4.5,2096,0.2120578826369173
global,global,wind,access_cm2,SSP2-4.5,2097,0.3534672832369203
global,global,wind,access_cm2,SSP2-4.5,2098,0.2015386489305089
global,global,wind,access_cm2,SSP2-4.5,2099,0.2088372838094616
global,global,wind,access_cm2,SSP2-4.5,2100,0.1659435257626349
global,global,wind,access_cm2,SSP5-8.5,2015,0.2221870281812085
global,global,wind,access_cm2,SSP5-8.5,2016,0.2361850320306213
global,global,wind,access_cm2,SSP5-8.5,2017,0.2717448863967523
global,global,wind,access_cm2,SSP5-8.5,2018,0.3436186921742373
global,global,wind,access_cm2,SSP5-8.5,2019,0.2518533833686868
global,global,wind,access_cm2,SSP5-8.5,2020,0.3503802073809013
global,global,wind,access_cm2,SSP5-8.5,2021,0.2234887631665074
global,global,wind,access_cm2,SSP5-8.5,2022,0.3182560757620425
global,global,wind,access_cm2,SSP5-8.5,2023,0.1706151254862185
global,global,wind,access_cm2,SSP5-8.5,2024,0.208726832972236
global,global,wind,access_cm2,SSP5-8.5,2025,0.2280229332397837
global,global,wind,access_cm2,SSP5-8.5,2026,0.2948910888724687
global,global,wind,access_cm2,SSP5-8.5,2027,0.1999303283270734
global,global,wind,access_cm2,SSP5-8.5,2028,0.2653269261321214
global,global,wind,access_cm2,SSP5-8.5,2029,0.3656805949617898
global,global,wind,access_cm2,SSP5-8.5,2030,0.3539878394839912
global,global,wind,access_cm2,SSP5-8.5,2031,0.228226927134966
global,global,wind,access_cm2,SSP5-8.5,2032,0.2261653685872761
global,global,wind,access_cm2,SSP5-8.5,2033,0.2006723942612061
global,global,wind,access_cm2,SSP5-8.5,2034,0.4218146317269222
global,global,wind,access_cm2,SSP5-8.5,2035,0.1960614991032821
global,global,wind,access_cm2,SSP5-8.5,2036,0.2626227336192571
global,global,wind,access_cm2,SSP5-8.5,2037,0.242771556363108
global,global,wind,access_cm2,SSP5-8.5,2038,0.3405127665074787
global,global,wind,access_cm2,SSP5-8.5,2039,0.2394705249697001
global,global,wind,access_cm2,SSP5-8.5,2040,0.1900777583955673
global,global,wind,access_cm2,SSP5-8.5,2041,0.2255449303480905
global,global,wind,access_cm2,SSP5-8.5,2042,0.225908404880798
global,global,wind,access_cm2,SSP5-8.5,2043,0.2785345989661143
global,global,wind,access_cm2,SSP5-8.5,2044,0.2232057544764097
global,global,wind,access_cm2,SSP5-8.5,2045,0.2243376452422555
global,global,wind,access_cm2,SSP5-8.5,2046,0.2659940074777295
global,global,wind,access_cm2,SSP5-8.5,2047,0.2715952271138707
global,global,wind,access_cm2,SSP5-8.5,2048,0.237760661117004
global,global,wind,access_cm2,SSP5-8.5,2049,0.1542440859582147
global,global,wind,access_cm2,SSP5-8.5,2050,0.32580884963903
global,global,wind,access_cm2,SSP5-8.5,2051,0.3626865390584435
global,global,wind,access_cm2,SSP5-8.5,2052,0.1822477379746059
global,global,wind,access_cm2,SSP5-8.5,2053,0.2706838185130344
global,global,wind,access_cm2,SSP5-8.5,2054,0.2095181780560369
global,global,wind,access_cm2,SSP5-8.5,2055,0.1950370939022162
global,global,wind,access_cm2,SSP5-8.5,2056,0.2722938814691761
global,global,wind,access_cm2,SSP5-8.5,2057,0.2802812851487459
global,global,wind,access_cm2,SSP5-8.5,2058,0.1866076179012845
global,global,wind,access_cm2,SSP5-8.5,2059,0.2284444852760171
global,global,wind,access_cm2,SSP5-8.5,2060,0.2005515776851783
global,global,wind,access_cm2,SSP5-8.5,2061,0.2170227223434499
global,global,wind,access_cm2,SSP5-8.5,2062,0.2696084295349878
global,global,wind,access_cm2,SSP5-8.5,2063,0.2236625353496202
global,global,wind,access_cm2,SSP5-8.5,2064,0.4271131668616167
global,global,wind,access_cm2,SSP5-8.5,2065,0.3344678458064292
global,global,wind,access_cm2,SSP5-8.5,2066,0.2849286992944667
global,global,wind,access_cm2,SSP5-8.5,2067,0.2792143230180254
global,global,wind,access_cm2,SSP5-8.5,2068,0.1976519992884586
global,global,wind,access_cm2,SSP5-8.5,2069,0.219199478679117
global,global,wind,access_cm2,SSP5-8.5,2070,0.1829158801067087
global,global,wind,access_cm2,SSP5-8.5,2071,0.2495742049120327
global,global,wind,access_cm2,SSP5-8.5,2072,0.2776957209270736
global,global,wind,access_cm2,SSP5-8.5,2073,0.2011704400976684
global,global,wind,access_cm2,SSP5-8.5,2074,0.2479952727979736
global,global,wind,access_cm2,SSP5-8.5,2075,0.2223752877498175
global,global,wind,access_cm2,SSP5-8.5,2076,0.2964476313141633
global,global,wind,access_cm2,SSP5-8.5,2077,0.1662891376528236
global,global,wind,access_cm2,SSP5-8.5,2078,0.2236006495842561
global,global,wind,access_cm2,SSP5-8.5,2079,0.2214072715116254
global,global,wind,access_cm2,SSP5-8.5,2080,0.2924837142815076
global,global,wind,access_cm2,SSP5-8.5,2081,0.2115460171513165
global,global,wind,access_cm2,SSP5-8.5,2082,0.2177238984777964
global,global,wind,access_cm2,SSP5-8.5,2083,0.3660005733988027
global,global,wind,access_cm2,SSP5-8.5,2084,0.1849360269927127
global,global,wind,access_cm2,SSP5-8.5,2085,0.3775576047229375
global,global,wind,access_cm2,SSP5-8.5,2086,0.2024448421658741
global,global,wind,access_cm2,SSP5-8.5,2087,0.2541261208135174
global,global,wind,access_cm2,SSP5-8.5,2088,0.2242581877934343
global,global,wind,access_cm2,SSP5-8.5,2089,0.2960416035530139
global,global,wind,access_cm2,SSP5-8.5,2090,0.215018791367925
global,global,wind,access_cm2,SSP5-8.5,2091,0.3189256077829478
global,global,wind,access_cm2,SSP5-8.5,2092,0.2961294436263675
global,global,wind,access_cm2,SSP5-8.5,2093,0.197966481648677
global,global,wind,access_cm2,SSP5-8.5,2094,0.1376459459027266
global,global,wind,access_cm2,SSP5-8.5,2095,0.2903141048019895
global,global,wind,access_cm2,SSP5-8.5,2096,0.2680403833565385
global,global,wind,access_cm2,SSP5-8.5,2097,0.3829868478456437
global,global,wind,access_cm2,SSP5-8.5,2098,0.166410623744184
global,global,wind,access_cm2,SSP5-8.5,2099,0.1900236379251957
global,global,wind,access_cm2,SSP5-8.5,2100,0.1706036257965775
global,global,wind,cmcc_cm2_sr5,SSP1-2.6,2015,0.2168450285311903
global,global,wind,cmcc_cm2_sr5,SSP1-2.6,2016,0.3463922622126097
global,global,wind,cmcc_cm2_sr5,SSP1-2.6,2017,0.2717838556548406
global,global,wind,cmcc_cm2_sr5,SSP1-2.6,2018,0.2616218639696796
global,global,wind,cmcc_cm2_sr5,SSP1-2.6,2019,0.1911237518188376
global,global,wind,cmcc_cm2_sr5,SSP1-2.6,2020,0.2734355802669274
global,global,wind,cmcc_cm2_sr5,SSP1-2.6,2021,0.317262029199625
global,global,wind,cmcc_cm2_sr5,SSP1-2.6,2022,0.2976925452774388
global,global,wind,cmcc_cm2_sr5,SSP1-2.6,2023,0.4434846172351337
global,global,wind,cmcc_cm2_sr5,SSP1-2.6,2024,0.2779285615612042
global,global,wind,cmcc_cm2_sr5,SSP1-2.6,2025,0.2268320801515062
global,global,wind,cmcc_cm2_sr5,SSP1-2.6,2026,0.273197632394641
global,global,wind,cmcc_cm2_sr5,SSP1-2.6,2027,0.3248210083286673
global,global,wind,cmcc_cm2_sr5,SSP1-2.6,2028,0.3371783544478247
global,global,wind,cmcc_cm2_sr5,SSP1-2.6,2029,0.2818625530731916
global,global,wind,cmcc_cm2_sr5,SSP1-2.6,2030,0.2118142161780705
global,global,wind,cmcc_cm2_sr5,SSP1-2.6,2031,0.2749331819824397
global,global,wind,cmcc_cm2_sr5,SSP1-2.6,2032,0.2916036145087812
global,global,wind,cmcc_cm2_sr5,SSP1-2.6,2033,0.3197820699258808
global,global,wind,cmcc_cm2_sr5,SSP1-2.6,2034,0.2726302406390389
global,global,wind,cmcc_cm2_sr5,SSP1-2.6,2035,0.2319786181331635
global,global,wind,cmcc_cm2_sr5,SSP1-2.6,2036,0.2151236072382779
global,global,wind,cmcc_cm2_sr5,SSP1-2.6,2037,0.286365169470071
global,global,wind,cmcc_cm2_sr5,SSP1-2.6,2038,0.2934854006159591
global,global,wind,cmcc_cm2_sr5,SSP1-2.6,2039,0.2633293627367846
global,global,wind,cmcc_cm2_sr5,SSP1-2.6,2040,0.1532217154960754
global,global,wind,cmcc_cm2_sr5,SSP1-2.6,2041,0.2442707061228236
global,global,wind,cmcc_cm2_sr5,SSP1-2.6,2042,0.3328740254064019
global,global,wind,cmcc_cm2_sr5,SSP1-2.6,2043,0.4346918525918669
global,global,wind,cmcc_cm2_sr5,SSP1-2.6,2044,0.1819981662059054
global,global,wind,cmcc_cm2_sr5,SSP1-2.6,2045,0.1707204585387367
global,global,wind,cmcc_cm2_sr5,SSP1-2.6,2046,0.3068266888441793
global,global,wind,cmcc_cm2_sr5,SSP1-2.6,2047,0.3721698488915147
global,global,wind,cmcc_cm2_sr5,SSP1-2.6,2048,0.2279866060283527
global,global,wind,cmcc_cm2_sr5,SSP1-2.6,2049,0.2481949660687407
global,global,wind,cmcc_cm2_sr5,SSP1-2.6,2050,0.2902424942796661
global,global,wind,cmcc_cm2_sr5,SSP1-2.6,2051,0.3585335274262332
global,global,wind,cmcc_cm2_sr5,SSP1-2.6,2052,0.2300674510370096
global,global,wind,cmcc_cm2_sr5,SSP1-2.6,2053,0.2667108613326663
global,global,wind,cmcc_cm2_sr5,SSP1-2.6,2054,0.3221740340299892
global,global,wind,cmcc_cm2_sr5,SSP1-2.6,2055,0.2224454646900013
global,global,wind,cmcc_cm2_sr5,SSP1-2.6,2056,0.3172364146560125
global,global,wind,cmcc_cm2_sr5,SSP1-2.6,2057,0.2240815821374275
global,global,wind,cmcc_cm2_sr5,SSP1-2.6,2058,0.2702322845085063
global,global,wind,cmcc_cm2_sr5,SSP1-2.6,2059,0.1939469196597829
global,global,wind,cmcc_cm2_sr5,SSP1-2.6,2060,0.2981722888614186
global,global,wind,cmcc_cm2_sr5,SSP1-2.6,2061,0.3155874256760353
global,global,wind,cmcc_cm2_sr5,SSP1-2.6,2062,0.2930924229332514
global,global,wind,cmcc_cm2_sr5,SSP1-2.6,2063,0.2641926378220562
global,global,wind,cmcc_cm2_sr5,SSP1-2.6,2064,0.2936093771994769
global,global,wind,cmcc_cm2_sr5,SSP1-2.6,2065,0.2608358087163784
global,global,wind,cmcc_cm2_sr5,SSP1-2.6,2066,0.3276706692261558
global,global,wind,cmcc_cm2_sr5,SSP1-2.6,2067,0.3304685108511223
global,global,wind,cmcc_cm2_sr5,SSP1-2.6,2068,0.2638590339981431
global,global,wind,cmcc_cm2_sr5,SSP1-2.6,2069,0.2903387032091034
global,global,wind,cmcc_cm2_sr5,SSP1-2.6,2070,0.2883635945011549
global,global,wind,cmcc_cm2_sr5,SSP1-2.6,2071,0.2339459584773796
global,global,wind,cmcc_cm2_sr5,SSP1-2.6,2072,0.2251584390017711
global,global,wind,cmcc_cm2_sr5,SSP1-2.6,2073,0.2724027897337026
global,global,wind,cmcc_cm2_sr5,SSP1-2.6,2074,0.4552955597906106
global,global,wind,cmcc_cm2_sr5,SSP1-2.6,2075,0.230476698275038
global,global,wind,cmcc_cm2_sr5,SSP1-2.6,2076,0.2365962546005374
global,global,wind,cmcc_cm2_sr5,SSP1-2.6,2077,0.2457569258645543
global,global,wind,cmcc_cm2_sr5,SSP1-2.6,2078,0.3718875518932578
global,global,wind,cmcc_cm2_sr5,SSP1-2.6,2079,0.2475666318948534
global,global,wind,cmcc_cm2_sr5,SSP1-2.6,2080,0.2025385025833296
global,global,wind,cmcc_cm2_sr5,SSP1-2.6,2081,0.4686798111712571
global,global,wind,cmcc_cm2_sr5,SSP1-2.6,2082,0.2004529201254337
global,global,wind,cmcc_cm2_sr5,SSP1-2.6,2083,0.268745646745741
global,global,wind,cmcc_cm2_sr5,SSP1-2.6,2084,0.2730175732604096
global,global,wind,cmcc_cm2_sr5,SSP1-2.6,2085,0.3046096229605701
global,global,wind,cmcc_cm2_sr5,SSP1-2.6,2086,0.3507665078476725
global,global,wind,cmcc_cm2_sr5,SSP1-2.6,2087,0.3595159090024035
global,global,wind,cmcc_cm2_sr5,SSP1-2.6,2088,0.2309015374280392
global,global,wind,cmcc_cm2_sr5,SSP1-2.6,2089,0.3915027659029215
global,global,wind,cmcc_cm2_sr5,SSP1-2.6,2090,0.1528303647612966
global,global,wind,cmcc_cm2_sr5,SSP1-2.6,2091,0.1431473960098123
global,global,wind,cmcc_cm2_sr5,SSP1-2.6,2092,0.2293091072783668
global,global,wind,cmcc_cm2_sr5,SSP1-2.6,2093,0.1675671825857117
global,global,wind,cmcc_cm2_sr5,SSP1-2.6,2094,0.2199406999287734
global,global,wind,cmcc_cm2_sr5,SSP1-2.6,2095,0.2610424206777023
global,global,wind,cmcc_cm2_sr5,SSP1-2.6,2096,0.3141236191477441
global,global,wind,cmcc_cm2_sr5,SSP1-2.6,2097,0.5165995230891152
global,global,wind,cmcc_cm2_sr5,SSP1-2.6,2098,0.2378185723125755
global,global,wind,cmcc_cm2_sr5,SSP1-2.6,2099,0.2701944436135598
global,global,wind,cmcc_cm2_sr5,SSP1-2.6,2100,0.2482452820090095
global,global,wind,cmcc_cm2_sr5,SSP2-4.5,2015,0.2562062972457568
global,global,wind,cmcc_cm2_sr5,SSP2-4.5,2016,0.3388842304569499
global,global,wind,cmcc_cm2_sr5,SSP2-4.5,2017,0.2829372005818654
global,global,wind,cmcc_cm2_sr5,SSP2-4.5,2018,0.3764401051687552
global,global,wind,cmcc_cm2_sr5,SSP2-4.5,2019,0.2804420381705035
global,global,wind,cmcc_cm2_sr5,SSP2-4.5,2020,0.4165056062205183
global,global,wind,cmcc_cm2_sr5,SSP2-4.5,2021,0.3294537458395269
global,global,wind,cmcc_cm2_sr5,SSP2-4.5,2022,0.4376382108584404
global,global,wind,cmcc_cm2_sr5,SSP2-4.5,2023,0.3395840521741602
global,global,wind,cmcc_cm2_sr5,SSP2-4.5,2024,0.2665599292800332
global,global,wind,cmcc_cm2_sr5,SSP2-4.5,2025,0.2298129942558474
global,global,wind,cmcc_cm2_sr5,SSP2-4.5,2026,0.2199103048638014
global,global,wind,cmcc_cm2_sr5,SSP2-4.5,2027,0.2393259752283573
global,global,wind,cmcc_cm2_sr5,SSP2-4.5,2028,0.2372737893287737
global,global,wind,cmcc_cm2_sr5,SSP2-4.5,2029,0.2970278056775854
global,global,wind,cmcc_cm2_sr5,SSP2-4.5,2030,0.2299610350499633
global,global,wind,cmcc_cm2_sr5,SSP2-4.5,2031,0.2076421683289852
global,global,wind,cmcc_cm2_sr5,SSP2-4.5,2032,0.3224045919584919
global,global,wind,cmcc_cm2_sr5,SSP2-4.5,2033,0.4485862381808895
global,global,wind,cmcc_cm2_sr5,SSP2-4.5,2034,0.2708054397947194
global,global,wind,cmcc_cm2_sr5,SSP2-4.5,2035,0.2976802994233872
global,global,wind,cmcc_cm2_sr5,SSP2-4.5,2036,0.2432370114528632
global,global,wind,cmcc_cm2_sr5,SSP2-4.5,2037,0.2683323854290318
global,global,wind,cmcc_cm2_sr5,SSP2-4.5,2038,0.2487072052941235
global,global,wind,cmcc_cm2_sr5,SSP2-4.5,2039,0.1677133140009721
global,global,wind,cmcc_cm2_sr5,SSP2-4.5,2040,0.4079745597329781
global,global,wind,cmcc_cm2_sr5,SSP2-4.5,2041,0.2075632900587087
global,global,wind,cmcc_cm2_sr5,SSP2-4.5,2042,0.2297407757084828
global,global,wind,cmcc_cm2_sr5,SSP2-4.5,2043,0.2978261793374605
global,global,wind,cmcc_cm2_sr5,SSP2-4.5,2044,0.2651269240907189
global,global,wind,cmcc_cm2_sr5,SSP2-4.5,2045,0.2396262158414489
global,global,wind,cmcc_cm2_sr5,SSP2-4.5,2046,0.2971147107728328
global,global,wind,cmcc_cm2_sr5,SSP2-4.5,2047,0.3138528116101657
global,global,wind,cmcc_cm2_sr5,SSP2-4.5,2048,0.3035848979627566
global,global,wind,cmcc_cm2_sr5,SSP2-4.5,2049,0.205702252352242
global,global,wind,cmcc_cm2_sr5,SSP2-4.5,2050,0.3398753742128964
global,global,wind,cmcc_cm2_sr5,SSP2-4.5,2051,0.3215206295260882
global,global,wind,cmcc_cm2_sr5,SSP2-4.5,2052,0.3622944379400925
global,global,wind,cmcc_cm2_sr5,SSP2-4.5,2053,0.2150756029235689
global,global,wind,cmcc_cm2_sr5,SSP2-4.5,2054,0.2471168373593614
global,global,wind,cmcc_cm2_sr5,SSP2-4.5,2055,0.301025535892487
global,global,wind,cmcc_cm2_sr5,SSP2-4.5,2056,0.2775728347450108
global,global,wind,cmcc_cm2_sr5,SSP2-4.5,2057,0.2671834077331517
global,global,wind,cmcc_cm2_sr5,SSP2-4.5,2058,0.2181774018945031
global,global,wind,cmcc_cm2_sr5,SSP2-4.5,2059,0.2037841412329318
global,global,wind,cmcc_cm2_sr5,SSP2-4.5,2060,0.2248964263147914
global,global,wind,cmcc_cm2_sr5,SSP2-4.5,2061,0.2522121677497447
global,global,wind,cmcc_cm2_sr5,SSP2-4.5,2062,0.2086971407750005
global,global,wind,cmcc_cm2_sr5,SSP2-4.5,2063,0.2957836189799263
global,global,wind,cmcc_cm2_sr5,SSP2-4.5,2064,0.2845542583148262
global,global,wind,cmcc_cm2_sr5,SSP2-4.5,2065,0.2716738834136635
global,global,wind,cmcc_cm2_sr5,SSP2-4.5,2066,0.2629790735449863
global,global,wind,cmcc_cm2_sr5,SSP2-4.5,2067,0.1934164323725056
global,global,wind,cmcc_cm2_sr5,SSP2-4.5,2068,0.2635306793724479
global,global,wind,cmcc_cm2_sr5,SSP2-4.5,2069,0.2630708162671848
global,global,wind,cmcc_cm2_sr5,SSP2-4.5,2070,0.2903158285795047
global,global,wind,cmcc_cm2_sr5,SSP2-4.5,2071,0.2150590613268334
global,global,wind,cmcc_cm2_sr5,SSP2-4.5,2072,0.2752012007092314
global,global,wind,cmcc_cm2_sr5,SSP2-4.5,2073,0.2641570892732899
global,global,wind,cmcc_cm2_sr5,SSP2-4.5,2074,0.1954810101914513
global,global,wind,cmcc_cm2_sr5,SSP2-4.5,2075,0.4292116591305428
global,global,wind,cmcc_cm2_sr5,SSP2-4.5,2076,0.3676040993784853
global,global,wind,cmcc_cm2_sr5,SSP2-4.5,2077,0.2244860018853598
global,global,wind,cmcc_cm2_sr5,SSP2-4.5,2078,0.2234271563107115
global,global,wind,cmcc_cm2_sr5,SSP2-4.5,2079,0.3320123338360065
global,global,wind,cmcc_cm2_sr5,SSP2-4.5,2080,0.2880724080413376
global,global,wind,cmcc_cm2_sr5,SSP2-4.5,2081,0.2842177537330722
global,global,wind,cmcc_cm2_sr5,SSP2-4.5,2082,0.2101992852558682
global,global,wind,cmcc_cm2_sr5,SSP2-4.5,2083,0.2794194389956361
global,global,wind,cmcc_cm2_sr5,SSP2-4.5,2084,0.1895419177110564
global,global,wind,cmcc_cm2_sr5,SSP2-4.5,2085,0.4571363289019662
global,global,wind,cmcc_cm2_sr5,SSP2-4.5,2086,0.3402391108294191
global,global,wind,cmcc_cm2_sr5,SSP2-4.5,2087,0.2878995117628038
global,global,wind,cmcc_cm2_sr5,SSP2-4.5,2088,0.2634450040039422
global,global,wind,cmcc_cm2_sr5,SSP2-4.5,2089,0.3470674135062891
global,global,wind,cmcc_cm2_sr5,SSP2-4.5,2090,0.2653993474331349
global,global,wind,cmcc_cm2_sr5,SSP2-4.5,2091,0.2079114347504697
global,global,wind,cmcc_cm2_sr5,SSP2-4.5,2092,0.3202062784608739
global,global,wind,cmcc_cm2_sr5,SSP2-4.5,2093,0.2065934855455836
global,global,wind,cmcc_cm2_sr5,SSP2-4.5,2094,0.2482725098870386
global,global,wind,cmcc_cm2_sr5,SSP2-4.5,2095,0.1939288904306048
global,global,wind,cmcc_cm2_sr5,SSP2-4.5,2096,0.260982628522101
global,global,wind,cmcc_cm2_sr5,SSP2-4.5,2097,0.1965713518949684
global,global,wind,cmcc_cm2_sr5,SSP2-4.5,2098,0.2254849243659573
global,global,wind,cmcc_cm2_sr5,SSP2-4.5,2099,0.4200077206409528
global,global,wind,cmcc_cm2_sr5,SSP2-4.5,2100,0.1554039701281543
global,global,wind,cmcc_cm2_sr5,SSP5-8.5,2015,0.286587087409016
global,global,wind,cmcc_cm2_sr5,SSP5-8.5,2016,0.2063032236384282
global,global,wind,cmcc_cm2_sr5,SSP5-8.5,2017,0.3095704306414156
global,global,wind,cmcc_cm2_sr5,SSP5-8.5,2018,0.2704017985769895
global,global,wind,cmcc_cm2_sr5,SSP5-8.5,2019,0.5010648204649877
global,global,wind,cmcc_cm2_sr5,SSP5-8.5,2020,0.3012296849709915
global,global,wind,cmcc_cm2_sr5,SSP5-8.5,2021,0.2805044278732395
global,global,wind,cmcc_cm2_sr5,SSP5-8.5,2022,0.2312907412188264
global,global,wind,cmcc_cm2_sr5,SSP5-8.5,2023,0.3021283526128259
global,global,wind,cmcc_cm2_sr5,SSP5-8.5,2024,0.2490771781025427
global,global,wind,cmcc_cm2_sr5,SSP5-8.5,2025,0.2164097439202397
global,global,wind,cmcc_cm2_sr5,SSP5-8.5,2026,0.2790738097078152
global,global,wind,cmcc_cm2_sr5,SSP5-8.5,2027,0.2819226828121684
global,global,wind,cmcc_cm2_sr5,SSP5-8.5,2028,0.3846200541358143
global,global,wind,cmcc_cm2_sr5,SSP5-8.5,2029,0.4589032038748067
global,global,wind,cmcc_cm2_sr5,SSP5-8.5,2030,0.2253520539438238
global,global,wind,cmcc_cm2_sr5,SSP5-8.5,2031,0.2682028112571849
global,global,wind,cmcc_cm2_sr5,SSP5-8.5,2032,0.2921516844775584
global,global,wind,cmcc_cm2_sr5,SSP5-8.5,2033,0.2262294455866527
global,global,wind,cmcc_cm2_sr5,SSP5-8.5,2034,0.2024273556355253
global,global,wind,cmcc_cm2_sr5,SSP5-8.5,2035,0.1837619805309293
global,global,wind,cmcc_cm2_sr5,SSP5-8.5,2036,0.3840180648051165
global,global,wind,cmcc_cm2_sr5,SSP5-8.5,2037,0.3229533747186686
global,global,wind,cmcc_cm2_sr5,SSP5-8.5,2038,0.3489033267556093
global,global,wind,cmcc_cm2_sr5,SSP5-8.5,2039,0.2953874645839564
global,global,wind,cmcc_cm2_sr5,SSP5-8.5,2040,0.2592217976104437
global,global,wind,cmcc_cm2_sr5,SSP5-8.5,2041,0.2471762969674062
global,global,wind,cmcc_cm2_sr5,SSP5-8.5,2042,0.2998682893948802
global,global,wind,cmcc_cm2_sr5,SSP5-8.5,2043,0.2605976224519299
global,global,wind,cmcc_cm2_sr5,SSP5-8.5,2044,0.2865649903214657
global,global,wind,cmcc_cm2_sr5,SSP5-8.5,2045,0.2875369029729964
global,global,wind,cmcc_cm2_sr5,SSP5-8.5,2046,0.2700897462652194
global,global,wind,cmcc_cm2_sr5,SSP5-8.5,2047,0.3443386482119733
global,global,wind,cmcc_cm2_sr5,SSP5-8.5,2048,0.3017703878361412
global,global,wind,cmcc_cm2_sr5,SSP5-8.5,2049,0.2114619905445139
global,global,wind,cmcc_cm2_sr5,SSP5-8.5,2050,0.3151509730631432
global,global,wind,cmcc_cm2_sr5,SSP5-8.5,2051,0.3359592041453723
global,global,wind,cmcc_cm2_sr5,SSP5-8.5,2052,0.2266327827703661
global,global,wind,cmcc_cm2_sr5,SSP5-8.5,2053,0.1933830147289665
global,global,wind,cmcc_cm2_sr5,SSP5-8.5,2054,0.3872537860184448
global,global,wind,cmcc_cm2_sr5,SSP5-8.5,2055,0.2097490351171929
global,global,wind,cmcc_cm2_sr5,SSP5-8.5,2056,0.3283770399952432
global,global,wind,cmcc_cm2_sr5,SSP5-8.5,2057,0.2414083809345798
global,global,wind,cmcc_cm2_sr5,SSP5-8.5,2058,0.2811541075033709
global,global,wind,cmcc_cm2_sr5,SSP5-8.5,2059,0.3266410016052602
global,global,wind,cmcc_cm2_sr5,SSP5-8.5,2060,0.2663064201293468
global,global,wind,cmcc_cm2_sr5,SSP5-8.5,2061,0.2620179061150424
global,global,wind,cmcc_cm2_sr5,SSP5-8.5,2062,0.2113592940824192
global,global,wind,cmcc_cm2_sr5,SSP5-8.5,2063,0.3177794081665849
global,global,wind,cmcc_cm2_sr5,SSP5-8.5,2064,0.3005090012961116
global,global,wind,cmcc_cm2_sr5,SSP5-8.5,2065,0.3238347774037342
global,global,wind,cmcc_cm2_sr5,SSP5-8.5,2066,0.2328117054330908
global,global,wind,cmcc_cm2_sr5,SSP5-8.5,2067,0.1847440971224243
global,global,wind,cmcc_cm2_sr5,SSP5-8.5,2068,0.1839007092209953
global,global,wind,cmcc_cm2_sr5,SSP5-8.5,2069,0.1618054620623918
global,global,wind,cmcc_cm2_sr5,SSP5-8.5,2070,0.2301617446907793
global,global,wind,cmcc_cm2_sr5,SSP5-8.5,2071,0.2566845319355189
global,global,wind,cmcc_cm2_sr5,SSP5-8.5,2072,0.2927167264835216
global,global,wind,cmcc_cm2_sr5,SSP5-8.5,2073,0.3357824160288105
global,global,wind,cmcc_cm2_sr5,SSP5-8.5,2074,0.2315665937412972
global,global,wind,cmcc_cm2_sr5,SSP5-8.5,2075,0.1840137564806857
global,global,wind,cmcc_cm2_sr5,SSP5-8.5,2076,0.2794251375625371
global,global,wind,cmcc_cm2_sr5,SSP5-8.5,2077,0.284871179096636
global,global,wind,cmcc_cm2_sr5,SSP5-8.5,2078,0.2923131268023854
global,global,wind,cmcc_cm2_sr5,SSP5-8.5,2079,0.4141384042871863
global,global,wind,cmcc_cm2_sr5,SSP5-8.5,2080,0.238774050576885
global,global,wind,cmcc_cm2_sr5,SSP5-8.5,2081,0.2859398550074222
global,global,wind,cmcc_cm2_sr5,SSP5-8.5,2082,0.256950019960503
global,global,wind,cmcc_cm2_sr5,SSP5-8.5,2083,0.2655456145913354
global,global,wind,cmcc_cm2_sr5,SSP5-8.5,2084,0.2465180105283228
global,global,wind,cmcc_cm2_sr5,SSP5-8.5,2085,0.2139652836577346
global,global,wind,cmcc_cm2_sr5,SSP5-8.5,2086,0.3177927000814561
global,global,wind,cmcc_cm2_sr5,SSP5-8.5,2087,0.1899978543210674
global,global,wind,cmcc_cm2_sr5,SSP5-8.5,2088,0.2305040256962786
global,global,wind,cmcc_cm2_sr5,SSP5-8.5,2089,0.1854066372174841
global,global,wind,cmcc_cm2_sr5,SSP5-8.5,2090,0.2501737662169946
global,global,wind,cmcc_cm2_sr5,SSP5-8.5,2091,0.2518671329236632
global,global,wind,cmcc_cm2_sr5,SSP5-8.5,2092,0.3009207269679669
global,global,wind,cmcc_cm2_sr5,SSP5-8.5,2093,0.3110880041442477
global,global,wind,cmcc_cm2_sr5,SSP5-8.5,2094,0.3789733726254115
global,global,wind,cmcc_cm2_sr5,SSP5-8.5,2095,0.233470084043478
global,global,wind,cmcc_cm2_sr5,SSP5-8.5,2096,0.2854171734851379
global,global,wind,cmcc_cm2_sr5,SSP5-8.5,2097,0.2645966937650646
global,global,wind,cmcc_cm2_sr5,SSP5-8.5,2098,0.1851675450558412
global,global,wind,cmcc_cm2_sr5,SSP5-8.5,2099,0.3594105971835281
global,global,wind,cmcc_cm2_sr5,SSP5-8.5,2100,0.3482621954372997
global,global,wind,ipsl_cm6a_lr,SSP1-2.6,2015,0.1847261576034957
global,global,wind,ipsl_cm6a_lr,SSP1-2.6,2016,0.2383091604798329
global,global,wind,ipsl_cm6a_lr,SSP1-2.6,2017,0.3279732809447148
global,global,wind,ipsl_cm6a_lr,SSP1-2.6,2018,0.275683382531771
global,global,wind,ipsl_cm6a_lr,SSP1-2.6,2019,0.2795716994559322
global,global,wind,ipsl_cm6a_lr,SSP1-2.6,2020,0.3476043589499836
global,global,wind,ipsl_cm6a_lr,SSP1-2.6,2021,0.3747298472155156
global,global,wind,ipsl_cm6a_lr,SSP1-2.6,2022,0.2239856548221913
global,global,wind,ipsl_cm6a_lr,SSP1-2.6,2023,0.237393289708106
global,global,wind,ipsl_cm6a_lr,SSP1-2.6,2024,0.3826504289284263
global,global,wind,ipsl_cm6a_lr,SSP1-2.6,2025,0.3437617061505424
global,global,wind,ipsl_cm6a_lr,SSP1-2.6,2026,0.268159237821704
global,global,wind,ipsl_cm6a_lr,SSP1-2.6,2027,0.3524918614646458
global,global,wind,ipsl_cm6a_lr,SSP1-2.6,2028,0.2659801085602712
global,global,wind,ipsl_cm6a_lr,SSP1-2.6,2029,0.2170637412136792
global,global,wind,ipsl_cm6a_lr,SSP1-2.6,2030,0.3057020834884754
global,global,wind,ipsl_cm6a_lr,SSP1-2.6,2031,0.2600649793248437
global,global,wind,ipsl_cm6a_lr,SSP1-2.6,2032,0.2475435729797206
global,global,wind,ipsl_cm6a_lr,SSP1-2.6,2033,0.2057512822069352
global,global,wind,ipsl_cm6a_lr,SSP1-2.6,2034,0.2245579060029693
global,global,wind,ipsl_cm6a_lr,SSP1-2.6,2035,0.2774210906493253
global,global,wind,ipsl_cm6a_lr,SSP1-2.6,2036,0.2237587420602288
global,global,wind,ipsl_cm6a_lr,SSP1-2.6,2037,0.2423506796199016
global,global,wind,ipsl_cm6a_lr,SSP1-2.6,2038,0.2958042206022961
global,global,wind,ipsl_cm6a_lr,SSP1-2.6,2039,0.2390290277584731
global,global,wind,ipsl_cm6a_lr,SSP1-2.6,2040,0.1978451386804736
global,global,wind,ipsl_cm6a_lr,SSP1-2.6,2041,0.3451917587329892
global,global,wind,ipsl_cm6a_lr,SSP1-2.6,2042,0.2020304380295789
global,global,wind,ipsl_cm6a_lr,SSP1-2.6,2043,0.2657955608295147
global,global,wind,ipsl_cm6a_lr,SSP1-2.6,2044,0.3371133017981946
global,global,wind,ipsl_cm6a_lr,SSP1-2.6,2045,0.3555812750570004
global,global,wind,ipsl_cm6a_lr,SSP1-2.6,2046,0.2740792992093743
global,global,wind,ipsl_cm6a_lr,SSP1-2.6,2047,0.1924870707343103
global,global,wind,ipsl_cm6a_lr,SSP1-2.6,2048,0.3179156463714219
global,global,wind,ipsl_cm6a_lr,SSP1-2.6,2049,0.3059957787965236
global,global,wind,ipsl_cm6a_lr,SSP1-2.6,2050,0.3021295189549174
global,global,wind,ipsl_cm6a_lr,SSP1-2.6,2051,0.2554954786386319
global,global,wind,ipsl_cm6a_lr,SSP1-2.6,2052,0.3041492637241845
global,global,wind,ipsl_cm6a_lr,SSP1-2.6,2053,0.2205403074935859
global,global,wind,ipsl_cm6a_lr,SSP1-2.6,2054,0.2017377772155067
global,global,wind,ipsl_cm6a_lr,SSP1-2.6,2055,0.2703485332874309
global,global,wind,ipsl_cm6a_lr,SSP1-2.6,2056,0.2085247650505901
global,global,wind,ipsl_cm6a_lr,SSP1-2.6,2057,0.2413011739908787
global,global,wind,ipsl_cm6a_lr,SSP1-2.6,2058,0.2418388932105107
global,global,wind,ipsl_cm6a_lr,SSP1-2.6,2059,0.2730164231996633
global,global,wind,ipsl_cm6a_lr,SSP1-2.6,2060,0.2006044118935923
global,global,wind,ipsl_cm6a_lr,SSP1-2.6,2061,0.2255598097698639
global,global,wind,ipsl_cm6a_lr,SSP1-2.6,2062,0.2457970198462202
global,global,wind,ipsl_cm6a_lr,SSP1-2.6,2063,0.1932215387646216
global,global,wind,ipsl_cm6a_lr,SSP1-2.6,2064,0.2169028066052547
global,global,wind,ipsl_cm6a_lr,SSP1-2.6,2065,0.2778436785294906
global,global,wind,ipsl_cm6a_lr,SSP1-2.6,2066,0.2147125543510401
global,global,wind,ipsl_cm6a_lr,SSP1-2.6,2067,0.2398569200444662
global,global,wind,ipsl_cm6a_lr,SSP1-2.6,2068,0.2670789812958385
global,global,wind,ipsl_cm6a_lr,SSP1-2.6,2069,0.233457109281723
global,global,wind,ipsl_cm6a_lr,SSP1-2.6,2070,0.2897371229706314
global,global,wind,ipsl_cm6a_lr,SSP1-2.6,2071,0.259459744026309
global,global,wind,ipsl_cm6a_lr,SSP1-2.6,2072,0.3161797815743288
global,global,wind,ipsl_cm6a_lr,SSP1-2.6,2073,0.2133644697040533
global,global,wind,ipsl_cm6a_lr,SSP1-2.6,2074,0.2105060328678851
global,global,wind,ipsl_cm6a_lr,SSP1-2.6,2075,0.2817522646404783
global,global,wind,ipsl_cm6a_lr,SSP1-2.6,2076,0.2484114525947105
global,global,wind,ipsl_cm6a_lr,SSP1-2.6,2077,0.248694548987133
global,global,wind,ipsl_cm6a_lr,SSP1-2.6,2078,0.28073878336895
global,global,wind,ipsl_cm6a_lr,SSP1-2.6,2079,0.2941135742274687
global,global,wind,ipsl_cm6a_lr,SSP1-2.6,2080,0.2174266486726299
global,global,wind,ipsl_cm6a_lr,SSP1-2.6,2081,0.233039329720385
global,global,wind,ipsl_cm6a_lr,SSP1-2.6,2082,0.329499859436321
global,global,wind,ipsl_cm6a_lr,SSP1-2.6,2083,0.2545197438033079
global,global,wind,ipsl_cm6a_lr,SSP1-2.6,2084,0.2519390836588985
global,global,wind,ipsl_cm6a_lr,SSP1-2.6,2085,0.16895771215311
global,global,wind,ipsl_cm6a_lr,SSP1-2.6,2086,0.1966352675493174
global,global,wind,ipsl_cm6a_lr,SSP1-2.6,2087,0.2066135534425687
global,global,wind,ipsl_cm6a_lr,SSP1-2.6,2088,0.2108622930014706
global,global,wind,ipsl_cm6a_lr,SSP1-2.6,2089,0.2976483454604238
global,global,wind,ipsl_cm6a_lr,SSP1-2.6,2090,0.2556573879437168
global,global,wind,ipsl_cm6a_lr,SSP1-2.6,2091,0.2194595942213154
global,global,wind,ipsl_cm6a_lr,SSP1-2.6,2092,0.2618300752271624
global,global,wind,ipsl_cm6a_lr,SSP1-2.6,2093,0.2217939729886187
global,global,wind,ipsl_cm6a_lr,SSP1-2.6,2094,0.3010210061179155
global,global,wind,ipsl_cm6a_lr,SSP1-2.6,2095,0.1767943923773384
global,global,wind,ipsl_cm6a_lr,SSP1-2.6,2096,0.2232068740974113
global,global,wind,ipsl_cm6a_lr,SSP1-2.6,2097,0.1857902778690328
global,global,wind,ipsl_cm6a_lr,SSP1-2.6,2098,0.3442067826477904
global,global,wind,ipsl_cm6a_lr,SSP1-2.6,2099,0.2178950460633011
global,global,wind,ipsl_cm6a_lr,SSP1-2.6,2100,0.2259388998215511
global,global,wind,ipsl_cm6a_lr,SSP2-4.5,2015,0.2117002140568133
global,global,wind,ipsl_cm6a_lr,SSP2-4.5,2016,0.3508925571306212
global,global,wind,ipsl_cm6a_lr,SSP2-4.5,2017,0.2293277642446027
global,global,wind,ipsl_cm6a_lr,SSP2-4.5,2018,0.2076498235152906
global,global,wind,ipsl_cm6a_lr,SSP2-4.5,2019,0.2210239513300794
global,global,wind,ipsl_cm6a_lr,SSP2-4.5,2020,0.2118860540641515
global,global,wind,ipsl_cm6a_lr,SSP2-4.5,2021,0.2425476983256176
global,global,wind,ipsl_cm6a_lr,SSP2-4.5,2022,0.2534793444355265
global,global,wind,ipsl_cm6a_lr,SSP2-4.5,2023,0.3774182946989107
global,global,wind,ipsl_cm6a_lr,SSP2-4.5,2024,0.2334770925581587
global,global,wind,ipsl_cm6a_lr,SSP2-4.5,2025,0.3420838573281819
global,global,wind,ipsl_cm6a_lr,SSP2-4.5,2026,0.2756570705787601
global,global,wind,ipsl_cm6a_lr,SSP2-4.5,2027,0.2201910194409132
global,global,wind,ipsl_cm6a_lr,SSP2-4.5,2028,0.4182727519696501
global,global,wind,ipsl_cm6a_lr,SSP2-4.5,2029,0.3170699658327877
global,global,wind,ipsl_cm6a_lr,SSP2-4.5,2030,0.2471343806025182
global,global,wind,ipsl_cm6a_lr,SSP2-4.5,2031,0.2163382847806226
global,global,wind,ipsl_cm6a_lr,SSP2-4.5,2032,0.3557541608479673
global,global,wind,ipsl_cm6a_lr,SSP2-4.5,2033,0.2550881448736921
global,global,wind,ipsl_cm6a_lr,SSP2-4.5,2034,0.2003286119482518
global,global,wind,ipsl_cm6a_lr,SSP2-4.5,2035,0.1850465435465915
global,global,wind,ipsl_cm6a_lr,SSP2-4.5,2036,0.2397710948100984
global,global,wind,ipsl_cm6a_lr,SSP2-4.5,2037,0.2261190418081998
global,global,wind,ipsl_cm6a_lr,SSP2-4.5,2038,0.2365038169659161
global,global,wind,ipsl_cm6a_lr,SSP2-4.5,2039,0.229260962903688
global,global,wind,ipsl_cm6a_lr,SSP2-4.5,2040,0.1728921639254354
global,global,wind,ipsl_cm6a_lr,SSP2-4.5,2041,0.2584280144056137
global,global,wind,ipsl_cm6a_lr,SSP2-4.5,2042,0.2280180100117823
global,global,wind,ipsl_cm6a_lr,SSP2-4.5,2043,0.2312493558412427
global,global,wind,ipsl_cm6a_lr,SSP2-4.5,2044,0.2929306098323933
global,global,wind,ipsl_cm6a_lr,SSP2-4.5,2045,0.287548062509721
global,global,wind,ipsl_cm6a_lr,SSP2-4.5,2046,0.2539436521578612
global,global,wind,ipsl_cm6a_lr,SSP2-4.5,2047,0.3129740007119777
global,global,wind,ipsl_cm6a_lr,SSP2-4.5,2048,0.414060960655244
global,global,wind,ipsl_cm6a_lr,SSP2-4.5,2049,0.3031700920181167
global,global,wind,ipsl_cm6a_lr,SSP2-4.5,2050,0.3016068258352471
global,global,wind,ipsl_cm6a_lr,SSP2-4.5,2051,0.2219014122000811
global,global,wind,ipsl_cm6a_lr,SSP2-4.5,2052,0.2553115592686198
global,global,wind,ipsl_cm6a_lr,SSP2-4.5,2053,0.2574420392548204
global,global,wind,ipsl_cm6a_lr,SSP2-4.5,2054,0.2486990538247334
global,global,wind,ipsl_cm6a_lr,SSP2-4.5,2055,0.2931829406131248
global,global,wind,ipsl_cm6a_lr,SSP2-4.5,2056,0.2136049548855201
global,global,wind,ipsl_cm6a_lr,SSP2-4.5,2057,0.2846146402122931
global,global,wind,ipsl_cm6a_lr,SSP2-4.5,2058,0.2294169468423311
global,global,wind,ipsl_cm6a_lr,SSP2-4.5,2059,0.2550296317243176
global,global,wind,ipsl_cm6a_lr,SSP2-4.5,2060,0.2723469587637335
global,global,wind,ipsl_cm6a_lr,SSP2-4.5,2061,0.2582869066720203
global,global,wind,ipsl_cm6a_lr,SSP2-4.5,2062,0.1713969164480516
global,global,wind,ipsl_cm6a_lr,SSP2-4.5,2063,0.2352057389014906
global,global,wind,ipsl_cm6a_lr,SSP2-4.5,2064,0.2115649770636578
global,global,wind,ipsl_cm6a_lr,SSP2-4.5,2065,0.1939749590803018
global,global,wind,ipsl_cm6a_lr,SSP2-4.5,2066,0.1521081734509668
global,global,wind,ipsl_cm6a_lr,SSP2-4.5,2067,0.3179952590563167
global,global,wind,ipsl_cm6a_lr,SSP2-4.5,2068,0.2129335964353772
global,global,wind,ipsl_cm6a_lr,SSP2-4.5,2069,0.2233378463940686
global,global,wind,ipsl_cm6a_lr,SSP2-4.5,2070,0.1695800437557716
global,global,wind,ipsl_cm6a_lr,SSP2-4.5,2071,0.3224182651847386
global,global,wind,ipsl_cm6a_lr,SSP2-4.5,2072,0.3437532875899349
global,global,wind,ipsl_cm6a_lr,SSP2-4.5,2073,0.1346400538897128
global,global,wind,ipsl_cm6a_lr,SSP2-4.5,2074,0.2231569370520944
global,global,wind,ipsl_cm6a_lr,SSP2-4.5,2075,0.2768206462777448
global,global,wind,ipsl_cm6a_lr,SSP2-4.5,2076,0.1918051838535691
global,global,wind,ipsl_cm6a_lr,SSP2-4.5,2077,0.3156094095214899
global,global,wind,ipsl_cm6a_lr,SSP2-4.5,2078,0.3182039100172223
global,global,wind,ipsl_cm6a_lr,SSP2-4.5,2079,0.2511047682965078
global,global,wind,ipsl_cm6a_lr,SSP2-4.5,2080,0.2459956857979815
global,global,wind,ipsl_cm6a_lr,SSP2-4.5,2081,0.2824832899486094
global,global,wind,ipsl_cm6a_lr,SSP2-4.5,2082,0.2841638207364559
global,global,wind,ipsl_cm6a_lr,SSP2-4.5,2083,0.1642138899589511
global,global,wind,ipsl_cm6a_lr,SSP2-4.5,2084,0.1850765843197818
global,global,wind,ipsl_cm6a_lr,SSP2-4.5,2085,0.3109032459146165
global,global,wind,ipsl_cm6a_lr,SSP2-4.5,2086,0.2328881736985558
global,global,wind,ipsl_cm6a_lr,SSP2-4.5,2087,0.222578576182997
global,global,wind,ipsl_cm6a_lr,SSP2-4.5,2088,0.2805174892491148
global,global,wind,ipsl_cm6a_lr,SSP2-4.5,2089,0.1942472361361731
global,global,wind,ipsl_cm6a_lr,SSP2-4.5,2090,0.2902244648656856
global,global,wind,ipsl_cm6a_lr,SSP2-4.5,2091,0.2415152344305234
global,global,wind,ipsl_cm6a_lr,SSP2-4.5,2092,0.1865846709745809
global,global,wind,ipsl_cm6a_lr,SSP2-4.5,2093,0.16564393060641
global,global,wind,ipsl_cm6a_lr,SSP2-4.5,2094,0.2810406923573516
global,global,wind,ipsl_cm6a_lr,SSP2-4.5,2095,0.1615926746041969
global,global,wind,ipsl_cm6a_lr,SSP2-4.5,2096,0.5354690669203029
global,global,wind,ipsl_cm6a_lr,SSP2-4.5,2097,0.2134861510512704
global,global,wind,ipsl_cm6a_lr,SSP2-4.5,2098,0.2180061342051478
global,global,wind,ipsl_cm6a_lr,SSP2-4.5,2099,0.2345369060473386
global,global,wind,ipsl_cm6a_lr,SSP2-4.5,2100,0.308449533657927
global,global,wind,ipsl_cm6a_lr,SSP5-8.5,2015,0.2493409040097667
global,global,wind,ipsl_cm6a_lr,SSP5-8.5,2016,0.3978216859361127
global,global,wind,ipsl_cm6a_lr,SSP5-8.5,2017,0.2649137829899528
global,global,wind,ipsl_cm6a_lr,SSP5-8.5,2018,0.2584869797175962
global,global,wind,ipsl_cm6a_lr,SSP5-8.5,2019,0.3375397839585172
global,global,wind,ipsl_cm6a_lr,SSP5-8.5,2020,0.2073166237616016
global,global,wind,ipsl_cm6a_lr,SSP5-8.5,2021,0.3384991639132512
global,global,wind,ipsl_cm6a_lr,SSP5-8.5,2022,0.2742370958144512
global,global,wind,ipsl_cm6a_lr,SSP5-8.5,2023,0.2064603050331951
global,global,wind,ipsl_cm6a_lr,SSP5-8.5,2024,0.2702609673674734
global,global,wind,ipsl_cm6a_lr,SSP5-8.5,2025,0.2214574347060413
global,global,wind,ipsl_cm6a_lr,SSP5-8.5,2026,0.2191698839305043
global,global,wind,ipsl_cm6a_lr,SSP5-8.5,2027,0.2269902322059779
global,global,wind,ipsl_cm6a_lr,SSP5-8.5,2028,0.3436731962678386
global,global,wind,ipsl_cm6a_lr,SSP5-8.5,2029,0.2143518616281137
global,global,wind,ipsl_cm6a_lr,SSP5-8.5,2030,0.3660344286458775
global,global,wind,ipsl_cm6a_lr,SSP5-8.5,2031,0.263424156256635
global,global,wind,ipsl_cm6a_lr,SSP5-8.5,2032,0.278188759214944
global,global,wind,ipsl_cm6a_lr,SSP5-8.5,2033,0.2160790428360597
global,global,wind,ipsl_cm6a_lr,SSP5-8.5,2034,0.214108956807429
global,global,wind,ipsl_cm6a_lr,SSP5-8.5,2035,0.2494120659793436
global,global,wind,ipsl_cm6a_lr,SSP5-8.5,2036,0.2488037422382373
global,global,wind,ipsl_cm6a_lr,SSP5-8.5,2037,0.2117440310831553
global,global,wind,ipsl_cm6a_lr,SSP5-8.5,2038,0.2468485150666469
global,global,wind,ipsl_cm6a_lr,SSP5-8.5,2039,0.2782131935903963
global,global,wind,ipsl_cm6a_lr,SSP5-8.5,2040,0.2353953570143987
global,global,wind,ipsl_cm6a_lr,SSP5-8.5,2041,0.2353792172670426
global,global,wind,ipsl_cm6a_lr,SSP5-8.5,2042,0.2527062060794162
global,global,wind,ipsl_cm6a_lr,SSP5-8.5,2043,0.2066687179334907
global,global,wind,ipsl_cm6a_lr,SSP5-8.5,2044,0.4897207925245932
global,global,wind,ipsl_cm6a_lr,SSP5-8.5,2045,0.2107358686236951
global,global,wind,ipsl_cm6a_lr,SSP5-8.5,2046,0.2167146579694953
global,global,wind,ipsl_cm6a_lr,SSP5-8.5,2047,0.2749271192217162
global,global,wind,ipsl_cm6a_lr,SSP5-8.5,2048,0.200488154478768
global,global,wind,ipsl_cm6a_lr,SSP5-8.5,2049,0.3239198260601454
global,global,wind,ipsl_cm6a_lr,SSP5-8.5,2050,0.2423546119019842
global,global,wind,ipsl_cm6a_lr,SSP5-8.5,2051,0.1588240835729261
global,global,wind,ipsl_cm6a_lr,SSP5-8.5,2052,0.306563982633541
global,global,wind,ipsl_cm6a_lr,SSP5-8.5,2053,0.2325775236446725
global,global,wind,ipsl_cm6a_lr,SSP5-8.5,2054,0.2296623290483555
global,global,wind,ipsl_cm6a_lr,SSP5-8.5,2055,0.1695744669721151
global,global,wind,ipsl_cm6a_lr,SSP5-8.5,2056,0.2559233843362713
global,global,wind,ipsl_cm6a_lr,SSP5-8.5,2057,0.2338930399029738
global,global,wind,ipsl_cm6a_lr,SSP5-8.5,2058,0.2781103767851671
global,global,wind,ipsl_cm6a_lr,SSP5-8.5,2059,0.293692461713691
global,global,wind,ipsl_cm6a_lr,SSP5-8.5,2060,0.1869791067333469
global,global,wind,ipsl_cm6a_lr,SSP5-8.5,2061,0.3011976467872867
global,global,wind,ipsl_cm6a_lr,SSP5-8.5,2062,0.3177530224643483
global,global,wind,ipsl_cm6a_lr,SSP5-8.5,2063,0.2884012390959084
global,global,wind,ipsl_cm6a_lr,SSP5-8.5,2064,0.1927854285316419
global,global,wind,ipsl_cm6a_lr,SSP5-8.5,2065,0.3577092842754815
global,global,wind,ipsl_cm6a_lr,SSP5-8.5,2066,0.3235353902345554
global,global,wind,ipsl_cm6a_lr,SSP5-8.5,2067,0.2313446195396702
global,global,wind,ipsl_cm6a_lr,SSP5-8.5,2068,0.4045793259927519
global,global,wind,ipsl_cm6a_lr,SSP5-8.5,2069,0.2259454039665795
global,global,wind,ipsl_cm6a_lr,SSP5-8.5,2070,0.2280716058381114
global,global,wind,ipsl_cm6a_lr,SSP5-8.5,2071,0.2225713253320774
global,global,wind,ipsl_cm6a_lr,SSP5-8.5,2072,0.1904244018143325
global,global,wind,ipsl_cm6a_lr,SSP5-8.5,2073,0.2234114995521764
global,global,wind,ipsl_cm6a_lr,SSP5-8.5,2074,0.2229130738952381
global,global,wind,ipsl_cm6a_lr,SSP5-8.5,2075,0.187255779968576
global,global,wind,ipsl_cm6a_lr,SSP5-8.5,2076,0.2389608911076335
global,global,wind,ipsl_cm6a_lr,SSP5-8.5,2077,0.1946675536846861
global,global,wind,ipsl_cm6a_lr,SSP5-8.5,2078,0.2004582703296419
global,global,wind,ipsl_cm6a_lr,SSP5-8.5,2079,0.24337680613328
global,global,wind,ipsl_cm6a_lr,SSP5-8.5,2080,0.2494149467893062
global,global,wind,ipsl_cm6a_lr,SSP5-8.5,2081,0.1934632670669872
global,global,wind,ipsl_cm6a_lr,SSP5-8.5,2082,0.3446854886784241
global,global,wind,ipsl_cm6a_lr,SSP5-8.5,2083,0.2554997222783337
global,global,wind,ipsl_cm6a_lr,SSP5-8.5,2084,0.1186939029673465
global,global,wind,ipsl_cm6a_lr,SSP5-8.5,2085,0.2070162564682615
global,global,wind,ipsl_cm6a_lr,SSP5-8.5,2086,0.5972416003372853
global,global,wind,ipsl_cm6a_lr,SSP5-8.5,2087,0.3394185370292817
global,global,wind,ipsl_cm6a_lr,SSP5-8.5,2088,0.2335697278619174
global,global,wind,ipsl_cm6a_lr,SSP5-8.5,2089,0.242310964380008
global,global,wind,ipsl_cm6a_lr,SSP5-8.5,2090,0.1742950873190219
global,global,wind,ipsl_cm6a_lr,SSP5-8.5,2091,0.2765077540922401
global,global,wind,ipsl_cm6a_lr,SSP5-8.5,2092,0.1889750555440424
global,global,wind,ipsl_cm6a_lr,SSP5-8.5,2093,0.2668269499061947
global,global,wind,ipsl_cm6a_lr,SSP5-8.5,2094,0.2361740939466881
global,global,wind,ipsl_cm6a_lr,SSP5-8.5,2095,0.3048821319478398
global,global,wind,ipsl_cm6a_lr,SSP5-8.5,2096,0.1848947485801948
global,global,wind,ipsl_cm6a_lr,SSP5-8.5,2097,0.1927091177727922
global,global,wind,ipsl_cm6a_lr,SSP5-8.5,2098,0.3242837104205276
global,global,wind,ipsl_cm6a_lr,SSP5-8.5,2099,0.2431333982221752
global,global,wind,ipsl_cm6a_lr,SSP5-8.5,2100,0.2336377307970268
global,global,wind,mpi_esm1_2_lr,SSP1-2.6,2015,0.4064108794611109
global,global,wind,mpi_esm1_2_lr,SSP1-2.6,2016,0.3958269383185079
global,global,wind,mpi_esm1_2_lr,SSP1-2.6,2017,0.215509349752789
global,global,wind,mpi_esm1_2_lr,SSP1-2.6,2018,0.378719264919348
global,global,wind,mpi_esm1_2_lr,SSP1-2.6,2019,0.2483013629020757
global,global,wind,mpi_esm1_2_lr,SSP1-2.6,2020,0.3048829079590451
global,global,wind,mpi_esm1_2_lr,SSP1-2.6,2021,0.2582646958473846
global,global,wind,mpi_esm1_2_lr,SSP1-2.6,2022,0.4313190670527758
global,global,wind,mpi_esm1_2_lr,SSP1-2.6,2023,0.2410657087764886
global,global,wind,mpi_esm1_2_lr,SSP1-2.6,2024,0.458929372655775
global,global,wind,mpi_esm1_2_lr,SSP1-2.6,2025,0.2522698431129878
global,global,wind,mpi_esm1_2_lr,SSP1-2.6,2026,0.5195024783600951
global,global,wind,mpi_esm1_2_lr,SSP1-2.6,2027,0.2136629296960128
global,global,wind,mpi_esm1_2_lr,SSP1-2.6,2028,0.2295386812644747
global,global,wind,mpi_esm1_2_lr,SSP1-2.6,2029,0.278313037255925
global,global,wind,mpi_esm1_2_lr,SSP1-2.6,2030,0.2842326147933255
global,global,wind,mpi_esm1_2_lr,SSP1-2.6,2031,0.4333915445795528
global,global,wind,mpi_esm1_2_lr,SSP1-2.6,2032,0.3181121992800135
global,global,wind,mpi_esm1_2_lr,SSP1-2.6,2033,0.2354563441264828
global,global,wind,mpi_esm1_2_lr,SSP1-2.6,2034,0.2045427890225317
global,global,wind,mpi_esm1_2_lr,SSP1-2.6,2035,0.3278796338014869
global,global,wind,mpi_esm1_2_lr,SSP1-2.6,2036,0.4143023810520388
global,global,wind,mpi_esm1_2_lr,SSP1-2.6,2037,0.2675986952119252
global,global,wind,mpi_esm1_2_lr,SSP1-2.6,2038,0.3511296740912248
global,global,wind,mpi_esm1_2_lr,SSP1-2.6,2039,0.3718965721813354
global,global,wind,mpi_esm1_2_lr,SSP1-2.6,2040,0.3447542707629122
global,global,wind,mpi_esm1_2_lr,SSP1-2.6,2041,0.4140049608769292
global,global,wind,mpi_esm1_2_lr,SSP1-2.6,2042,0.3493322930682364
global,global,wind,mpi_esm1_2_lr,SSP1-2.6,2043,0.3659183144288352
global,global,wind,mpi_esm1_2_lr,SSP1-2.6,2044,0.2857897706251436
global,global,wind,mpi_esm1_2_lr,SSP1-2.6,2045,0.2605836006958387
global,global,wind,mpi_esm1_2_lr,SSP1-2.6,2046,0.2920932315750666
global,global,wind,mpi_esm1_2_lr,SSP1-2.6,2047,0.4053377959206231
global,global,wind,mpi_esm1_2_lr,SSP1-2.6,2048,0.1943895681231123
global,global,wind,mpi_esm1_2_lr,SSP1-2.6,2049,0.2454302781109991
global,global,wind,mpi_esm1_2_lr,SSP1-2.6,2050,0.2592395260122143
global,global,wind,mpi_esm1_2_lr,SSP1-2.6,2051,0.3107246375324231
global,global,wind,mpi_esm1_2_lr,SSP1-2.6,2052,0.4154597176243594
global,global,wind,mpi_esm1_2_lr,SSP1-2.6,2053,0.3084199427237577
global,global,wind,mpi_esm1_2_lr,SSP1-2.6,2054,0.2616295362950613
global,global,wind,mpi_esm1_2_lr,SSP1-2.6,2055,0.2667693884818728
global,global,wind,mpi_esm1_2_lr,SSP1-2.6,2056,0.2716337750263913
global,global,wind,mpi_esm1_2_lr,SSP1-2.6,2057,0.2164266160386974
global,global,wind,mpi_esm1_2_lr,SSP1-2.6,2058,0.3648345009354753
global,global,wind,mpi_esm1_2_lr,SSP1-2.6,2059,0.2566599284587062
global,global,wind,mpi_esm1_2_lr,SSP1-2.6,2060,0.2205795396569367
global,global,wind,mpi_esm1_2_lr,SSP1-2.6,2061,0.3081317826230613
global,global,wind,mpi_esm1_2_lr,SSP1-2.6,2062,0.2982776458382425
global,global,wind,mpi_esm1_2_lr,SSP1-2.6,2063,0.3204734101705495
global,global,wind,mpi_esm1_2_lr,SSP1-2.6,2064,0.2533160244663917
global,global,wind,mpi_esm1_2_lr,SSP1-2.6,2065,0.2274181414479601
global,global,wind,mpi_esm1_2_lr,SSP1-2.6,2066,0.2701450721430896
global,global,wind,mpi_esm1_2_lr,SSP1-2.6,2067,0.2334431130500049
global,global,wind,mpi_esm1_2_lr,SSP1-2.6,2068,0.2876198069516582
global,global,wind,mpi_esm1_2_lr,SSP1-2.6,2069,0.3956310036116657
global,global,wind,mpi_esm1_2_lr,SSP1-2.6,2070,0.2228282267268513
global,global,wind,mpi_esm1_2_lr,SSP1-2.6,2071,0.2677082747937073
global,global,wind,mpi_esm1_2_lr,SSP1-2.6,2072,0.2248765620762419
global,global,wind,mpi_esm1_2_lr,SSP1-2.6,2073,0.2333331445865995
global,global,wind,mpi_esm1_2_lr,SSP1-2.6,2074,0.2452793931110777
global,global,wind,mpi_esm1_2_lr,SSP1-2.6,2075,0.3517418069692589
global,global,wind,mpi_esm1_2_lr,SSP1-2.6,2076,0.2882142434531909
global,global,wind,mpi_esm1_2_lr,SSP1-2.6,2077,0.3027924038033389
global,global,wind,mpi_esm1_2_lr,SSP1-2.6,2078,0.3221628860180547
global,global,wind,mpi_esm1_2_lr,SSP1-2.6,2079,0.2788984471575536
global,global,wind,mpi_esm1_2_lr,SSP1-2.6,2080,0.3570068708929345
global,global,wind,mpi_esm1_2_lr,SSP1-2.6,2081,0.2714760069723484
global,global,wind,mpi_esm1_2_lr,SSP1-2.6,2082,0.2403401989964504
global,global,wind,mpi_esm1_2_lr,SSP1-2.6,2083,0.2212478964905625
global,global,wind,mpi_esm1_2_lr,SSP1-2.6,2084,0.2630211392250138
global,global,wind,mpi_esm1_2_lr,SSP1-2.6,2085,0.2508414923626819
global,global,wind,mpi_esm1_2_lr,SSP1-2.6,2086,0.3496438773217827
global,global,wind,mpi_esm1_2_lr,SSP1-2.6,2087,0.2003350734756943
global,global,wind,mpi_esm1_2_lr,SSP1-2.6,2088,0.3088659784973799
global,global,wind,mpi_esm1_2_lr,SSP1-2.6,2089,0.3206318203207543
global,global,wind,mpi_esm1_2_lr,SSP1-2.6,2090,0.2729247163880496
global,global,wind,mpi_esm1_2_lr,SSP1-2.6,2091,0.2326426418893355
global,global,wind,mpi_esm1_2_lr,SSP1-2.6,2092,0.3358109739877505
global,global,wind,mpi_esm1_2_lr,SSP1-2.6,2093,0.2318086324917782
global,global,wind,mpi_esm1_2_lr,SSP1-2.6,2094,0.3340655783526034
global,global,wind,mpi_esm1_2_lr,SSP1-2.6,2095,0.2438905311840077
global,global,wind,mpi_esm1_2_lr,SSP1-2.6,2096,0.3913726500704492
global,global,wind,mpi_esm1_2_lr,SSP1-2.6,2097,0.2594547176924506
global,global,wind,mpi_esm1_2_lr,SSP1-2.6,2098,0.2965746198316132
global,global,wind,mpi_esm1_2_lr,SSP1-2.6,2099,0.1929303929267854
global,global,wind,mpi_esm1_2_lr,SSP1-2.6,2100,0.2782281978396743
global,global,wind,mpi_esm1_2_lr,SSP2-4.5,2015,0.3001023316561298
global,global,wind,mpi_esm1_2_lr,SSP2-4.5,2016,0.2486527553883895
global,global,wind,mpi_esm1_2_lr,SSP2-4.5,2017,0.386670601602525
global,global,wind,mpi_esm1_2_lr,SSP2-4.5,2018,0.2891186505450495
global,global,wind,mpi_esm1_2_lr,SSP2-4.5,2019,0.2854561477732468
global,global,wind,mpi_esm1_2_lr,SSP2-4.5,2020,0.3091288533709197
global,global,wind,mpi_esm1_2_lr,SSP2-4.5,2021,0.3078328912548647
global,global,wind,mpi_esm1_2_lr,SSP2-4.5,2022,0.3001328584118596
global,global,wind,mpi_esm1_2_lr,SSP2-4.5,2023,0.4243422208349097
global,global,wind,mpi_esm1_2_lr,SSP2-4.5,2024,0.3155894861280426
global,global,wind,mpi_esm1_2_lr,SSP2-4.5,2025,0.3386915571816719
global,global,wind,mpi_esm1_2_lr,SSP2-4.5,2026,0.4341302113862685
global,global,wind,mpi_esm1_2_lr,SSP2-4.5,2027,0.2870050300860522
global,global,wind,mpi_esm1_2_lr,SSP2-4.5,2028,0.2229865515250954
global,global,wind,mpi_esm1_2_lr,SSP2-4.5,2029,0.3943312250833615
global,global,wind,mpi_esm1_2_lr,SSP2-4.5,2030,0.3142902691451227
global,global,wind,mpi_esm1_2_lr,SSP2-4.5,2031,0.2682118460046913
global,global,wind,mpi_esm1_2_lr,SSP2-4.5,2032,0.2756292355373719
global,global,wind,mpi_esm1_2_lr,SSP2-4.5,2033,0.4599035982738438
global,global,wind,mpi_esm1_2_lr,SSP2-4.5,2034,0.3132452637963561
global,global,wind,mpi_esm1_2_lr,SSP2-4.5,2035,0.3544683250898879
global,global,wind,mpi_esm1_2_lr,SSP2-4.5,2036,0.3632734120379767
global,global,wind,mpi_esm1_2_lr,SSP2-4.5,2037,0.2282206251987717
global,global,wind,mpi_esm1_2_lr,SSP2-4.5,2038,0.2203021732602879
global,global,wind,mpi_esm1_2_lr,SSP2-4.5,2039,0.2594043915550011
global,global,wind,mpi_esm1_2_lr,SSP2-4.5,2040,0.3047486176503241
global,global,wind,mpi_esm1_2_lr,SSP2-4.5,2041,0.3205965760127506
global,global,wind,mpi_esm1_2_lr,SSP2-4.5,2042,0.2539181486185649
global,global,wind,mpi_esm1_2_lr,SSP2-4.5,2043,0.2942661537762713
global,global,wind,mpi_esm1_2_lr,SSP2-4.5,2044,0.3844425872976283
global,global,wind,mpi_esm1_2_lr,SSP2-4.5,2045,0.3900423696789117
global,global,wind,mpi_esm1_2_lr,SSP2-4.5,2046,0.4066534464718032
global,global,wind,mpi_esm1_2_lr,SSP2-4.5,2047,0.2542782688805254
global,global,wind,mpi_esm1_2_lr,SSP2-4.5,2048,0.2245206756904856
global,global,wind,mpi_esm1_2_lr,SSP2-4.5,2049,0.3287198355205983
global,global,wind,mpi_esm1_2_lr,SSP2-4.5,2050,0.3580803978971754
global,global,wind,mpi_esm1_2_lr,SSP2-4.5,2051,0.2661144939182976
global,global,wind,mpi_esm1_2_lr,SSP2-4.5,2052,0.2502111926032658
global,global,wind,mpi_esm1_2_lr,SSP2-4.5,2053,0.3381762138754065
global,global,wind,mpi_esm1_2_lr,SSP2-4.5,2054,0.3047651765139259
global,global,wind,mpi_esm1_2_lr,SSP2-4.5,2055,0.340840674086469
global,global,wind,mpi_esm1_2_lr,SSP2-4.5,2056,0.2905732113464907
global,global,wind,mpi_esm1_2_lr,SSP2-4.5,2057,0.2275531065065776
global,global,wind,mpi_esm1_2_lr,SSP2-4.5,2058,0.348811339225999
global,global,wind,mpi_esm1_2_lr,SSP2-4.5,2059,0.3279821832191132
global,global,wind,mpi_esm1_2_lr,SSP2-4.5,2060,0.3239901526167127
global,global,wind,mpi_esm1_2_lr,SSP2-4.5,2061,0.2780712118165679
global,global,wind,mpi_esm1_2_lr,SSP2-4.5,2062,0.316983595255569
global,global,wind,mpi_esm1_2_lr,SSP2-4.5,2063,0.1999791637227637
global,global,wind,mpi_esm1_2_lr,SSP2-4.5,2064,0.2400567311885786
global,global,wind,mpi_esm1_2_lr,SSP2-4.5,2065,0.3258938911215974
global,global,wind,mpi_esm1_2_lr,SSP2-4.5,2066,0.4125148971105171
global,global,wind,mpi_esm1_2_lr,SSP2-4.5,2067,0.2838626575925143
global,global,wind,mpi_esm1_2_lr,SSP2-4.5,2068,0.2249248620393364
global,global,wind,mpi_esm1_2_lr,SSP2-4.5,2069,0.3705334649710348
global,global,wind,mpi_esm1_2_lr,SSP2-4.5,2070,0.2836741092563473
global,global,wind,mpi_esm1_2_lr,SSP2-4.5,2071,0.2864976815985378
global,global,wind,mpi_esm1_2_lr,SSP2-4.5,2072,0.3711876130690161
global,global,wind,mpi_esm1_2_lr,SSP2-4.5,2073,0.282736922970331
global,global,wind,mpi_esm1_2_lr,SSP2-4.5,2074,0.3049680672234448
global,global,wind,mpi_esm1_2_lr,SSP2-4.5,2075,0.265011824690708
global,global,wind,mpi_esm1_2_lr,SSP2-4.5,2076,0.24539518055887
global,global,wind,mpi_esm1_2_lr,SSP2-4.5,2077,0.236422589242186
global,global,wind,mpi_esm1_2_lr,SSP2-4.5,2078,0.4123981178645158
global,global,wind,mpi_esm1_2_lr,SSP2-4.5,2079,0.5148121280380776
global,global,wind,mpi_esm1_2_lr,SSP2-4.5,2080,0.4423447589663424
global,global,wind,mpi_esm1_2_lr,SSP2-4.5,2081,0.3237967038249634
global,global,wind,mpi_esm1_2_lr,SSP2-4.5,2082,0.2288635841411732
global,global,wind,mpi_esm1_2_lr,SSP2-4.5,2083,0.3354765890331319
global,global,wind,mpi_esm1_2_lr,SSP2-4.5,2084,0.3064327669803965
global,global,wind,mpi_esm1_2_lr,SSP2-4.5,2085,0.3376558156949113
global,global,wind,mpi_esm1_2_lr,SSP2-4.5,2086,0.3151766634376676
global,global,wind,mpi_esm1_2_lr,SSP2-4.5,2087,0.2028268850271541
global,global,wind,mpi_esm1_2_lr,SSP2-4.5,2088,0.3428498692972783
global,global,wind,mpi_esm1_2_lr,SSP2-4.5,2089,0.3103245157028581
global,global,wind,mpi_esm1_2_lr,SSP2-4.5,2090,0.3956996963001769
global,global,wind,mpi_esm1_2_lr,SSP2-4.5,2091,0.3356501213139193
global,global,wind,mpi_esm1_2_lr,SSP2-4.5,2092,0.2504335433853161
global,global,wind,mpi_esm1_2_lr,SSP2-4.5,2093,0.2597169324138354
global,global,wind,mpi_esm1_2_lr,SSP2-4.5,2094,0.2824514088580702
global,global,wind,mpi_esm1_2_lr,SSP2-4.5,2095,0.1997107356915495
global,global,wind,mpi_esm1_2_lr,SSP2-4.5,2096,0.2883632109046516
global,global,wind,mpi_esm1_2_lr,SSP2-4.5,2097,0.310808800965739
global,global,wind,mpi_esm1_2_lr,SSP2-4.5,2098,0.2594398338823467
global,global,wind,mpi_esm1_2_lr,SSP2-4.5,2099,0.2019877602550409
global,global,wind,mpi_esm1_2_lr,SSP2-4.5,2100,0.4076883306779756
global,global,wind,mpi_esm1_2_lr,SSP5-8.5,2015,0.2714994577954441
global,global,wind,mpi_esm1_2_lr,SSP5-8.5,2016,0.4494331882138022
global,global,wind,mpi_esm1_2_lr,SSP5-8.5,2017,0.2807269959390714
global,global,wind,mpi_esm1_2_lr,SSP5-8.5,2018,0.2892865521908593
global,global,wind,mpi_esm1_2_lr,SSP5-8.5,2019,0.2273139412039905
global,global,wind,mpi_esm1_2_lr,SSP5-8.5,2020,0.2327512132776633
global,global,wind,mpi_esm1_2_lr,SSP5-8.5,2021,0.3140399053869621
global,global,wind,mpi_esm1_2_lr,SSP5-8.5,2022,0.3756405111600581
global,global,wind,mpi_esm1_2_lr,SSP5-8.5,2023,0.3473630296966112
global,global,wind,mpi_esm1_2_lr,SSP5-8.5,2024,0.3277427224657535
global,global,wind,mpi_esm1_2_lr,SSP5-8.5,2025,0.3692024434969743
global,global,wind,mpi_esm1_2_lr,SSP5-8.5,2026,0.4596105905185877
global,global,wind,mpi_esm1_2_lr,SSP5-8.5,2027,0.2355864034810953
global,global,wind,mpi_esm1_2_lr,SSP5-8.5,2028,0.2712418182656707
global,global,wind,mpi_esm1_2_lr,SSP5-8.5,2029,0.2936985179343119
global,global,wind,mpi_esm1_2_lr,SSP5-8.5,2030,0.3655163540844155
global,global,wind,mpi_esm1_2_lr,SSP5-8.5,2031,0.4395846492315311
global,global,wind,mpi_esm1_2_lr,SSP5-8.5,2032,0.2041415141571383
global,global,wind,mpi_esm1_2_lr,SSP5-8.5,2033,0.3478837165044932
global,global,wind,mpi_esm1_2_lr,SSP5-8.5,2034,0.2874976563508771
global,global,wind,mpi_esm1_2_lr,SSP5-8.5,2035,0.298095159204747
global,global,wind,mpi_esm1_2_lr,SSP5-8.5,2036,0.29751245167592
global,global,wind,mpi_esm1_2_lr,SSP5-8.5,2037,0.192054712076418
global,global,wind,mpi_esm1_2_lr,SSP5-8.5,2038,0.2790399509857029
global,global,wind,mpi_esm1_2_lr,SSP5-8.5,2039,0.4282488364704976
global,global,wind,mpi_esm1_2_lr,SSP5-8.5,2040,0.1841407274865779
global,global,wind,mpi_esm1_2_lr,SSP5-8.5,2041,0.2759614020269956
global,global,wind,mpi_esm1_2_lr,SSP5-8.5,2042,0.2414653095249777
global,global,wind,mpi_esm1_2_lr,SSP5-8.5,2043,0.3562203224791159
global,global,wind,mpi_esm1_2_lr,SSP5-8.5,2044,0.3038823636959582
global,global,wind,mpi_esm1_2_lr,SSP5-8.5,2045,0.2946447042066884
global,global,wind,mpi_esm1_2_lr,SSP5-8.5,2046,0.278152743475492
global,global,wind,mpi_esm1_2_lr,SSP5-8.5,2047,0.2642574121423277
global,global,wind,mpi_esm1_2_lr,SSP5-8.5,2048,0.3355442422241304
global,global,wind,mpi_esm1_2_lr,SSP5-8.5,2049,0.2891133830182879
global,global,wind,mpi_esm1_2_lr,SSP5-8.5,2050,0.3718936488743202
global,global,wind,mpi_esm1_2_lr,SSP5-8.5,2051,0.3652468088543381
global,global,wind,mpi_esm1_2_lr,SSP5-8.5,2052,0.4037453083553086
global,global,wind,mpi_esm1_2_lr,SSP5-8.5,2053,0.2379962475562915
global,global,wind,mpi_esm1_2_lr,SSP5-8.5,2054,0.2684479091590402
global,global,wind,mpi_esm1_2_lr,SSP5-8.5,2055,0.3495404665076237
global,global,wind,mpi_esm1_2_lr,SSP5-8.5,2056,0.314627272602409
global,global,wind,mpi_esm1_2_lr,SSP5-8.5,2057,0.2583350646206821
global,global,wind,mpi_esm1_2_lr,SSP5-8.5,2058,0.3793345139911931
global,global,wind,mpi_esm1_2_lr,SSP5-8.5,2059,0.3237845119508743
global,global,wind,mpi_esm1_2_lr,SSP5-8.5,2060,0.2572449363519185
global,global,wind,mpi_esm1_2_lr,SSP5-8.5,2061,0.3533861636509863
global,global,wind,mpi_esm1_2_lr,SSP5-8.5,2062,0.2484896208952997
global,global,wind,mpi_esm1_2_lr,SSP5-8.5,2063,0.334957568128078
global,global,wind,mpi_esm1_2_lr,SSP5-8.5,2064,0.2603965818736747
global,global,wind,mpi_esm1_2_lr,SSP5-8.5,2065,0.3805533194334096
global,global,wind,mpi_esm1_2_lr,SSP5-8.5,2066,0.2415812393314044
global,global,wind,mpi_esm1_2_lr,SSP5-8.5,2067,0.3750920910722902
global,global,wind,mpi_esm1_2_lr,SSP5-8.5,2068,0.2596536038767884
global,global,wind,mpi_esm1_2_lr,SSP5-8.5,2069,0.2761943089910257
global,global,wind,mpi_esm1_2_lr,SSP5-8.5,2070,0.195610316764872
global,global,wind,mpi_esm1_2_lr,SSP5-8.5,2071,0.2479033237118879
global,global,wind,mpi_esm1_2_lr,SSP5-8.5,2072,0.420070414174892
global,global,wind,mpi_esm1_2_lr,SSP5-8.5,2073,0.2248105884318049
global,global,wind,mpi_esm1_2_lr,SSP5-8.5,2074,0.2921619573890983
global,global,wind,mpi_esm1_2_lr,SSP5-8.5,2075,0.4895948080792753
global,global,wind,mpi_esm1_2_lr,SSP5-8.5,2076,0.319183845134614
global,global,wind,mpi_esm1_2_lr,SSP5-8.5,2077,0.2445201227472292
global,global,wind,mpi_esm1_2_lr,SSP5-8.5,2078,0.1856805214952885
global,global,wind,mpi_esm1_2_lr,SSP5-8.5,2079,0.271136610856032
global,global,wind,mpi_esm1_2_lr,SSP5-8.5,2080,0.26965728832172
global,global,wind,mpi_esm1_2_lr,SSP5-8.5,2081,0.2565875734984786
global,global,wind,mpi_esm1_2_lr,SSP5-8.5,2082,0.3555795708054223
global,global,wind,mpi_esm1_2_lr,SSP5-8.5,2083,0.2841182008364157
global,global,wind,mpi_esm1_2_lr,SSP5-8.5,2084,0.3226653223913487
global,global,wind,mpi_esm1_2_lr,SSP5-8.5,2085,0.2689443036272889
global,global,wind,mpi_esm1_2_lr,SSP5-8.5,2086,0.2467390950353348
global,global,wind,mpi_esm1_2_lr,SSP5-8.5,2087,0.2082581751555861
global,global,wind,mpi_esm1_2_lr,SSP5-8.5,2088,0.1799540658498856
global,global,wind,mpi_esm1_2_lr,SSP5-8.5,2089,0.1716653127321477
global,global,wind,mpi_esm1_2_lr,SSP5-8.5,2090,0.3398212863431041
global,global,wind,mpi_esm1_2_lr,SSP5-8.5,2091,0.295479779991101
global,global,wind,mpi_esm1_2_lr,SSP5-8.5,2092,0.3016581373984338
global,global,wind,mpi_esm1_2_lr,SSP5-8.5,2093,0.2828481581735735
global,global,wind,mpi_esm1_2_lr,SSP5-8.5,2094,0.4022525893282867
global,global,wind,mpi_esm1_2_lr,SSP5-8.5,2095,0.2922225088215468
global,global,wind,mpi_esm1_2_lr,SSP5-8.5,2096,0.3366397047774106
global,global,wind,mpi_esm1_2_lr,SSP5-8.5,2097,0.3751775285575466
global,global,wind,mpi_esm1_2_lr,SSP5-8.5,2098,0.3013478734432547
global,global,wind,mpi_esm1_2_lr,SSP5-8.5,2099,0.284847685451681
global,global,wind,mpi_esm1_2_lr,SSP5-8.5,2100,0.2981935124920359
global,global,wind,mri_esm2_0,SSP1-2.6,2015,0.2703786767180158
global,global,wind,mri_esm2_0,SSP1-2.6,2016,0.2529434532775096
global,global,wind,mri_esm2_0,SSP1-2.6,2017,0.5025420225408376
global,global,wind,mri_esm2_0,SSP1-2.6,2018,0.4368191594800689
global,global,wind,mri_esm2_0,SSP1-2.6,2019,0.3286912814598556
global,global,wind,mri_esm2_0,SSP1-2.6,2020,0.3224076938282887
global,global,wind,mri_esm2_0,SSP1-2.6,2021,0.3211356524642001
global,global,wind,mri_esm2_0,SSP1-2.6,2022,0.3330397981444396
global,global,wind,mri_esm2_0,SSP1-2.6,2023,0.3225589697947584
global,global,wind,mri_esm2_0,SSP1-2.6,2024,0.3756123535796464
global,global,wind,mri_esm2_0,SSP1-2.6,2025,0.4426532340291574
global,global,wind,mri_esm2_0,SSP1-2.6,2026,0.3993623229567146
global,global,wind,mri_esm2_0,SSP1-2.6,2027,0.3700578921718302
global,global,wind,mri_esm2_0,SSP1-2.6,2028,0.4139750185284683
global,global,wind,mri_esm2_0,SSP1-2.6,2029,0.3698906053894976
global,global,wind,mri_esm2_0,SSP1-2.6,2030,0.3452451313672075
global,global,wind,mri_esm2_0,SSP1-2.6,2031,0.3515143641726576
global,global,wind,mri_esm2_0,SSP1-2.6,2032,0.2916672235254003
global,global,wind,mri_esm2_0,SSP1-2.6,2033,0.4123915802484612
global,global,wind,mri_esm2_0,SSP1-2.6,2034,0.4483261845932192
global,global,wind,mri_esm2_0,SSP1-2.6,2035,0.4628044459729771
global,global,wind,mri_esm2_0,SSP1-2.6,2036,0.5956616261185913
global,global,wind,mri_esm2_0,SSP1-2.6,2037,0.370887198758297
global,global,wind,mri_esm2_0,SSP1-2.6,2038,0.2251091065634885
global,global,wind,mri_esm2_0,SSP1-2.6,2039,0.3188022617642387
global,global,wind,mri_esm2_0,SSP1-2.6,2040,0.3472690566809789
global,global,wind,mri_esm2_0,SSP1-2.6,2041,0.3649872293793565
global,global,wind,mri_esm2_0,SSP1-2.6,2042,0.3545844713748446
global,global,wind,mri_esm2_0,SSP1-2.6,2043,0.3183055800874617
global,global,wind,mri_esm2_0,SSP1-2.6,2044,0.4291810377649167
global,global,wind,mri_esm2_0,SSP1-2.6,2045,0.3118146510306312
global,global,wind,mri_esm2_0,SSP1-2.6,2046,0.4329149873439012
global,global,wind,mri_esm2_0,SSP1-2.6,2047,0.4889320200146236
global,global,wind,mri_esm2_0,SSP1-2.6,2048,0.4208512156356792
global,global,wind,mri_esm2_0,SSP1-2.6,2049,0.4034553949379577
global,global,wind,mri_esm2_0,SSP1-2.6,2050,0.3993943335947163
global,global,wind,mri_esm2_0,SSP1-2.6,2051,0.4542686320997703
global,global,wind,mri_esm2_0,SSP1-2.6,2052,0.3568585282378164
global,global,wind,mri_esm2_0,SSP1-2.6,2053,0.3843247589068119
global,global,wind,mri_esm2_0,SSP1-2.6,2054,0.42330005143687
global,global,wind,mri_esm2_0,SSP1-2.6,2055,0.3820852487650765
global,global,wind,mri_esm2_0,SSP1-2.6,2056,0.2397759797486202
global,global,wind,mri_esm2_0,SSP1-2.6,2057,0.4827293797050584
global,global,wind,mri_esm2_0,SSP1-2.6,2058,0.4437897514357654
global,global,wind,mri_esm2_0,SSP1-2.6,2059,0.3788822045994773
global,global,wind,mri_esm2_0,SSP1-2.6,2060,0.3651923218721404
global,global,wind,mri_esm2_0,SSP1-2.6,2061,0.2328990558649174
global,global,wind,mri_esm2_0,SSP1-2.6,2062,0.2905077285430263
global,global,wind,mri_esm2_0,SSP1-2.6,2063,0.277013936675221
global,global,wind,mri_esm2_0,SSP1-2.6,2064,0.5355517690559539
global,global,wind,mri_esm2_0,SSP1-2.6,2065,0.4187758180737217
global,global,wind,mri_esm2_0,SSP1-2.6,2066,0.5067052743096974
global,global,wind,mri_esm2_0,SSP1-2.6,2067,0.4563921275843655
global,global,wind,mri_esm2_0,SSP1-2.6,2068,0.3240007059280644
global,global,wind,mri_esm2_0,SSP1-2.6,2069,0.3713403221786575
global,global,wind,mri_esm2_0,SSP1-2.6,2070,0.3180762101307645
global,global,wind,mri_esm2_0,SSP1-2.6,2071,0.3920691287333452
global,global,wind,mri_esm2_0,SSP1-2.6,2072,0.5886061794833325
global,global,wind,mri_esm2_0,SSP1-2.6,2073,0.2903062266089915
global,global,wind,mri_esm2_0,SSP1-2.6,2074,0.4202719698231392
global,global,wind,mri_esm2_0,SSP1-2.6,2075,0.4045797520622944
global,global,wind,mri_esm2_0,SSP1-2.6,2076,0.4384148509270553
global,global,wind,mri_esm2_0,SSP1-2.6,2077,0.3432559295911981
global,global,wind,mri_esm2_0,SSP1-2.6,2078,0.2712744904675378
global,global,wind,mri_esm2_0,SSP1-2.6,2079,0.3353601054328323
global,global,wind,mri_esm2_0,SSP1-2.6,2080,0.3326692567418816
global,global,wind,mri_esm2_0,SSP1-2.6,2081,0.4799516965081744
global,global,wind,mri_esm2_0,SSP1-2.6,2082,0.3484469270333414
global,global,wind,mri_esm2_0,SSP1-2.6,2083,0.3943289592591289
global,global,wind,mri_esm2_0,SSP1-2.6,2084,0.2767805930826221
global,global,wind,mri_esm2_0,SSP1-2.6,2085,0.3782267772161615
global,global,wind,mri_esm2_0,SSP1-2.6,2086,0.3437538547368421
global,global,wind,mri_esm2_0,SSP1-2.6,2087,0.355917318496723
global,global,wind,mri_esm2_0,SSP1-2.6,2088,0.4041720961138804
global,global,wind,mri_esm2_0,SSP1-2.6,2089,0.3548670502008919
global,global,wind,mri_esm2_0,SSP1-2.6,2090,0.3200335793902762
global,global,wind,mri_esm2_0,SSP1-2.6,2091,0.4040934503101855
global,global,wind,mri_esm2_0,SSP1-2.6,2092,0.3028553821666868
global,global,wind,mri_esm2_0,SSP1-2.6,2093,0.3961605434164355
global,global,wind,mri_esm2_0,SSP1-2.6,2094,0.5253438152395254
global,global,wind,mri_esm2_0,SSP1-2.6,2095,0.3906331716644879
global,global,wind,mri_esm2_0,SSP1-2.6,2096,0.2813946105730522
global,global,wind,mri_esm2_0,SSP1-2.6,2097,0.3761577719641979
global,global,wind,mri_esm2_0,SSP1-2.6,2098,0.2902921534882026
global,global,wind,mri_esm2_0,SSP1-2.6,2099,0.4001544157111429
global,global,wind,mri_esm2_0,SSP1-2.6,2100,0.3222304829293279
global,global,wind,mri_esm2_0,SSP2-4.5,2015,0.2572190953522845
global,global,wind,mri_esm2_0,SSP2-4.5,2016,0.3647874003588731
global,global,wind,mri_esm2_0,SSP2-4.5,2017,0.3405840833898939
global,global,wind,mri_esm2_0,SSP2-4.5,2018,0.4702283949010839
global,global,wind,mri_esm2_0,SSP2-4.5,2019,0.2698392250858029
global,global,wind,mri_esm2_0,SSP2-4.5,2020,0.3456929479985105
global,global,wind,mri_esm2_0,SSP2-4.5,2021,0.2271705697716216
global,global,wind,mri_esm2_0,SSP2-4.5,2022,0.3532368206515057
global,global,wind,mri_esm2_0,SSP2-4.5,2023,0.4318234665820918
global,global,wind,mri_esm2_0,SSP2-4.5,2024,0.4112724176816837
global,global,wind,mri_esm2_0,SSP2-4.5,2025,0.2780841459223456
global,global,wind,mri_esm2_0,SSP2-4.5,2026,0.3688619165563997
global,global,wind,mri_esm2_0,SSP2-4.5,2027,0.2875257562474689
global,global,wind,mri_esm2_0,SSP2-4.5,2028,0.3118030255012347
global,global,wind,mri_esm2_0,SSP2-4.5,2029,0.2632087712577176
global,global,wind,mri_esm2_0,SSP2-4.5,2030,0.4026442521490688
global,global,wind,mri_esm2_0,SSP2-4.5,2031,0.3333125203478127
global,global,wind,mri_esm2_0,SSP2-4.5,2032,0.2816603172083723
global,global,wind,mri_esm2_0,SSP2-4.5,2033,0.3982135205521669
global,global,wind,mri_esm2_0,SSP2-4.5,2034,0.3101781504998217
global,global,wind,mri_esm2_0,SSP2-4.5,2035,0.4447844418023289
global,global,wind,mri_esm2_0,SSP2-4.5,2036,0.2604462101956794
global,global,wind,mri_esm2_0,SSP2-4.5,2037,0.4237091595603529
global,global,wind,mri_esm2_0,SSP2-4.5,2038,0.2366685482940327
global,global,wind,mri_esm2_0,SSP2-4.5,2039,0.3228255145313576
global,global,wind,mri_esm2_0,SSP2-4.5,2040,0.3324699198692111
global,global,wind,mri_esm2_0,SSP2-4.5,2041,0.3176207813374693
global,global,wind,mri_esm2_0,SSP2-4.5,2042,0.2409088349817076
global,global,wind,mri_esm2_0,SSP2-4.5,2043,0.2378539518415814
global,global,wind,mri_esm2_0,SSP2-4.5,2044,0.3360513286831487
global,global,wind,mri_esm2_0,SSP2-4.5,2045,0.2855718517190719
global,global,wind,mri_esm2_0,SSP2-4.5,2046,0.2477216349616192
global,global,wind,mri_esm2_0,SSP2-4.5,2047,0.3023244926570081
global,global,wind,mri_esm2_0,SSP2-4.5,2048,0.4104767980405738
global,global,wind,mri_esm2_0,SSP2-4.5,2049,0.3906404262761239
global,global,wind,mri_esm2_0,SSP2-4.5,2050,0.3667910667787955
global,global,wind,mri_esm2_0,SSP2-4.5,2051,0.3108086285192248
global,global,wind,mri_esm2_0,SSP2-4.5,2052,0.345361761575424
global,global,wind,mri_esm2_0,SSP2-4.5,2053,0.3735527245951516
global,global,wind,mri_esm2_0,SSP2-4.5,2054,0.3404709546940078
global,global,wind,mri_esm2_0,SSP2-4.5,2055,0.3829944660486474
global,global,wind,mri_esm2_0,SSP2-4.5,2056,0.3266731143877588
global,global,wind,mri_esm2_0,SSP2-4.5,2057,0.2964074865023559
global,global,wind,mri_esm2_0,SSP2-4.5,2058,0.2950764223768056
global,global,wind,mri_esm2_0,SSP2-4.5,2059,0.2093277216735674
global,global,wind,mri_esm2_0,SSP2-4.5,2060,0.4357876528157243
global,global,wind,mri_esm2_0,SSP2-4.5,2061,0.3386175134137711
global,global,wind,mri_esm2_0,SSP2-4.5,2062,0.3507789632577979
global,global,wind,mri_esm2_0,SSP2-4.5,2063,0.3156447093829805
global,global,wind,mri_esm2_0,SSP2-4.5,2064,0.3135035084834361
global,global,wind,mri_esm2_0,SSP2-4.5,2065,0.3599304823426226
global,global,wind,mri_esm2_0,SSP2-4.5,2066,0.2609804629960965
global,global,wind,mri_esm2_0,SSP2-4.5,2067,0.4385556426192289
global,global,wind,mri_esm2_0,SSP2-4.5,2068,0.2999656154429883
global,global,wind,mri_esm2_0,SSP2-4.5,2069,0.3351949313117939
global,global,wind,mri_esm2_0,SSP2-4.5,2070,0.2471761215795617
global,global,wind,mri_esm2_0,SSP2-4.5,2071,0.2335062421061354
global,global,wind,mri_esm2_0,SSP2-4.5,2072,0.4086979564509828
global,global,wind,mri_esm2_0,SSP2-4.5,2073,0.3122631609319128
global,global,wind,mri_esm2_0,SSP2-4.5,2074,0.3054806237978455
global,global,wind,mri_esm2_0,SSP2-4.5,2075,0.4403798558998326
global,global,wind,mri_esm2_0,SSP2-4.5,2076,0.2860340504083419
global,global,wind,mri_esm2_0,SSP2-4.5,2077,0.3386649323170785
global,global,wind,mri_esm2_0,SSP2-4.5,2078,0.5799860661115592
global,global,wind,mri_esm2_0,SSP2-4.5,2079,0.4077283170948353
global,global,wind,mri_esm2_0,SSP2-4.5,2080,0.5644766662278344
global,global,wind,mri_esm2_0,SSP2-4.5,2081,0.2190106687214921
global,global,wind,mri_esm2_0,SSP2-4.5,2082,0.3624359073624034
global,global,wind,mri_esm2_0,SSP2-4.5,2083,0.702284781282672
global,global,wind,mri_esm2_0,SSP2-4.5,2084,0.3033959798170026
global,global,wind,mri_esm2_0,SSP2-4.5,2085,0.4065157141985703
global,global,wind,mri_esm2_0,SSP2-4.5,2086,0.3759202091716871
global,global,wind,mri_esm2_0,SSP2-4.5,2087,0.3621149050127255
global,global,wind,mri_esm2_0,SSP2-4.5,2088,0.4729965879978885
global,global,wind,mri_esm2_0,SSP2-4.5,2089,0.3323281032420425
global,global,wind,mri_esm2_0,SSP2-4.5,2090,0.2793154398594118
global,global,wind,mri_esm2_0,SSP2-4.5,2091,0.4716753217387619
global,global,wind,mri_esm2_0,SSP2-4.5,2092,0.3525243929860879
global,global,wind,mri_esm2_0,SSP2-4.5,2093,0.2985791876712082
global,global,wind,mri_esm2_0,SSP2-4.5,2094,0.4309711931839754
global,global,wind,mri_esm2_0,SSP2-4.5,2095,0.2835544748807016
global,global,wind,mri_esm2_0,SSP2-4.5,2096,0.3351639626296021
global,global,wind,mri_esm2_0,SSP2-4.5,2097,0.4074813851709393
global,global,wind,mri_esm2_0,SSP2-4.5,2098,0.4059540892322171
global,global,wind,mri_esm2_0,SSP2-4.5,2099,0.2439560177733105
global,global,wind,mri_esm2_0,SSP2-4.5,2100,0.3339235477903284
global,global,wind,mri_esm2_0,SSP5-8.5,2015,0.3123488172710671
global,global,wind,mri_esm2_0,SSP5-8.5,2016,0.3806663087135877
global,global,wind,mri_esm2_0,SSP5-8.5,2017,0.339825459816045
global,global,wind,mri_esm2_0,SSP5-8.5,2018,0.3793294709241092
global,global,wind,mri_esm2_0,SSP5-8.5,2019,0.275744421086885
global,global,wind,mri_esm2_0,SSP5-8.5,2020,0.3676509360478291
global,global,wind,mri_esm2_0,SSP5-8.5,2021,0.3999060190506867
global,global,wind,mri_esm2_0,SSP5-8.5,2022,0.3847741624505995
global,global,wind,mri_esm2_0,SSP5-8.5,2023,0.3087317647447439
global,global,wind,mri_esm2_0,SSP5-8.5,2024,0.4414706292588088
global,global,wind,mri_esm2_0,SSP5-8.5,2025,0.3739663568284947
global,global,wind,mri_esm2_0,SSP5-8.5,2026,0.4901024761259926
global,global,wind,mri_esm2_0,SSP5-8.5,2027,0.335060533863592
global,global,wind,mri_esm2_0,SSP5-8.5,2028,0.3445042441973144
global,global,wind,mri_esm2_0,SSP5-8.5,2029,0.3212937944279994
global,global,wind,mri_esm2_0,SSP5-8.5,2030,0.2802226448444373
global,global,wind,mri_esm2_0,SSP5-8.5,2031,0.2155364209154267
global,global,wind,mri_esm2_0,SSP5-8.5,2032,0.3800653315677234
global,global,wind,mri_esm2_0,SSP5-8.5,2033,0.2887598264773561
global,global,wind,mri_esm2_0,SSP5-8.5,2034,0.4042944874522493
global,global,wind,mri_esm2_0,SSP5-8.5,2035,0.4610412310784014
global,global,wind,mri_esm2_0,SSP5-8.5,2036,0.3540198018105371
global,global,wind,mri_esm2_0,SSP5-8.5,2037,0.3546803708036192
global,global,wind,mri_esm2_0,SSP5-8.5,2038,0.2822321680931496
global,global,wind,mri_esm2_0,SSP5-8.5,2039,0.3848231750330642
global,global,wind,mri_esm2_0,SSP5-8.5,2040,0.3959404473480715
global,global,wind,mri_esm2_0,SSP5-8.5,2041,0.3593091733632089
global,global,wind,mri_esm2_0,SSP5-8.5,2042,0.3948941699330905
global,global,wind,mri_esm2_0,SSP5-8.5,2043,0.3938801780709918
global,global,wind,mri_esm2_0,SSP5-8.5,2044,0.2551879749748652
global,global,wind,mri_esm2_0,SSP5-8.5,2045,0.3138014755950735
global,global,wind,mri_esm2_0,SSP5-8.5,2046,0.3181417374639925
global,global,wind,mri_esm2_0,SSP5-8.5,2047,0.2482441634586757
global,global,wind,mri_esm2_0,SSP5-8.5,2048,0.2410069666074356
global,global,wind,mri_esm2_0,SSP5-8.5,2049,0.3233629603812057
global,global,wind,mri_esm2_0,SSP5-8.5,2050,0.355440494478159
global,global,wind,mri_esm2_0,SSP5-8.5,2051,0.2939215678297948
global,global,wind,mri_esm2_0,SSP5-8.5,2052,0.3704738833531105
global,global,wind,mri_esm2_0,SSP5-8.5,2053,0.3045889950465136
global,global,wind,mri_esm2_0,SSP5-8.5,2054,0.367593259999975
global,global,wind,mri_esm2_0,SSP5-8.5,2055,0.3743340288688274
global,global,wind,mri_esm2_0,SSP5-8.5,2056,0.3539707241224734
global,global,wind,mri_esm2_0,SSP5-8.5,2057,0.2921189885674712
global,global,wind,mri_esm2_0,SSP5-8.5,2058,0.4274571483714754
global,global,wind,mri_esm2_0,SSP5-8.5,2059,0.4471480581624945
global,global,wind,mri_esm2_0,SSP5-8.5,2060,0.2435485476655319
global,global,wind,mri_esm2_0,SSP5-8.5,2061,0.3425036172912915
global,global,wind,mri_esm2_0,SSP5-8.5,2062,0.2925966823077516
global,global,wind,mri_esm2_0,SSP5-8.5,2063,0.2892538117767474
global,global,wind,mri_esm2_0,SSP5-8.5,2064,0.4013137399833445
global,global,wind,mri_esm2_0,SSP5-8.5,2065,0.4225536021516436
global,global,wind,mri_esm2_0,SSP5-8.5,2066,0.4104283022459814
global,global,wind,mri_esm2_0,SSP5-8.5,2067,0.3477925448617706
global,global,wind,mri_esm2_0,SSP5-8.5,2068,0.3540219258822026
global,global,wind,mri_esm2_0,SSP5-8.5,2069,0.2941016547328685
global,global,wind,mri_esm2_0,SSP5-8.5,2070,0.3423222014783889
global,global,wind,mri_esm2_0,SSP5-8.5,2071,0.3313190643738601
global,global,wind,mri_esm2_0,SSP5-8.5,2072,0.2908048562580342
global,global,wind,mri_esm2_0,SSP5-8.5,2073,0.4155461712734377
global,global,wind,mri_esm2_0,SSP5-8.5,2074,0.4517141703205387
global,global,wind,mri_esm2_0,SSP5-8.5,2075,0.2920629706988051
global,global,wind,mri_esm2_0,SSP5-8.5,2076,0.3321696398256373
global,global,wind,mri_esm2_0,SSP5-8.5,2077,0.4251694139457315
global,global,wind,mri_esm2_0,SSP5-8.5,2078,0.4532409960934856
global,global,wind,mri_esm2_0,SSP5-8.5,2079,0.3864524956160467
global,global,wind,mri_esm2_0,SSP5-8.5,2080,0.5691600005317271
global,global,wind,mri_esm2_0,SSP5-8.5,2081,0.2409449819089228
global,global,wind,mri_esm2_0,SSP5-8.5,2082,0.2838039143141332
global,global,wind,mri_esm2_0,SSP5-8.5,2083,0.3565454038271649
global,global,wind,mri_esm2_0,SSP5-8.5,2084,0.2387094416449188
global,global,wind,mri_esm2_0,SSP5-8.5,2085,0.3447308136801308
global,global,wind,mri_esm2_0,SSP5-8.5,2086,0.2940143623217827
global,global,wind,mri_esm2_0,SSP5-8.5,2087,0.3626025141620567
global,global,wind,mri_esm2_0,SSP5-8.5,2088,0.4334694979376863
global,global,wind,mri_esm2_0,SSP5-8.5,2089,0.2870548455756501
global,global,wind,mri_esm2_0,SSP5-8.5,2090,0.3735949736179256
global,global,wind,mri_esm2_0,SSP5-8.5,2091,0.2996054967312946
global,global,wind,mri_esm2_0,SSP5-8.5,2092,0.3139002533712257
global,global,wind,mri_esm2_0,SSP5-8.5,2093,0.2700691880904379
global,global,wind,mri_esm2_0,SSP5-8.5,2094,0.296346534197097
global,global,wind,mri_esm2_0,SSP5-8.5,2095,0.4647683089268549
global,global,wind,mri_esm2_0,SSP5-8.5,2096,0.3131995817751383
global,global,wind,mri_esm2_0,SSP5-8.5,2097,0.5400031151433952
global,global,wind,mri_esm2_0,SSP5-8.5,2098,0.2936748829877909
global,global,wind,mri_esm2_0,SSP5-8.5,2099,0.2079695994391453
global,global,wind,mri_esm2_0,SSP5-8.5,2100,0.3790176252124069
